   5.0000000e+02   1.4000000e+02   4.0000000e-02   3.0000000e-02   1.0000000e-09
   5.0000000e+02   1.4000000e+02   4.0000000e-02   3.0000000e-02   1.0000000e-09
   5.0000000e+02   1.4000000e+02   4.0000000e-02   3.0000000e-02   1.0000000e-09
   5.0000000e+02   1.4000000e+02   3.4431394e-02   3.0000000e-02   1.0000000e-09
   5.0000000e+02   1.4000000e+02   4.0000000e-02   3.0000000e-02   1.0000000e-09
   5.0000000e+02   1.4000000e+02   4.0000000e-02   3.0000000e-02   1.0000000e-09
   5.0000000e+02   1.4000000e+02   4.0000000e-02   3.0000000e-02   1.0000000e-09
   5.0000000e+02   1.4000000e+02   4.0000000e-02   3.0000000e-02   1.0000000e-09
   5.0000000e+02   1.4000000e+02   3.4431394e-02   3.0000000e-02   1.0000000e-09
   5.0000000e+02   1.4000000e+02   3.4431394e-02   3.0000000e-02   1.0000000e-09
   5.0000000e+02   1.4000000e+02   4.0000000e-02   3.0000000e-02   1.0000000e-09
   5.0000000e+02   1.4000000e+02   1.8843160e-02   3.0000000e-02   1.0000000e-09
   5.0000000e+02   1.4000000e+02   4.0000000e-02   3.0000000e-02   1.0000000e-09
   5.0000000e+02   1.4000000e+02   4.0000000e-02   3.0000000e-02   1.0000000e-09
   5.0000000e+02   1.4000000e+02   4.0000000e-02   3.0000000e-02   1.0000000e-09
   5.0000000e+02   1.4000000e+02   4.0000000e-02   3.0000000e-02   1.0000000e-09
   5.0000000e+02   1.4000000e+02   4.0000000e-02   3.0000000e-02   1.0000000e-09
   5.0000000e+02   1.4000000e+02   4.0000000e-02   3.0000000e-02   1.0000000e-09
   5.0000000e+02   1.4000000e+02   4.0000000e-02   3.0000000e-02   1.0000000e-09
   5.0000000e+02   1.4000000e+02   4.0000000e-02   3.0000000e-02   1.0000000e-09
   5.0000000e+02   1.4000000e+02   4.0000000e-02   3.0000000e-02   1.0000000e-09
   5.0000000e+02   1.4000000e+02   4.0000000e-02   3.0000000e-02   1.0000000e-09
   5.0000000e+02   1.4000000e+02   4.0000000e-02   3.0000000e-02   1.0000000e-09
   5.0000000e+02   1.4000000e+02   4.0000000e-02   3.0000000e-02   1.0000000e-09
   5.0000000e+02   1.4000000e+02   4.0000000e-02   3.0000000e-02   1.0000000e-09
   5.0000000e+02   1.4000000e+02   4.0000000e-02   3.0000000e-02   1.0000000e-09
   5.0000000e+02   1.4000000e+02   4.0000000e-02   3.0000000e-02   1.0000000e-09
   5.0000000e+02   1.4000000e+02   4.0000000e-02   3.0000000e-02   1.0000000e-09
   5.0000000e+02   1.4000000e+02   4.0000000e-02   3.0000000e-02   1.0000000e-09
   5.0000000e+02   1.4000000e+02   4.0000000e-02   3.0000000e-02   1.0000000e-09
   5.0000000e+02   1.4000000e+02   4.0000000e-02   3.0000000e-02   1.0000000e-09
   5.0000000e+02   1.4000000e+02   4.0000000e-02   3.0000000e-02   1.0000000e-09
   5.0000000e+02   1.4000000e+02   4.0000000e-02   3.0000000e-02   1.0000000e-09
   5.0000000e+02   1.4000000e+02   4.0000000e-02   3.0000000e-02   1.0000000e-09
   5.0000000e+02   1.4000000e+02   4.0000000e-02   3.0000000e-02   1.0000000e-09
   5.0000000e+02   1.4000000e+02   4.0000000e-02   3.0000000e-02   1.0000000e-09
   5.0000000e+02   1.4000000e+02   4.0000000e-02   3.0000000e-02   1.0000000e-09
   5.0000000e+02   1.4000000e+02   4.0000000e-02   3.0000000e-02   1.0000000e-09
   5.0000000e+02   1.4000000e+02   4.0000000e-02   3.0000000e-02   1.0000000e-09
   5.0000000e+02   1.4000000e+02   4.0000000e-02   3.0000000e-02   1.0000000e-09
   5.0000000e+02   1.4000000e+02   4.0000000e-02   3.0000000e-02   1.0000000e-09
   5.0000000e+02   1.4000000e+02   4.0000000e-02   3.0000000e-02   1.0000000e-09
   5.0000000e+02   1.4000000e+02   4.0000000e-02   3.0000000e-02   1.0000000e-09
   5.0000000e+02   1.4000000e+02   4.0000000e-02   3.0000000e-02   1.0000000e-09
   5.0000000e+02   1.4000000e+02   4.0000000e-02   3.0000000e-02   1.0000000e-09
   5.0000000e+02   1.4000000e+02   4.0000000e-02   3.0000000e-02   1.0000000e-09
   5.0000000e+02   1.4000000e+02   4.0000000e-02   3.0000000e-02   1.0000000e-09
   5.0000000e+02   1.4000000e+02   4.0000000e-02   3.0000000e-02   1.0000000e-09
   5.0000000e+02   1.4000000e+02   4.0000000e-02   3.0000000e-02   1.0000000e-09
   5.0000000e+02   1.4000000e+02   4.0000000e-02   3.0000000e-02   1.0000000e-09
   5.0000000e+02   1.4000000e+02   1.8843160e-02   3.0000000e-02   1.0000000e-09
   5.0000000e+02   1.4000000e+02   4.0000000e-02   3.0000000e-02   1.0000000e-09
   5.0000000e+02   1.4000000e+02   4.0000000e-02   3.0000000e-02   1.0000000e-09
   5.0000000e+02   1.4000000e+02   3.4431394e-02   3.0000000e-02   1.0000000e-09
   5.0000000e+02   1.4000000e+02   3.4431394e-02   3.0000000e-02   1.0000000e-09
   5.0000000e+02   1.4000000e+02   3.4431394e-02   3.0000000e-02   1.0000000e-09
   5.0000000e+02   1.4000000e+02   3.4431394e-02   3.0000000e-02   1.0000000e-09
   5.0000000e+02   1.4000000e+02   4.0000000e-02   3.0000000e-02   1.0000000e-09
   5.0000000e+02   1.4000000e+02   3.4431394e-02   3.0000000e-02   1.0000000e-09
   5.0000000e+02   1.4000000e+02   3.4431394e-02   3.0000000e-02   1.0000000e-09
   5.0000000e+02   1.4000000e+02   4.0000000e-02   3.0000000e-02   1.0000000e-09
   5.0000000e+02   1.4000000e+02   3.4431394e-02   3.0000000e-02   1.0000000e-09
   5.0000000e+02   1.4000000e+02   3.4431394e-02   3.0000000e-02   1.0000000e-09
   5.0000000e+02   1.4000000e+02   4.0000000e-02   3.0000000e-02   1.0000000e-09
   5.0000000e+02   1.4000000e+02   3.4431394e-02   3.0000000e-02   1.0000000e-09
   5.0000000e+02   1.4000000e+02   4.0000000e-02   3.0000000e-02   1.0000000e-09
   5.0000000e+02   1.4000000e+02   4.0000000e-02   3.0000000e-02   1.0000000e-09
   5.0000000e+02   1.4000000e+02   3.4431394e-02   3.0000000e-02   1.0000000e-09
   5.0000000e+02   1.4000000e+02   3.4431394e-02   3.0000000e-02   1.0000000e-09
   5.0000000e+02   1.4000000e+02   4.0000000e-02   3.0000000e-02   1.0000000e-09
   5.0000000e+02   1.4000000e+02   4.0000000e-02   3.0000000e-02   1.0000000e-09
   5.0000000e+02   1.4000000e+02   3.4431394e-02   3.0000000e-02   1.0000000e-09
   5.0000000e+02   1.4000000e+02   3.4431394e-02   3.0000000e-02   1.0000000e-09
   5.0000000e+02   1.4000000e+02   4.0000000e-02   3.0000000e-02   1.0000000e-09
   5.0000000e+02   1.4000000e+02   4.0000000e-02   3.0000000e-02   1.0000000e-09
   5.0000000e+02   1.4000000e+02   3.4431394e-02   3.0000000e-02   1.0000000e-09
   5.0000000e+02   1.4000000e+02   3.4431394e-02   3.0000000e-02   1.0000000e-09
   5.0000000e+02   1.4000000e+02   4.0000000e-02   3.0000000e-02   1.0000000e-09
   5.0000000e+02   1.4000000e+02   4.0000000e-02   3.0000000e-02   1.0000000e-09
   5.0000000e+02   1.4000000e+02   3.4431394e-02   3.0000000e-02   1.0000000e-09
   5.0000000e+02   1.4000000e+02   4.0000000e-02   3.0000000e-02   1.0000000e-09
   5.0000000e+02   1.4000000e+02   3.4431394e-02   3.0000000e-02   1.0000000e-09
   5.0000000e+02   1.4000000e+02   4.0000000e-02   3.0000000e-02   1.0000000e-09
   5.0000000e+02   1.4000000e+02   3.4431394e-02   3.0000000e-02   1.0000000e-09
   5.0000000e+02   1.4000000e+02   4.0000000e-02   3.0000000e-02   1.0000000e-09
   5.0000000e+02   1.4000000e+02   3.4431394e-02   3.0000000e-02   1.0000000e-09
   5.0000000e+02   1.4000000e+02   4.0000000e-02   3.0000000e-02   1.0000000e-09
   5.0000000e+02   1.4000000e+02   3.4431394e-02   3.0000000e-02   1.0000000e-09
   5.0000000e+02   1.4000000e+02   4.0000000e-02   3.0000000e-02   1.0000000e-09
   5.0000000e+02   1.4000000e+02   4.0000000e-03   3.0000000e-02   1.0000000e-09
   5.0000000e+02   1.4000000e+02   4.0000000e-02   3.0000000e-02   1.0000000e-09
   5.0000000e+02   1.4000000e+02   4.0000000e-03   3.0000000e-02   1.0000000e-09
   5.0000000e+02   1.4000000e+02   4.0000000e-02   3.0000000e-02   1.0000000e-09
   5.0000000e+02   1.4000000e+02   4.0000000e-03   3.0000000e-02   1.0000000e-09
   5.0000000e+02   1.4000000e+02   4.0000000e-02   3.0000000e-02   1.0000000e-09
   5.0000000e+02   1.4000000e+02   4.0000000e-03   3.0000000e-02   1.0000000e-09
   5.0000000e+02   1.4000000e+02   4.0000000e-02   3.0000000e-02   1.0000000e-09
   5.0000000e+02   1.4000000e+02   4.0000000e-03   3.0000000e-02   1.0000000e-09
   5.0000000e+02   1.4000000e+02   4.0000000e-02   3.0000000e-02   1.0000000e-09
   5.0000000e+02   1.4000000e+02   4.0000000e-02   3.0000000e-02   1.0000000e-09
   5.0000000e+02   1.4000000e+02   4.0000000e-02   3.0000000e-02   1.0000000e-09
   5.0000000e+02   1.4000000e+02   4.0000000e-02   3.0000000e-02   1.0000000e-09
   5.0000000e+02   1.4000000e+02   4.0000000e-02   3.0000000e-02   1.0000000e-09
   5.0000000e+02   1.4000000e+02   4.0000000e-02   3.0000000e-02   1.0000000e-09
   5.0000000e+02   1.4000000e+02   4.0000000e-02   3.0000000e-02   1.0000000e-09
   5.0000000e+02   1.4000000e+02   4.0000000e-02   3.0000000e-02   1.0000000e-09
   5.0000000e+02   1.4000000e+02   4.0000000e-02   3.0000000e-02   1.0000000e-09
   5.0000000e+02   1.4000000e+02   4.0000000e-02   3.0000000e-02   1.0000000e-09
   5.0000000e+02   1.4000000e+02   4.0000000e-02   3.0000000e-02   1.0000000e-09
   5.0000000e+02   1.4000000e+02   4.0000000e-02   3.0000000e-02   1.0000000e-09
   5.0000000e+02   1.4000000e+02   4.0000000e-02   3.0000000e-02   1.0000000e-09
   5.0000000e+02   1.4000000e+02   4.0000000e-02   3.0000000e-02   1.0000000e-09
   5.0000000e+02   1.4000000e+02   4.0000000e-02   3.0000000e-02   1.0000000e-09
   5.0000000e+02   1.4000000e+02   4.0000000e-02   3.0000000e-02   1.0000000e-09
   5.0000000e+02   1.4000000e+02   4.0000000e-02   3.0000000e-02   1.0000000e-09
   5.0000000e+02   1.4000000e+02   4.0000000e-02   3.0000000e-02   1.0000000e-09
   5.0000000e+02   1.4000000e+02   4.0000000e-02   3.0000000e-02   1.0000000e-09
   5.0000000e+02   1.4000000e+02   4.0000000e-02   3.0000000e-02   1.0000000e-09
   5.0000000e+02   1.4000000e+02   4.0000000e-02   3.0000000e-02   1.0000000e-09
   5.0000000e+02   1.4000000e+02   4.0000000e-02   3.0000000e-02   1.0000000e-09
   5.0000000e+02   1.4000000e+02   4.0000000e-02   3.0000000e-02   1.0000000e-09
   5.0000000e+02   1.4000000e+02   4.0000000e-02   3.0000000e-02   1.0000000e-09
   5.0000000e+02   1.4000000e+02   4.0000000e-02   3.0000000e-02   1.0000000e-09
   5.0000000e+02   1.4000000e+02   4.0000000e-02   3.0000000e-02   1.0000000e-09
   5.0000000e+02   1.4000000e+02   4.0000000e-02   3.0000000e-02   1.0000000e-09
   5.0000000e+02   1.4000000e+02   4.0000000e-02   3.0000000e-02   1.0000000e-09
   5.0000000e+02   1.4000000e+02   4.0000000e-02   3.0000000e-02   1.0000000e-09
   5.0000000e+02   1.4000000e+02   4.0000000e-02   3.0000000e-02   1.0000000e-09
   5.0000000e+02   1.4000000e+02   4.0000000e-02   3.0000000e-02   1.0000000e-09
   5.0000000e+02   1.4000000e+02   4.0000000e-02   3.0000000e-02   1.0000000e-09
   5.0000000e+02   1.4000000e+02   4.0000000e-02   3.0000000e-02   1.0000000e-09
   5.0000000e+02   1.4000000e+02   4.0000000e-02   3.0000000e-02   1.0000000e-09
   5.0000000e+02   1.4000000e+02   4.0000000e-02   3.0000000e-02   1.0000000e-09
   5.0000000e+02   1.4000000e+02   4.0000000e-02   3.0000000e-02   1.0000000e-09
   5.0000000e+02   1.4000000e+02   4.0000000e-02   3.0000000e-02   1.0000000e-09
   5.0000000e+02   1.4000000e+02   4.0000000e-02   3.0000000e-02   1.0000000e-09
   5.0000000e+02   1.4000000e+02   4.0000000e-02   3.0000000e-02   1.0000000e-09
   5.0000000e+02   1.4000000e+02   4.0000000e-02   3.0000000e-02   1.0000000e-09
   5.0000000e+02   1.4000000e+02   4.0000000e-02   3.0000000e-02   1.0000000e-09
   5.0000000e+02   1.4000000e+02   4.0000000e-02   3.0000000e-02   1.0000000e-09
   5.0000000e+02   1.4000000e+02   4.0000000e-02   3.0000000e-02   1.0000000e-09
   5.0000000e+02   1.4000000e+02   4.0000000e-02   3.0000000e-02   1.0000000e-09
   5.0000000e+02   1.4000000e+02   4.0000000e-02   3.0000000e-02   1.0000000e-09
   5.0000000e+02   1.4000000e+02   4.0000000e-02   3.0000000e-02   1.0000000e-09
   5.0000000e+02   1.4000000e+02   4.0000000e-02   3.0000000e-02   1.0000000e-09
   5.0000000e+02   1.4000000e+02   4.0000000e-02   3.0000000e-02   1.0000000e-09
   5.0000000e+02   1.4000000e+02   4.0000000e-02   3.0000000e-02   1.0000000e-09
   5.0000000e+02   1.4000000e+02   4.0000000e-02   3.0000000e-02   1.0000000e-09
   5.0000000e+02   1.4000000e+02   4.0000000e-02   3.0000000e-02   1.0000000e-09
   5.0000000e+02   1.4000000e+02   4.0000000e-02   3.0000000e-02   1.0000000e-09
   5.0000000e+02   1.4000000e+02   4.0000000e-02   3.0000000e-02   1.0000000e-09
   5.0000000e+02   1.4000000e+02   4.0000000e-02   3.0000000e-02   1.0000000e-09
   5.0000000e+02   1.4000000e+02   4.0000000e-02   3.0000000e-02   1.0000000e-09
   5.0000000e+02   1.4000000e+02   4.0000000e-02   3.0000000e-02   1.0000000e-09
   5.0000000e+02   1.4000000e+02   4.0000000e-02   3.0000000e-02   1.0000000e-09
   5.0000000e+02   1.4000000e+02   4.0000000e-02   3.0000000e-02   1.0000000e-09
   5.0000000e+02   1.4000000e+02   4.0000000e-03   3.0000000e-02   1.0000000e-09
   5.0000000e+02   1.4000000e+02   4.0000000e-02   3.0000000e-02   1.0000000e-09
   5.0000000e+02   1.4000000e+02   4.0000000e-02   3.0000000e-02   1.0000000e-09
   5.0000000e+02   1.4000000e+02   4.0000000e-02   3.0000000e-02   1.0000000e-09
   5.0000000e+02   1.4000000e+02   4.0000000e-02   3.0000000e-02   1.0000000e-09
   5.0000000e+02   1.4000000e+02   4.0000000e-02   3.0000000e-02   1.0000000e-09
   5.0000000e+02   1.4000000e+02   4.0000000e-02   3.0000000e-02   1.0000000e-09
   5.0000000e+02   1.4000000e+02   4.0000000e-02   3.0000000e-02   1.0000000e-09
   5.0000000e+02   1.4000000e+02   4.0000000e-02   3.0000000e-02   1.0000000e-09
   5.0000000e+02   1.4000000e+02   4.0000000e-02   3.0000000e-02   1.0000000e-09
   5.0000000e+02   1.4000000e+02   4.0000000e-02   3.0000000e-02   1.0000000e-09
   5.0000000e+02   1.4000000e+02   4.0000000e-02   3.0000000e-02   1.0000000e-09
   5.0000000e+02   1.4000000e+02   4.0000000e-02   3.0000000e-02   1.0000000e-09
   5.0000000e+02   1.4000000e+02   4.0000000e-02   3.0000000e-02   1.0000000e-09
   5.0000000e+02   1.4000000e+02   4.0000000e-02   3.0000000e-02   1.0000000e-09
   5.0000000e+02   1.4000000e+02   4.0000000e-02   3.0000000e-02   1.0000000e-09
   5.0000000e+02   1.4000000e+02   4.0000000e-02   3.0000000e-02   1.0000000e-09
   5.0000000e+02   1.4000000e+02   4.0000000e-02   3.0000000e-02   1.0000000e-09
   5.0000000e+02   1.4000000e+02   4.0000000e-02   3.0000000e-02   1.0000000e-09
   5.0000000e+02   1.4000000e+02   4.0000000e-02   3.0000000e-02   1.0000000e-09
   5.0000000e+02   1.4000000e+02   4.0000000e-02   3.0000000e-02   1.0000000e-09
   5.0000000e+02   1.4000000e+02   4.0000000e-02   3.0000000e-02   1.0000000e-09
   5.0000000e+02   1.4000000e+02   4.0000000e-02   3.0000000e-02   1.0000000e-09
   5.0000000e+02   1.4000000e+02   4.0000000e-02   3.0000000e-02   1.0000000e-09
   5.0000000e+02   1.4000000e+02   3.4431394e-02   3.0000000e-02   1.0000000e-09
   5.0000000e+02   1.4000000e+02   4.0000000e-02   3.0000000e-02   1.0000000e-09
   5.0000000e+02   1.4000000e+02   3.4431394e-02   3.0000000e-02   1.0000000e-09
   5.0000000e+02   1.4000000e+02   3.4431394e-02   3.0000000e-02   1.0000000e-09
   5.0000000e+02   1.4000000e+02   4.0000000e-02   3.0000000e-02   1.0000000e-09
   5.0000000e+02   1.4000000e+02   4.0000000e-02   3.0000000e-02   1.0000000e-09
   5.0000000e+02   1.4000000e+02   3.4431394e-02   3.0000000e-02   1.0000000e-09
   5.0000000e+02   1.4000000e+02   3.4431394e-02   3.0000000e-02   1.0000000e-09
   5.0000000e+02   1.4000000e+02   4.0000000e-02   3.0000000e-02   1.0000000e-09
   5.0000000e+02   1.4000000e+02   4.0000000e-02   3.0000000e-02   1.0000000e-09
   5.0000000e+02   1.4000000e+02   3.4431394e-02   3.0000000e-02   1.0000000e-09
   5.0000000e+02   1.4000000e+02   3.4431394e-02   3.0000000e-02   1.0000000e-09
   5.0000000e+02   1.4000000e+02   4.0000000e-02   3.0000000e-02   1.0000000e-09
   5.0000000e+02   1.4000000e+02   4.0000000e-02   3.0000000e-02   1.0000000e-09
   5.0000000e+02   1.4000000e+02   3.4431394e-02   3.0000000e-02   1.0000000e-09
   5.0000000e+02   1.4000000e+02   3.4431394e-02   3.0000000e-02   1.0000000e-09
   5.0000000e+02   1.4000000e+02   4.0000000e-02   3.0000000e-02   1.0000000e-09
   5.0000000e+02   1.4000000e+02   4.0000000e-02   3.0000000e-02   1.0000000e-09
   5.0000000e+02   1.4000000e+02   3.4431394e-02   3.0000000e-02   1.0000000e-09
   5.0000000e+02   1.4000000e+02   3.4431394e-02   3.0000000e-02   1.0000000e-09
   5.0000000e+02   1.4000000e+02   4.0000000e-02   3.0000000e-02   1.0000000e-09
   5.0000000e+02   1.4000000e+02   3.4431394e-02   3.0000000e-02   1.0000000e-09
   5.0000000e+02   1.4000000e+02   4.0000000e-02   3.0000000e-02   1.0000000e-09
   5.0000000e+02   1.4000000e+02   3.4431394e-02   3.0000000e-02   1.0000000e-09
   5.0000000e+02   1.4000000e+02   4.0000000e-02   3.0000000e-02   1.0000000e-09
   5.0000000e+02   1.4000000e+02   3.4431394e-02   3.0000000e-02   1.0000000e-09
   5.0000000e+02   1.4000000e+02   4.0000000e-02   3.0000000e-02   1.0000000e-09
   5.0000000e+02   1.4000000e+02   3.4431394e-02   3.0000000e-02   1.0000000e-09
   5.0000000e+02   1.4000000e+02   4.0000000e-02   3.0000000e-02   1.0000000e-09
   5.0000000e+02   1.4000000e+02   3.4431394e-02   3.0000000e-02   1.0000000e-09
   5.0000000e+02   1.4000000e+02   4.0000000e-02   3.0000000e-02   1.0000000e-09
   5.0000000e+02   1.4000000e+02   3.4431394e-02   3.0000000e-02   1.0000000e-09
   5.0000000e+02   1.4000000e+02   4.0000000e-02   3.0000000e-02   1.0000000e-09
   5.0000000e+02   1.4000000e+02   3.4431394e-02   3.0000000e-02   1.0000000e-09
   5.0000000e+02   1.4000000e+02   4.0000000e-02   3.0000000e-02   1.0000000e-09
   5.0000000e+02   1.4000000e+02   3.4431394e-02   3.0000000e-02   1.0000000e-09
   5.0000000e+02   1.4000000e+02   4.0000000e-02   3.0000000e-02   1.0000000e-09
   5.0000000e+02   1.4000000e+02   3.4431394e-02   3.0000000e-02   1.0000000e-09
   5.0000000e+02   1.4000000e+02   4.0000000e-02   3.0000000e-02   1.0000000e-09
   5.0000000e+02   1.4000000e+02   3.4431394e-02   3.0000000e-02   1.0000000e-09
   5.0000000e+02   1.4000000e+02   4.0000000e-02   3.0000000e-02   1.0000000e-09
   5.0000000e+02   1.4000000e+02   3.4431394e-02   3.0000000e-02   1.0000000e-09
   5.0000000e+02   1.4000000e+02   4.0000000e-02   3.0000000e-02   1.0000000e-09
   5.0000000e+02   1.4000000e+02   3.4431394e-02   3.0000000e-02   1.0000000e-09
   5.0000000e+02   1.4000000e+02   4.0000000e-02   3.0000000e-02   1.0000000e-09
   5.0000000e+02   1.4000000e+02   3.4431394e-02   3.0000000e-02   1.0000000e-09
   5.0000000e+02   1.4000000e+02   4.0000000e-02   3.0000000e-02   1.0000000e-09
   5.0000000e+02   1.4000000e+02   3.4431394e-02   3.0000000e-02   1.0000000e-09
   5.0000000e+02   1.4000000e+02   4.0000000e-02   3.0000000e-02   1.0000000e-09
   5.0000000e+02   1.4000000e+02   3.4431394e-02   3.0000000e-02   1.0000000e-09
   5.0000000e+02   1.4000000e+02   4.0000000e-02   3.0000000e-02   1.0000000e-09
   5.0000000e+02   1.4000000e+02   3.4431394e-02   3.0000000e-02   1.0000000e-09
   5.0000000e+02   1.4000000e+02   4.0000000e-02   3.0000000e-02   1.0000000e-09
   5.0000000e+02   1.4000000e+02   3.4431394e-02   3.0000000e-02   1.0000000e-09
   5.0000000e+02   1.4000000e+02   4.0000000e-02   3.0000000e-02   1.0000000e-09
   5.0000000e+02   1.4000000e+02   4.0000000e-02   3.0000000e-02   1.0000000e-09
   5.0000000e+02   1.4000000e+02   4.0000000e-02   3.0000000e-02   1.0000000e-09
   5.0000000e+02   1.4000000e+02   4.0000000e-02   3.0000000e-02   1.0000000e-09
   5.0000000e+02   1.4000000e+02   4.0000000e-02   3.0000000e-02   1.0000000e-09
   5.0000000e+02   1.4000000e+02   4.0000000e-02   3.0000000e-02   1.0000000e-09
   5.0000000e+02   1.4000000e+02   4.0000000e-02   3.0000000e-02   1.0000000e-09
   5.0000000e+02   1.4000000e+02   4.0000000e-02   3.0000000e-02   1.0000000e-09
   5.0000000e+02   1.4000000e+02   4.0000000e-02   3.0000000e-02   1.0000000e-09
   5.0000000e+02   1.4000000e+02   4.0000000e-02   3.0000000e-02   1.0000000e-09
   5.0000000e+02   1.4000000e+02   4.0000000e-02   3.0000000e-02   1.0000000e-09
   5.0000000e+02   1.4000000e+02   4.0000000e-02   3.0000000e-02   1.0000000e-09
   5.0000000e+02   1.4000000e+02   4.0000000e-02   3.0000000e-02   1.0000000e-09
   5.0000000e+02   1.4000000e+02   4.0000000e-02   3.0000000e-02   1.0000000e-09
   5.0000000e+02   1.4000000e+02   4.0000000e-02   3.0000000e-02   1.0000000e-09
   5.0000000e+02   1.4000000e+02   4.0000000e-02   3.0000000e-02   1.0000000e-09
   5.0000000e+02   1.4000000e+02   4.0000000e-02   3.0000000e-02   1.0000000e-09
   5.0000000e+02   1.4000000e+02   4.0000000e-02   3.0000000e-02   1.0000000e-09
   5.0000000e+02   1.4000000e+02   4.0000000e-02   3.0000000e-02   1.0000000e-09
   5.0000000e+02   1.4000000e+02   4.0000000e-02   3.0000000e-02   1.0000000e-09
   5.0000000e+02   1.4000000e+02   4.0000000e-02   3.0000000e-02   1.0000000e-09
   5.0000000e+02   1.4000000e+02   4.0000000e-02   3.0000000e-02   1.0000000e-09
   5.0000000e+02   1.4000000e+02   4.0000000e-02   3.0000000e-02   1.0000000e-09
   5.0000000e+02   1.4000000e+02   4.0000000e-02   3.0000000e-02   1.0000000e-09
   5.0000000e+02   1.4000000e+02   4.0000000e-02   3.0000000e-02   1.0000000e-09
   5.0000000e+02   1.4000000e+02   4.0000000e-02   3.0000000e-02   1.0000000e-09
   5.0000000e+02   1.4000000e+02   4.0000000e-02   3.0000000e-02   1.0000000e-09
   5.0000000e+02   1.4000000e+02   4.0000000e-02   3.0000000e-02   1.0000000e-09
   5.0000000e+02   1.4000000e+02   4.0000000e-02   3.0000000e-02   1.0000000e-09
   5.0000000e+02   1.4000000e+02   4.0000000e-02   3.0000000e-02   1.0000000e-09
   5.0000000e+02   1.4000000e+02   4.0000000e-02   3.0000000e-02   1.0000000e-09
   5.0000000e+02   1.4000000e+02   4.0000000e-02   3.0000000e-02   1.0000000e-09
   5.0000000e+02   1.4000000e+02   4.0000000e-02   3.0000000e-02   1.0000000e-09
   5.0000000e+02   1.4000000e+02   4.0000000e-02   3.0000000e-02   1.0000000e-09
   5.0000000e+02   1.4000000e+02   4.0000000e-02   3.0000000e-02   1.0000000e-09
   5.0000000e+02   1.4000000e+02   4.0000000e-02   3.0000000e-02   1.0000000e-09
   5.0000000e+02   1.4000000e+02   4.0000000e-02   3.0000000e-02   1.0000000e-09
   5.0000000e+02   1.4000000e+02   4.0000000e-02   3.0000000e-02   1.0000000e-09
   5.0000000e+02   1.4000000e+02   4.0000000e-02   3.0000000e-02   1.0000000e-09
   5.0000000e+02   1.4000000e+02   4.0000000e-02   3.0000000e-02   1.0000000e-09
   5.0000000e+02   1.4000000e+02   4.0000000e-02   3.0000000e-02   1.0000000e-09
   5.0000000e+02   1.4000000e+02   4.0000000e-02   3.0000000e-02   1.0000000e-09
   5.0000000e+02   1.4000000e+02   4.0000000e-02   3.0000000e-02   1.0000000e-09
   5.0000000e+02   1.4000000e+02   4.0000000e-02   3.0000000e-02   1.0000000e-09
   5.0000000e+02   1.4000000e+02   4.0000000e-02   3.0000000e-02   1.0000000e-09
   5.0000000e+02   1.4000000e+02   4.0000000e-02   3.0000000e-02   1.0000000e-09
   5.0000000e+02   1.4000000e+02   4.0000000e-02   3.0000000e-02   1.0000000e-09
   5.0000000e+02   1.4000000e+02   4.0000000e-02   3.0000000e-02   1.0000000e-09
   5.0000000e+02   1.4000000e+02   4.0000000e-02   3.0000000e-02   1.0000000e-09
   5.0000000e+02   1.4000000e+02   4.0000000e-02   3.0000000e-02   1.0000000e-09
   5.0000000e+02   1.4000000e+02   4.0000000e-02   3.0000000e-02   1.0000000e-09
   5.0000000e+02   1.4000000e+02   4.0000000e-02   3.0000000e-02   1.0000000e-09
   5.0000000e+02   1.4000000e+02   4.0000000e-02   3.0000000e-02   1.0000000e-09
   5.0000000e+02   1.4000000e+02   4.0000000e-02   3.0000000e-02   1.0000000e-09
   5.0000000e+02   1.4000000e+02   4.0000000e-02   3.0000000e-02   1.0000000e-09
   5.0000000e+02   1.4000000e+02   4.0000000e-02   3.0000000e-02   1.0000000e-09
   5.0000000e+02   1.4000000e+02   4.0000000e-02   3.0000000e-02   1.0000000e-09
   5.0000000e+02   1.4000000e+02   4.0000000e-02   3.0000000e-02   1.0000000e-09
   5.0000000e+02   1.4000000e+02   4.0000000e-02   3.0000000e-02   1.0000000e-09
   5.0000000e+02   1.4000000e+02   4.0000000e-02   3.0000000e-02   1.0000000e-09
   5.0000000e+02   1.4000000e+02   4.0000000e-02   3.0000000e-02   1.0000000e-09
   5.0000000e+02   1.4000000e+02   4.0000000e-02   3.0000000e-02   1.0000000e-09
   5.0000000e+02   1.4000000e+02   4.0000000e-02   3.0000000e-02   1.0000000e-09
   5.0000000e+02   1.4000000e+02   4.0000000e-02   3.0000000e-02   1.0000000e-09
   5.0000000e+02   1.4000000e+02   4.0000000e-02   3.0000000e-02   1.0000000e-09
   5.0000000e+02   1.4000000e+02   4.0000000e-02   3.0000000e-02   1.0000000e-09
   5.0000000e+02   1.4000000e+02   4.0000000e-02   3.0000000e-02   1.0000000e-09
   5.0000000e+02   1.4000000e+02   4.0000000e-02   3.0000000e-02   1.0000000e-09
   5.0000000e+02   1.4000000e+02   4.0000000e-02   3.0000000e-02   1.0000000e-09
   5.0000000e+02   1.4000000e+02   4.0000000e-02   3.0000000e-02   1.0000000e-09
   5.0000000e+02   1.4000000e+02   4.0000000e-02   3.0000000e-02   1.0000000e-09
   5.0000000e+02   1.4000000e+02   4.0000000e-02   3.0000000e-02   1.0000000e-09
   5.0000000e+02   1.4000000e+02   4.0000000e-02   3.0000000e-02   1.0000000e-09
   5.0000000e+02   1.4000000e+02   4.0000000e-02   3.0000000e-02   1.0000000e-09
   5.0000000e+02   1.4000000e+02   4.0000000e-02   3.0000000e-02   1.0000000e-09
   5.0000000e+02   1.4000000e+02   4.0000000e-02   3.0000000e-02   1.0000000e-09
   5.0000000e+02   1.4000000e+02   4.0000000e-02   3.0000000e-02   1.0000000e-09
   5.0000000e+02   1.4000000e+02   4.0000000e-02   3.0000000e-02   1.0000000e-09
   5.0000000e+02   1.4000000e+02   4.0000000e-02   3.0000000e-02   1.0000000e-09
   5.0000000e+02   1.4000000e+02   4.0000000e-02   3.0000000e-02   1.0000000e-09
   5.0000000e+02   1.4000000e+02   4.0000000e-02   3.0000000e-02   1.0000000e-09
   5.0000000e+02   1.4000000e+02   4.0000000e-02   3.0000000e-02   1.0000000e-09
   5.0000000e+02   1.4000000e+02   4.0000000e-02   3.0000000e-02   1.0000000e-09
   5.0000000e+02   1.4000000e+02   4.0000000e-02   3.0000000e-02   1.0000000e-09
   5.0000000e+02   1.4000000e+02   4.0000000e-02   3.0000000e-02   1.0000000e-09
   5.0000000e+02   1.4000000e+02   4.0000000e-02   3.0000000e-02   1.0000000e-09
   5.0000000e+02   1.4000000e+02   4.0000000e-02   3.0000000e-02   1.0000000e-09
   5.0000000e+02   1.4000000e+02   4.0000000e-02   3.0000000e-02   1.0000000e-09
   5.0000000e+02   1.4000000e+02   4.0000000e-02   3.0000000e-02   1.0000000e-09
   5.0000000e+02   1.4000000e+02   4.0000000e-02   3.0000000e-02   1.0000000e-09
   5.0000000e+02   1.4000000e+02   4.0000000e-02   3.0000000e-02   1.0000000e-09
   5.0000000e+02   1.4000000e+02   4.0000000e-02   3.0000000e-02   1.0000000e-09
   5.0000000e+02   1.4000000e+02   4.0000000e-02   3.0000000e-02   1.0000000e-09
   5.0000000e+02   1.4000000e+02   4.0000000e-02   3.0000000e-02   1.0000000e-09
   5.0000000e+02   1.4000000e+02   4.0000000e-02   3.0000000e-02   1.0000000e-09
   5.0000000e+02   1.4000000e+02   4.0000000e-02   3.0000000e-02   1.0000000e-09
   5.0000000e+02   1.4000000e+02   4.0000000e-02   3.0000000e-02   1.0000000e-09
   5.0000000e+02   1.4000000e+02   4.0000000e-02   3.0000000e-02   1.0000000e-09
   5.0000000e+02   1.4000000e+02   4.0000000e-02   3.0000000e-02   1.0000000e-09
   5.0000000e+02   1.4000000e+02   4.0000000e-02   3.0000000e-02   1.0000000e-09
   5.0000000e+02   1.4000000e+02   4.0000000e-02   3.0000000e-02   1.0000000e-09
   5.0000000e+02   1.4000000e+02   4.0000000e-02   3.0000000e-02   1.0000000e-09
   5.0000000e+02   1.4000000e+02   4.0000000e-02   3.0000000e-02   1.0000000e-09
   5.0000000e+02   1.4000000e+02   4.0000000e-02   3.0000000e-02   1.0000000e-09
   5.0000000e+02   1.4000000e+02   4.0000000e-02   3.0000000e-02   1.0000000e-09
   5.0000000e+02   1.4000000e+02   4.0000000e-02   3.0000000e-02   1.0000000e-09
   5.0000000e+02   1.4000000e+02   4.0000000e-02   3.0000000e-02   1.0000000e-09
   5.0000000e+02   1.4000000e+02   4.0000000e-02   3.0000000e-02   1.0000000e-09
   5.0000000e+02   1.4000000e+02   4.0000000e-02   3.0000000e-02   1.0000000e-09
   5.0000000e+02   1.4000000e+02   4.0000000e-02   3.0000000e-02   1.0000000e-09
   5.0000000e+02   1.4000000e+02   4.0000000e-02   3.0000000e-02   1.0000000e-09
   5.0000000e+02   1.4000000e+02   4.0000000e-02   3.0000000e-02   1.0000000e-09
   5.0000000e+02   1.4000000e+02   4.0000000e-02   3.0000000e-02   1.0000000e-09
   5.0000000e+02   1.4000000e+02   4.0000000e-02   3.0000000e-02   1.0000000e-09
   5.0000000e+02   1.4000000e+02   4.0000000e-02   3.0000000e-02   1.0000000e-09
   5.0000000e+02   1.4000000e+02   4.0000000e-02   3.0000000e-02   1.0000000e-09
   5.0000000e+02   1.4000000e+02   4.0000000e-02   3.0000000e-02   1.0000000e-09
   5.0000000e+02   1.4000000e+02   4.0000000e-02   3.0000000e-02   1.0000000e-09
   5.0000000e+02   1.4000000e+02   4.0000000e-02   3.0000000e-02   1.0000000e-09
   5.0000000e+02   1.4000000e+02   4.0000000e-02   3.0000000e-02   1.0000000e-09
   5.0000000e+02   1.4000000e+02   4.0000000e-02   3.0000000e-02   1.0000000e-09
   5.0000000e+02   1.4000000e+02   4.0000000e-02   3.0000000e-02   1.0000000e-09
   5.0000000e+02   1.4000000e+02   4.0000000e-02   3.0000000e-02   1.0000000e-09
   5.0000000e+02   1.4000000e+02   4.0000000e-02   3.0000000e-02   1.0000000e-09
   5.0000000e+02   1.4000000e+02   4.0000000e-02   3.0000000e-02   1.0000000e-09
   5.0000000e+02   1.4000000e+02   4.0000000e-02   3.0000000e-02   1.0000000e-09
   5.0000000e+02   1.4000000e+02   4.0000000e-02   3.0000000e-02   1.0000000e-09
   5.0000000e+02   1.4000000e+02   4.0000000e-02   3.0000000e-02   1.0000000e-09
   5.0000000e+02   1.4000000e+02   4.0000000e-02   3.0000000e-02   1.0000000e-09
   5.0000000e+02   1.4000000e+02   4.0000000e-02   3.0000000e-02   1.0000000e-09
   5.0000000e+02   1.4000000e+02   4.0000000e-02   3.0000000e-02   1.0000000e-09
   5.0000000e+02   1.4000000e+02   4.0000000e-02   3.0000000e-02   1.0000000e-09
   5.0000000e+02   1.4000000e+02   4.0000000e-02   3.0000000e-02   1.0000000e-09
   5.0000000e+02   1.4000000e+02   4.0000000e-02   3.0000000e-02   1.0000000e-09
   5.0000000e+02   1.4000000e+02   4.0000000e-02   3.0000000e-02   1.0000000e-09
   5.0000000e+02   1.4000000e+02   4.0000000e-02   3.0000000e-02   1.0000000e-09
   5.0000000e+02   1.4000000e+02   4.0000000e-02   3.0000000e-02   1.0000000e-09
   5.0000000e+02   1.4000000e+02   4.0000000e-02   3.0000000e-02   1.0000000e-09
   5.0000000e+02   1.4000000e+02   4.0000000e-02   3.0000000e-02   1.0000000e-09
   5.0000000e+02   1.4000000e+02   4.0000000e-02   3.0000000e-02   1.0000000e-09
   5.0000000e+02   1.4000000e+02   4.0000000e-02   3.0000000e-02   1.0000000e-09
   5.0000000e+02   1.4000000e+02   4.0000000e-02   3.0000000e-02   1.0000000e-09
   5.0000000e+02   1.4000000e+02   4.0000000e-02   3.0000000e-02   1.0000000e-09
   5.0000000e+02   1.4000000e+02   4.0000000e-02   3.0000000e-02   1.0000000e-09
   5.0000000e+02   1.4000000e+02   4.0000000e-02   3.0000000e-02   1.0000000e-09
   5.0000000e+02   1.4000000e+02   4.0000000e-02   3.0000000e-02   1.0000000e-09
   5.0000000e+02   1.4000000e+02   4.0000000e-02   3.0000000e-02   1.0000000e-09
   5.0000000e+02   1.4000000e+02   4.0000000e-02   3.0000000e-02   1.0000000e-09
   5.0000000e+02   1.4000000e+02   4.0000000e-02   3.0000000e-02   1.0000000e-09
   5.0000000e+02   1.4000000e+02   4.0000000e-02   3.0000000e-02   1.0000000e-09
   5.0000000e+02   1.4000000e+02   4.0000000e-02   3.0000000e-02   1.0000000e-09
   5.0000000e+02   1.4000000e+02   4.0000000e-02   3.0000000e-02   1.0000000e-09
   5.0000000e+02   1.4000000e+02   4.0000000e-02   3.0000000e-02   1.0000000e-09
   5.0000000e+02   1.4000000e+02   4.0000000e-02   3.0000000e-02   1.0000000e-09
   5.0000000e+02   1.4000000e+02   4.0000000e-02   3.0000000e-02   1.0000000e-09
   5.0000000e+02   1.4000000e+02   4.0000000e-02   3.0000000e-02   1.0000000e-09
   5.0000000e+02   1.4000000e+02   4.0000000e-02   3.0000000e-02   1.0000000e-09
   5.0000000e+02   1.4000000e+02   4.0000000e-02   3.0000000e-02   1.0000000e-09
   5.0000000e+02   1.4000000e+02   4.0000000e-02   3.0000000e-02   1.0000000e-09
   5.0000000e+02   1.4000000e+02   4.0000000e-02   3.0000000e-02   1.0000000e-09
   5.0000000e+02   1.4000000e+02   4.0000000e-02   3.0000000e-02   1.0000000e-09
   5.0000000e+02   1.4000000e+02   4.0000000e-02   3.0000000e-02   1.0000000e-09
   5.0000000e+02   1.4000000e+02   4.0000000e-02   3.0000000e-02   1.0000000e-09
   5.0000000e+02   1.4000000e+02   4.0000000e-02   3.0000000e-02   1.0000000e-09
   5.0000000e+02   1.4000000e+02   4.0000000e-02   3.0000000e-02   1.0000000e-09
   5.0000000e+02   1.4000000e+02   4.0000000e-02   3.0000000e-02   1.0000000e-09
   5.0000000e+02   1.4000000e+02   4.0000000e-02   3.0000000e-02   1.0000000e-09
   5.0000000e+02   1.4000000e+02   4.0000000e-02   3.0000000e-02   1.0000000e-09
   5.0000000e+02   1.4000000e+02   4.0000000e-02   3.0000000e-02   1.0000000e-09
   5.0000000e+02   1.4000000e+02   4.0000000e-02   3.0000000e-02   1.0000000e-09
   5.0000000e+02   1.4000000e+02   4.0000000e-02   3.0000000e-02   1.0000000e-09
   5.0000000e+02   1.4000000e+02   4.0000000e-02   3.0000000e-02   1.0000000e-09
   5.0000000e+02   1.4000000e+02   4.0000000e-02   3.0000000e-02   1.0000000e-09
   5.0000000e+02   1.4000000e+02   4.0000000e-02   3.0000000e-02   1.0000000e-09
   5.0000000e+02   1.4000000e+02   4.0000000e-02   3.0000000e-02   1.0000000e-09
   5.0000000e+02   1.4000000e+02   4.0000000e-02   3.0000000e-02   1.0000000e-09
   5.0000000e+02   1.4000000e+02   4.0000000e-02   3.0000000e-02   1.0000000e-09
   5.0000000e+02   1.4000000e+02   4.0000000e-02   3.0000000e-02   1.0000000e-09
   5.0000000e+02   1.4000000e+02   4.0000000e-02   3.0000000e-02   1.0000000e-09
   5.0000000e+02   1.4000000e+02   4.0000000e-02   3.0000000e-02   1.0000000e-09
   5.0000000e+02   1.4000000e+02   4.0000000e-02   3.0000000e-02   1.0000000e-09
   5.0000000e+02   1.4000000e+02   4.0000000e-02   3.0000000e-02   1.0000000e-09
   5.0000000e+02   1.4000000e+02   4.0000000e-02   3.0000000e-02   1.0000000e-09
   5.0000000e+02   1.4000000e+02   4.0000000e-02   3.0000000e-02   1.0000000e-09
   5.0000000e+02   1.4000000e+02   4.0000000e-02   3.0000000e-02   1.0000000e-09
   5.0000000e+02   1.4000000e+02   4.0000000e-02   3.0000000e-02   1.0000000e-09
   5.0000000e+02   1.4000000e+02   4.0000000e-02   3.0000000e-02   1.0000000e-09
   5.0000000e+02   1.4000000e+02   4.0000000e-02   3.0000000e-02   1.0000000e-09
   5.0000000e+02   1.4000000e+02   4.0000000e-02   3.0000000e-02   1.0000000e-09
   5.0000000e+02   1.4000000e+02   4.0000000e-02   3.0000000e-02   1.0000000e-09
   5.0000000e+02   1.4000000e+02   4.0000000e-02   3.0000000e-02   1.0000000e-09
   5.0000000e+02   1.4000000e+02   4.0000000e-02   3.0000000e-02   1.0000000e-09
   5.0000000e+02   1.4000000e+02   4.0000000e-02   3.0000000e-02   1.0000000e-09
   5.0000000e+02   1.4000000e+02   4.0000000e-02   3.0000000e-02   1.0000000e-09
   5.0000000e+02   1.4000000e+02   4.0000000e-02   3.0000000e-02   1.0000000e-09
   5.0000000e+02   1.4000000e+02   4.0000000e-02   3.0000000e-02   1.0000000e-09
   5.0000000e+02   1.4000000e+02   4.0000000e-02   3.0000000e-02   1.0000000e-09
   5.0000000e+02   1.4000000e+02   4.0000000e-02   3.0000000e-02   1.0000000e-09
   5.0000000e+02   1.4000000e+02   4.0000000e-02   3.0000000e-02   1.0000000e-09
   5.0000000e+02   1.4000000e+02   4.0000000e-02   3.0000000e-02   1.0000000e-09
   5.0000000e+02   1.4000000e+02   4.0000000e-02   3.0000000e-02   1.0000000e-09
   5.0000000e+02   1.4000000e+02   4.0000000e-02   3.0000000e-02   1.0000000e-09
   5.0000000e+02   1.4000000e+02   4.0000000e-02   3.0000000e-02   1.0000000e-09
   5.0000000e+02   1.4000000e+02   4.0000000e-02   3.0000000e-02   1.0000000e-09
   5.0000000e+02   1.4000000e+02   4.0000000e-02   3.0000000e-02   1.0000000e-09
   5.0000000e+02   1.4000000e+02   4.0000000e-02   3.0000000e-02   1.0000000e-09
   5.0000000e+02   1.4000000e+02   4.0000000e-02   3.0000000e-02   1.0000000e-09
   5.0000000e+02   1.4000000e+02   4.0000000e-02   3.0000000e-02   1.0000000e-09
   5.0000000e+02   1.4000000e+02   4.0000000e-02   3.0000000e-02   1.0000000e-09
   5.0000000e+02   1.4000000e+02   4.0000000e-02   3.0000000e-02   1.0000000e-09
   5.0000000e+02   1.4000000e+02   4.0000000e-02   3.0000000e-02   1.0000000e-09
   5.0000000e+02   1.4000000e+02   4.0000000e-02   3.0000000e-02   1.0000000e-09
   5.0000000e+02   1.4000000e+02   4.0000000e-02   3.0000000e-02   1.0000000e-09
   5.0000000e+02   1.4000000e+02   4.0000000e-02   3.0000000e-02   1.0000000e-09
   5.0000000e+02   1.4000000e+02   4.0000000e-02   3.0000000e-02   1.0000000e-09
   5.0000000e+02   1.4000000e+02   4.0000000e-02   3.0000000e-02   1.0000000e-09
   5.0000000e+02   1.4000000e+02   4.0000000e-02   3.0000000e-02   1.0000000e-09
   5.0000000e+02   1.4000000e+02   4.0000000e-02   3.0000000e-02   1.0000000e-09
   5.0000000e+02   1.4000000e+02   4.0000000e-02   3.0000000e-02   1.0000000e-09
   5.0000000e+02   1.4000000e+02   4.0000000e-02   3.0000000e-02   1.0000000e-09
   5.0000000e+02   1.4000000e+02   4.0000000e-02   3.0000000e-02   1.0000000e-09
   5.0000000e+02   1.4000000e+02   4.0000000e-02   3.0000000e-02   1.0000000e-09
   5.0000000e+02   1.4000000e+02   4.0000000e-02   3.0000000e-02   1.0000000e-09
   5.0000000e+02   1.4000000e+02   4.0000000e-02   3.0000000e-02   1.0000000e-09
   5.0000000e+02   1.4000000e+02   4.0000000e-02   3.0000000e-02   1.0000000e-09
   5.0000000e+02   1.4000000e+02   4.0000000e-02   3.0000000e-02   1.0000000e-09
   5.0000000e+02   1.4000000e+02   4.0000000e-02   3.0000000e-02   1.0000000e-09
   5.0000000e+02   1.4000000e+02   4.0000000e-02   3.0000000e-02   1.0000000e-09
   5.0000000e+02   1.4000000e+02   4.0000000e-02   3.0000000e-02   1.0000000e-09
   5.0000000e+02   1.4000000e+02   4.0000000e-02   3.0000000e-02   1.0000000e-09
   5.0000000e+02   1.4000000e+02   4.0000000e-02   3.0000000e-02   1.0000000e-09
   5.0000000e+02   1.4000000e+02   4.0000000e-02   3.0000000e-02   1.0000000e-09
   5.0000000e+02   1.4000000e+02   4.0000000e-02   3.0000000e-02   1.0000000e-09
   5.0000000e+02   1.4000000e+02   4.0000000e-02   3.0000000e-02   1.0000000e-09
   5.0000000e+02   1.4000000e+02   4.0000000e-02   3.0000000e-02   1.0000000e-09
   5.0000000e+02   1.4000000e+02   4.0000000e-02   3.0000000e-02   1.0000000e-09
   5.0000000e+02   1.4000000e+02   4.0000000e-02   3.0000000e-02   1.0000000e-09
   5.0000000e+02   1.4000000e+02   4.0000000e-02   3.0000000e-02   1.0000000e-09
   5.0000000e+02   1.4000000e+02   4.0000000e-02   3.0000000e-02   1.0000000e-09
   5.0000000e+02   1.4000000e+02   4.0000000e-02   3.0000000e-02   1.0000000e-09
   5.0000000e+02   1.4000000e+02   4.0000000e-02   3.0000000e-02   1.0000000e-09
   5.0000000e+02   1.4000000e+02   4.0000000e-02   3.0000000e-02   1.0000000e-09
   5.0000000e+02   1.4000000e+02   4.0000000e-02   3.0000000e-02   1.0000000e-09
   5.0000000e+02   1.4000000e+02   4.0000000e-02   3.0000000e-02   1.0000000e-09
   5.0000000e+02   1.4000000e+02   4.0000000e-02   3.0000000e-02   1.0000000e-09
   5.0000000e+02   1.4000000e+02   4.0000000e-02   3.0000000e-02   1.0000000e-09
   5.0000000e+02   1.4000000e+02   4.0000000e-02   3.0000000e-02   1.0000000e-09
   5.0000000e+02   1.4000000e+02   4.0000000e-02   3.0000000e-02   1.0000000e-09
   5.0000000e+02   1.4000000e+02   4.0000000e-02   3.0000000e-02   1.0000000e-09
   5.0000000e+02   1.4000000e+02   4.0000000e-02   3.0000000e-02   1.0000000e-09
   5.0000000e+02   1.4000000e+02   4.0000000e-02   3.0000000e-02   1.0000000e-09
   5.0000000e+02   1.4000000e+02   4.0000000e-02   3.0000000e-02   1.0000000e-09
   5.0000000e+02   1.4000000e+02   4.0000000e-02   3.0000000e-02   1.0000000e-09
   5.0000000e+02   1.4000000e+02   4.0000000e-02   3.0000000e-02   1.0000000e-09
   5.0000000e+02   1.4000000e+02   4.0000000e-02   3.0000000e-02   1.0000000e-09
   5.0000000e+02   1.4000000e+02   4.0000000e-02   3.0000000e-02   1.0000000e-09
   5.0000000e+02   1.4000000e+02   4.0000000e-02   3.0000000e-02   1.0000000e-09
   5.0000000e+02   1.4000000e+02   4.0000000e-02   3.0000000e-02   1.0000000e-09
   5.0000000e+02   1.4000000e+02   4.0000000e-02   3.0000000e-02   1.0000000e-09
   5.0000000e+02   1.4000000e+02   4.0000000e-02   3.0000000e-02   1.0000000e-09
   5.0000000e+02   1.4000000e+02   4.0000000e-02   3.0000000e-02   1.0000000e-09
   5.0000000e+02   1.4000000e+02   4.0000000e-02   3.0000000e-02   1.0000000e-09
   5.0000000e+02   1.4000000e+02   4.0000000e-02   3.0000000e-02   1.0000000e-09
   5.0000000e+02   1.4000000e+02   4.0000000e-02   3.0000000e-02   1.0000000e-09
   5.0000000e+02   1.4000000e+02   4.0000000e-02   3.0000000e-02   1.0000000e-09
   5.0000000e+02   1.4000000e+02   4.0000000e-02   3.0000000e-02   1.0000000e-09
   5.0000000e+02   1.4000000e+02   4.0000000e-02   3.0000000e-02   1.0000000e-09
   5.0000000e+02   1.4000000e+02   4.0000000e-02   3.0000000e-02   1.0000000e-09
   5.0000000e+02   1.4000000e+02   4.0000000e-02   3.0000000e-02   1.0000000e-09
   5.0000000e+02   1.4000000e+02   4.0000000e-02   3.0000000e-02   1.0000000e-09
   5.0000000e+02   1.4000000e+02   4.0000000e-02   3.0000000e-02   1.0000000e-09
   5.0000000e+02   1.4000000e+02   4.0000000e-02   3.0000000e-02   1.0000000e-09
   5.0000000e+02   1.4000000e+02   4.0000000e-02   3.0000000e-02   1.0000000e-09
   5.0000000e+02   1.4000000e+02   4.0000000e-02   3.0000000e-02   1.0000000e-09
   5.0000000e+02   1.4000000e+02   4.0000000e-02   3.0000000e-02   1.0000000e-09
   5.0000000e+02   1.4000000e+02   4.0000000e-02   3.0000000e-02   1.0000000e-09
   5.0000000e+02   1.4000000e+02   4.0000000e-02   3.0000000e-02   1.0000000e-09
   5.0000000e+02   1.4000000e+02   4.0000000e-02   3.0000000e-02   1.0000000e-09
   5.0000000e+02   1.4000000e+02   4.0000000e-02   3.0000000e-02   1.0000000e-09
   5.0000000e+02   1.4000000e+02   4.0000000e-02   3.0000000e-02   1.0000000e-09
   5.0000000e+02   1.4000000e+02   4.0000000e-02   3.0000000e-02   1.0000000e-09
   5.0000000e+02   1.4000000e+02   4.0000000e-02   3.0000000e-02   1.0000000e-09
   5.0000000e+02   1.4000000e+02   4.0000000e-02   3.0000000e-02   1.0000000e-09
   5.0000000e+02   1.4000000e+02   4.0000000e-02   3.0000000e-02   1.0000000e-09
   5.0000000e+02   1.4000000e+02   4.0000000e-02   3.0000000e-02   1.0000000e-09
   5.0000000e+02   1.4000000e+02   4.0000000e-02   3.0000000e-02   1.0000000e-09
   5.0000000e+02   1.4000000e+02   4.0000000e-02   3.0000000e-02   1.0000000e-09
   5.0000000e+02   1.4000000e+02   4.0000000e-02   3.0000000e-02   1.0000000e-09
   5.0000000e+02   1.4000000e+02   4.0000000e-02   3.0000000e-02   1.0000000e-09
   5.0000000e+02   1.4000000e+02   4.0000000e-02   3.0000000e-02   1.0000000e-09
   5.0000000e+02   1.4000000e+02   4.0000000e-02   3.0000000e-02   1.0000000e-09
   5.0000000e+02   1.4000000e+02   4.0000000e-02   3.0000000e-02   1.0000000e-09
   5.0000000e+02   1.4000000e+02   4.0000000e-02   3.0000000e-02   1.0000000e-09
   5.0000000e+02   1.4000000e+02   4.0000000e-02   3.0000000e-02   1.0000000e-09
   5.0000000e+02   1.4000000e+02   4.0000000e-02   3.0000000e-02   1.0000000e-09
   5.0000000e+02   1.4000000e+02   4.0000000e-02   3.0000000e-02   1.0000000e-09
   5.0000000e+02   1.4000000e+02   4.0000000e-02   3.0000000e-02   1.0000000e-09
   5.0000000e+02   1.4000000e+02   4.0000000e-02   3.0000000e-02   1.0000000e-09
   5.0000000e+02   1.4000000e+02   4.0000000e-02   3.0000000e-02   1.0000000e-09
   5.0000000e+02   1.4000000e+02   4.0000000e-02   3.0000000e-02   1.0000000e-09
   5.0000000e+02   1.4000000e+02   4.0000000e-02   3.0000000e-02   1.0000000e-09
   5.0000000e+02   1.4000000e+02   4.0000000e-02   3.0000000e-02   1.0000000e-09
   5.0000000e+02   1.4000000e+02   4.0000000e-02   3.0000000e-02   1.0000000e-09
   5.0000000e+02   1.4000000e+02   4.0000000e-02   3.0000000e-02   1.0000000e-09
   5.0000000e+02   1.4000000e+02   4.0000000e-02   3.0000000e-02   1.0000000e-09
   5.0000000e+02   1.4000000e+02   4.0000000e-02   3.0000000e-02   1.0000000e-09
   5.0000000e+02   1.4000000e+02   4.0000000e-02   3.0000000e-02   1.0000000e-09
   5.0000000e+02   1.4000000e+02   4.0000000e-02   3.0000000e-02   1.0000000e-09
   5.0000000e+02   1.4000000e+02   4.0000000e-02   3.0000000e-02   1.0000000e-09
   5.0000000e+02   1.4000000e+02   4.0000000e-02   3.0000000e-02   1.0000000e-09
   5.0000000e+02   1.4000000e+02   4.0000000e-02   3.0000000e-02   1.0000000e-09
   5.0000000e+02   1.4000000e+02   4.0000000e-02   3.0000000e-02   1.0000000e-09
   5.0000000e+02   1.4000000e+02   4.0000000e-02   3.0000000e-02   1.0000000e-09
   5.0000000e+02   1.4000000e+02   4.0000000e-02   3.0000000e-02   1.0000000e-09
   5.0000000e+02   1.4000000e+02   4.0000000e-02   3.0000000e-02   1.0000000e-09
   5.0000000e+02   1.4000000e+02   4.0000000e-02   3.0000000e-02   1.0000000e-09
   5.0000000e+02   1.4000000e+02   4.0000000e-02   3.0000000e-02   1.0000000e-09
   5.0000000e+02   1.4000000e+02   4.0000000e-02   3.0000000e-02   1.0000000e-09
   5.0000000e+02   1.4000000e+02   4.0000000e-02   3.0000000e-02   1.0000000e-09
   5.0000000e+02   1.4000000e+02   4.0000000e-02   3.0000000e-02   1.0000000e-09
   5.0000000e+02   1.4000000e+02   4.0000000e-02   3.0000000e-02   1.0000000e-09
   5.0000000e+02   1.4000000e+02   4.0000000e-02   3.0000000e-02   1.0000000e-09
   5.0000000e+02   1.4000000e+02   4.0000000e-02   3.0000000e-02   1.0000000e-09
   5.0000000e+02   1.4000000e+02   4.0000000e-02   3.0000000e-02   1.0000000e-09
   5.0000000e+02   1.4000000e+02   4.0000000e-02   3.0000000e-02   1.0000000e-09
   5.0000000e+02   1.4000000e+02   4.0000000e-02   3.0000000e-02   1.0000000e-09
   5.0000000e+02   1.4000000e+02   4.0000000e-02   3.0000000e-02   1.0000000e-09
   5.0000000e+02   1.4000000e+02   4.0000000e-02   3.0000000e-02   1.0000000e-09
   5.0000000e+02   1.4000000e+02   4.0000000e-02   3.0000000e-02   1.0000000e-09
   5.0000000e+02   1.4000000e+02   4.0000000e-02   3.0000000e-02   1.0000000e-09
   5.0000000e+02   1.4000000e+02   4.0000000e-02   3.0000000e-02   1.0000000e-09
   5.0000000e+02   1.4000000e+02   4.0000000e-02   3.0000000e-02   1.0000000e-09
   5.0000000e+02   1.4000000e+02   4.0000000e-02   3.0000000e-02   1.0000000e-09
   5.0000000e+02   1.4000000e+02   4.0000000e-02   3.0000000e-02   1.0000000e-09
   5.0000000e+02   1.4000000e+02   4.0000000e-02   3.0000000e-02   1.0000000e-09
   5.0000000e+02   1.4000000e+02   4.0000000e-02   3.0000000e-02   1.0000000e-09
   5.0000000e+02   1.4000000e+02   4.0000000e-02   3.0000000e-02   1.0000000e-09
   5.0000000e+02   1.4000000e+02   4.0000000e-02   3.0000000e-02   1.0000000e-09
   5.0000000e+02   1.4000000e+02   4.0000000e-02   3.0000000e-02   1.0000000e-09
   5.0000000e+02   1.4000000e+02   4.0000000e-02   3.0000000e-02   1.0000000e-09
   5.0000000e+02   1.4000000e+02   4.0000000e-02   3.0000000e-02   1.0000000e-09
   5.0000000e+02   1.4000000e+02   4.0000000e-02   3.0000000e-02   1.0000000e-09
   5.0000000e+02   1.4000000e+02   4.0000000e-02   3.0000000e-02   1.0000000e-09
   5.0000000e+02   1.4000000e+02   4.0000000e-02   3.0000000e-02   1.0000000e-09
   5.0000000e+02   1.4000000e+02   4.0000000e-02   3.0000000e-02   1.0000000e-09
   5.0000000e+02   1.4000000e+02   4.0000000e-02   3.0000000e-02   1.0000000e-09
   5.0000000e+02   1.4000000e+02   4.0000000e-02   3.0000000e-02   1.0000000e-09
   5.0000000e+02   1.4000000e+02   4.0000000e-02   3.0000000e-02   1.0000000e-09
   5.0000000e+02   1.4000000e+02   4.0000000e-02   3.0000000e-02   1.0000000e-09
   5.0000000e+02   1.4000000e+02   4.0000000e-02   3.0000000e-02   1.0000000e-09
   5.0000000e+02   1.4000000e+02   4.0000000e-02   3.0000000e-02   1.0000000e-09
   5.0000000e+02   1.4000000e+02   4.0000000e-02   3.0000000e-02   1.0000000e-09
   5.0000000e+02   1.4000000e+02   4.0000000e-02   3.0000000e-02   1.0000000e-09
   5.0000000e+02   1.4000000e+02   4.0000000e-02   3.0000000e-02   1.0000000e-09
   5.0000000e+02   1.4000000e+02   4.0000000e-02   3.0000000e-02   1.0000000e-09
   5.0000000e+02   1.4000000e+02   4.0000000e-02   3.0000000e-02   1.0000000e-09
   5.0000000e+02   1.4000000e+02   4.0000000e-02   3.0000000e-02   1.0000000e-09
   5.0000000e+02   1.4000000e+02   4.0000000e-02   3.0000000e-02   1.0000000e-09
   5.0000000e+02   1.4000000e+02   4.0000000e-02   3.0000000e-02   1.0000000e-09
   5.0000000e+02   1.4000000e+02   4.0000000e-02   3.0000000e-02   1.0000000e-09
   5.0000000e+02   1.4000000e+02   4.0000000e-02   3.0000000e-02   1.0000000e-09
   5.0000000e+02   1.4000000e+02   4.0000000e-02   3.0000000e-02   1.0000000e-09
   5.0000000e+02   1.4000000e+02   4.0000000e-02   3.0000000e-02   1.0000000e-09
   5.0000000e+02   1.4000000e+02   4.0000000e-02   3.0000000e-02   1.0000000e-09
   5.0000000e+02   1.4000000e+02   4.0000000e-02   3.0000000e-02   1.0000000e-09
   5.0000000e+02   1.4000000e+02   4.0000000e-02   3.0000000e-02   1.0000000e-09
   5.0000000e+02   1.4000000e+02   4.0000000e-02   3.0000000e-02   1.0000000e-09
   5.0000000e+02   1.4000000e+02   4.0000000e-02   3.0000000e-02   1.0000000e-09
   5.0000000e+02   1.4000000e+02   4.0000000e-02   3.0000000e-02   1.0000000e-09
   5.0000000e+02   1.4000000e+02   4.0000000e-02   3.0000000e-02   1.0000000e-09
   5.0000000e+02   1.4000000e+02   4.0000000e-02   3.0000000e-02   1.0000000e-09
   5.0000000e+02   1.4000000e+02   4.0000000e-02   3.0000000e-02   1.0000000e-09
   5.0000000e+02   1.4000000e+02   4.0000000e-02   3.0000000e-02   1.0000000e-09
   5.0000000e+02   1.4000000e+02   4.0000000e-02   3.0000000e-02   1.0000000e-09
   5.0000000e+02   1.4000000e+02   4.0000000e-02   3.0000000e-02   1.0000000e-09
   5.0000000e+02   1.4000000e+02   4.0000000e-02   3.0000000e-02   1.0000000e-09
   5.0000000e+02   1.4000000e+02   4.0000000e-02   3.0000000e-02   1.0000000e-09
   5.0000000e+02   1.4000000e+02   4.0000000e-02   3.0000000e-02   1.0000000e-09
   5.0000000e+02   1.4000000e+02   4.0000000e-02   3.0000000e-02   1.0000000e-09
   5.0000000e+02   1.4000000e+02   4.0000000e-02   3.0000000e-02   1.0000000e-09
   5.0000000e+02   1.4000000e+02   4.0000000e-02   3.0000000e-02   1.0000000e-09
   5.0000000e+02   1.4000000e+02   4.0000000e-02   3.0000000e-02   1.0000000e-09
   5.0000000e+02   1.4000000e+02   4.0000000e-02   3.0000000e-02   1.0000000e-09
   5.0000000e+02   1.4000000e+02   4.0000000e-02   3.0000000e-02   1.0000000e-09
   5.0000000e+02   1.4000000e+02   4.0000000e-02   3.0000000e-02   1.0000000e-09
   5.0000000e+02   1.4000000e+02   4.0000000e-02   3.0000000e-02   1.0000000e-09
   5.0000000e+02   1.4000000e+02   4.0000000e-02   3.0000000e-02   1.0000000e-09
   5.0000000e+02   1.4000000e+02   4.0000000e-02   3.0000000e-02   1.0000000e-09
   5.0000000e+02   1.4000000e+02   4.0000000e-02   3.0000000e-02   1.0000000e-09
   5.0000000e+02   1.4000000e+02   4.0000000e-02   3.0000000e-02   1.0000000e-09
   5.0000000e+02   1.4000000e+02   4.0000000e-02   3.0000000e-02   1.0000000e-09
   5.0000000e+02   1.4000000e+02   4.0000000e-02   3.0000000e-02   1.0000000e-09
   5.0000000e+02   1.4000000e+02   4.0000000e-02   3.0000000e-02   1.0000000e-09
   5.0000000e+02   1.4000000e+02   4.0000000e-02   3.0000000e-02   1.0000000e-09
   5.0000000e+02   1.4000000e+02   4.0000000e-02   3.0000000e-02   1.0000000e-09
   5.0000000e+02   1.4000000e+02   4.0000000e-02   3.0000000e-02   1.0000000e-09
   5.0000000e+02   1.4000000e+02   4.0000000e-02   3.0000000e-02   1.0000000e-09
   5.0000000e+02   1.4000000e+02   4.0000000e-02   3.0000000e-02   1.0000000e-09
   5.0000000e+02   1.4000000e+02   4.0000000e-02   3.0000000e-02   1.0000000e-09
   5.0000000e+02   1.4000000e+02   4.0000000e-02   3.0000000e-02   1.0000000e-09
   5.0000000e+02   1.4000000e+02   4.0000000e-02   3.0000000e-02   1.0000000e-09
   5.0000000e+02   1.4000000e+02   4.0000000e-02   3.0000000e-02   1.0000000e-09
   5.0000000e+02   1.4000000e+02   4.0000000e-02   3.0000000e-02   1.0000000e-09
   5.0000000e+02   1.4000000e+02   4.0000000e-02   3.0000000e-02   1.0000000e-09
   5.0000000e+02   1.4000000e+02   4.0000000e-02   3.0000000e-02   1.0000000e-09
   5.0000000e+02   1.4000000e+02   4.0000000e-02   3.0000000e-02   1.0000000e-09
   5.0000000e+02   1.4000000e+02   4.0000000e-02   3.0000000e-02   1.0000000e-09
   5.0000000e+02   1.4000000e+02   4.0000000e-02   3.0000000e-02   1.0000000e-09
   5.0000000e+02   1.4000000e+02   4.0000000e-02   3.0000000e-02   1.0000000e-09
   5.0000000e+02   1.4000000e+02   4.0000000e-02   3.0000000e-02   1.0000000e-09
   5.0000000e+02   1.4000000e+02   4.0000000e-02   3.0000000e-02   1.0000000e-09
   5.0000000e+02   1.4000000e+02   4.0000000e-02   3.0000000e-02   1.0000000e-09
   5.0000000e+02   1.4000000e+02   4.0000000e-02   3.0000000e-02   1.0000000e-09
   5.0000000e+02   1.4000000e+02   4.0000000e-02   3.0000000e-02   1.0000000e-09
   5.0000000e+02   1.4000000e+02   4.0000000e-02   3.0000000e-02   1.0000000e-09
   5.0000000e+02   1.4000000e+02   4.0000000e-02   3.0000000e-02   1.0000000e-09
   5.0000000e+02   1.4000000e+02   4.0000000e-02   3.0000000e-02   1.0000000e-09
   5.0000000e+02   1.4000000e+02   4.0000000e-02   3.0000000e-02   1.0000000e-09
   5.0000000e+02   1.4000000e+02   4.0000000e-02   3.0000000e-02   1.0000000e-09
   5.0000000e+02   1.4000000e+02   4.0000000e-02   3.0000000e-02   1.0000000e-09
   5.0000000e+02   1.4000000e+02   4.0000000e-02   3.0000000e-02   1.0000000e-09
   5.0000000e+02   1.4000000e+02   4.0000000e-02   3.0000000e-02   1.0000000e-09
   5.0000000e+02   1.4000000e+02   4.0000000e-02   3.0000000e-02   1.0000000e-09
   5.0000000e+02   1.4000000e+02   4.0000000e-02   3.0000000e-02   1.0000000e-09
   5.0000000e+02   1.4000000e+02   4.0000000e-02   3.0000000e-02   1.0000000e-09
   5.0000000e+02   1.4000000e+02   4.0000000e-02   3.0000000e-02   1.0000000e-09
   5.0000000e+02   1.4000000e+02   4.0000000e-02   3.0000000e-02   1.0000000e-09
   5.0000000e+02   1.4000000e+02   4.0000000e-02   3.0000000e-02   1.0000000e-09
   5.0000000e+02   1.4000000e+02   4.0000000e-02   3.0000000e-02   1.0000000e-09
   5.0000000e+02   1.4000000e+02   4.0000000e-02   3.0000000e-02   1.0000000e-09
   5.0000000e+02   1.4000000e+02   4.0000000e-02   3.0000000e-02   1.0000000e-09
   5.0000000e+02   1.4000000e+02   4.0000000e-02   3.0000000e-02   1.0000000e-09
   5.0000000e+02   1.4000000e+02   4.0000000e-02   3.0000000e-02   1.0000000e-09
   5.0000000e+02   1.4000000e+02   4.0000000e-02   3.0000000e-02   1.0000000e-09
   5.0000000e+02   1.4000000e+02   4.0000000e-02   3.0000000e-02   1.0000000e-09
   5.0000000e+02   1.4000000e+02   4.0000000e-02   3.0000000e-02   1.0000000e-09
   5.0000000e+02   1.4000000e+02   4.0000000e-02   3.0000000e-02   1.0000000e-09
   5.0000000e+02   1.4000000e+02   4.0000000e-02   3.0000000e-02   1.0000000e-09
   5.0000000e+02   1.4000000e+02   4.0000000e-02   3.0000000e-02   1.0000000e-09
   5.0000000e+02   1.4000000e+02   4.0000000e-02   3.0000000e-02   1.0000000e-09
   5.0000000e+02   1.4000000e+02   4.0000000e-02   3.0000000e-02   1.0000000e-09
   5.0000000e+02   1.4000000e+02   4.0000000e-02   3.0000000e-02   1.0000000e-09
   5.0000000e+02   1.4000000e+02   4.0000000e-02   3.0000000e-02   1.0000000e-09
   5.0000000e+02   1.4000000e+02   4.0000000e-02   3.0000000e-02   1.0000000e-09
   5.0000000e+02   1.4000000e+02   4.0000000e-02   3.0000000e-02   1.0000000e-09
   5.0000000e+02   1.4000000e+02   4.0000000e-02   3.0000000e-02   1.0000000e-09
   5.0000000e+02   1.4000000e+02   4.0000000e-02   3.0000000e-02   1.0000000e-09
   5.0000000e+02   1.4000000e+02   4.0000000e-02   3.0000000e-02   1.0000000e-09
   5.0000000e+02   1.4000000e+02   4.0000000e-02   3.0000000e-02   1.0000000e-09
   5.0000000e+02   1.4000000e+02   4.0000000e-02   3.0000000e-02   1.0000000e-09
   5.0000000e+02   1.4000000e+02   4.0000000e-02   3.0000000e-02   1.0000000e-09
   5.0000000e+02   1.4000000e+02   4.0000000e-02   3.0000000e-02   1.0000000e-09
   5.0000000e+02   1.4000000e+02   4.0000000e-02   3.0000000e-02   1.0000000e-09
   5.0000000e+02   1.4000000e+02   4.0000000e-02   3.0000000e-02   1.0000000e-09
   5.0000000e+02   1.4000000e+02   4.0000000e-02   3.0000000e-02   1.0000000e-09
   5.0000000e+02   1.4000000e+02   4.0000000e-02   3.0000000e-02   1.0000000e-09
   5.0000000e+02   1.4000000e+02   4.0000000e-02   3.0000000e-02   1.0000000e-09
   5.0000000e+02   1.4000000e+02   4.0000000e-02   3.0000000e-02   1.0000000e-09
   5.0000000e+02   1.4000000e+02   4.0000000e-02   3.0000000e-02   1.0000000e-09
   5.0000000e+02   1.4000000e+02   4.0000000e-02   3.0000000e-02   1.0000000e-09
   5.0000000e+02   1.4000000e+02   4.0000000e-02   3.0000000e-02   1.0000000e-09
   5.0000000e+02   1.4000000e+02   4.0000000e-02   3.0000000e-02   1.0000000e-09
   5.0000000e+02   1.4000000e+02   4.0000000e-02   3.0000000e-02   1.0000000e-09
   5.0000000e+02   1.4000000e+02   4.0000000e-02   3.0000000e-02   1.0000000e-09
   5.0000000e+02   1.4000000e+02   4.0000000e-02   3.0000000e-02   1.0000000e-09
   5.0000000e+02   1.4000000e+02   4.0000000e-02   3.0000000e-02   1.0000000e-09
   5.0000000e+02   1.4000000e+02   4.0000000e-02   3.0000000e-02   1.0000000e-09
   5.0000000e+02   1.4000000e+02   4.0000000e-02   3.0000000e-02   1.0000000e-09
   5.0000000e+02   1.4000000e+02   4.0000000e-02   3.0000000e-02   1.0000000e-09
   5.0000000e+02   1.4000000e+02   4.0000000e-02   3.0000000e-02   1.0000000e-09
   5.0000000e+02   1.4000000e+02   4.0000000e-02   3.0000000e-02   1.0000000e-09
   5.0000000e+02   1.4000000e+02   4.0000000e-02   3.0000000e-02   1.0000000e-09
   5.0000000e+02   1.4000000e+02   4.0000000e-02   3.0000000e-02   1.0000000e-09
   5.0000000e+02   1.4000000e+02   4.0000000e-02   3.0000000e-02   1.0000000e-09
   5.0000000e+02   1.4000000e+02   4.0000000e-02   3.0000000e-02   1.0000000e-09
   5.0000000e+02   1.4000000e+02   4.0000000e-02   3.0000000e-02   1.0000000e-09
   5.0000000e+02   1.4000000e+02   4.0000000e-02   3.0000000e-02   1.0000000e-09
   5.0000000e+02   1.4000000e+02   4.0000000e-02   3.0000000e-02   1.0000000e-09
   5.0000000e+02   1.4000000e+02   4.0000000e-02   3.0000000e-02   1.0000000e-09
   5.0000000e+02   1.4000000e+02   4.0000000e-02   3.0000000e-02   1.0000000e-09
   5.0000000e+02   1.4000000e+02   4.0000000e-02   3.0000000e-02   1.0000000e-09
   5.0000000e+02   1.4000000e+02   4.0000000e-02   3.0000000e-02   1.0000000e-09
   5.0000000e+02   1.4000000e+02   4.0000000e-02   3.0000000e-02   1.0000000e-09
   5.0000000e+02   1.4000000e+02   4.0000000e-02   3.0000000e-02   1.0000000e-09
   5.0000000e+02   1.4000000e+02   4.0000000e-02   3.0000000e-02   1.0000000e-09
   5.0000000e+02   1.4000000e+02   4.0000000e-02   3.0000000e-02   1.0000000e-09
   5.0000000e+02   1.4000000e+02   4.0000000e-02   3.0000000e-02   1.0000000e-09
   5.0000000e+02   1.4000000e+02   4.0000000e-02   3.0000000e-02   1.0000000e-09
   5.0000000e+02   1.4000000e+02   4.0000000e-02   3.0000000e-02   1.0000000e-09
   5.0000000e+02   1.4000000e+02   4.0000000e-02   3.0000000e-02   1.0000000e-09
   5.0000000e+02   1.4000000e+02   4.0000000e-02   3.0000000e-02   1.0000000e-09
   5.0000000e+02   1.4000000e+02   4.0000000e-02   3.0000000e-02   1.0000000e-09
   5.0000000e+02   1.4000000e+02   4.0000000e-02   3.0000000e-02   1.0000000e-09
   5.0000000e+02   1.4000000e+02   4.0000000e-02   3.0000000e-02   1.0000000e-09
   5.0000000e+02   1.4000000e+02   4.0000000e-02   3.0000000e-02   1.0000000e-09
   5.0000000e+02   1.4000000e+02   4.0000000e-02   3.0000000e-02   1.0000000e-09
   5.0000000e+02   1.4000000e+02   4.0000000e-02   3.0000000e-02   1.0000000e-09
   5.0000000e+02   1.4000000e+02   4.0000000e-02   3.0000000e-02   1.0000000e-09
   5.0000000e+02   1.4000000e+02   4.0000000e-02   3.0000000e-02   1.0000000e-09
   5.0000000e+02   1.4000000e+02   4.0000000e-02   3.0000000e-02   1.0000000e-09
   5.0000000e+02   1.4000000e+02   4.0000000e-02   3.0000000e-02   1.0000000e-09
   5.0000000e+02   1.4000000e+02   4.0000000e-02   3.0000000e-02   1.0000000e-09
   5.0000000e+02   1.4000000e+02   4.0000000e-02   3.0000000e-02   1.0000000e-09
   5.0000000e+02   1.4000000e+02   4.0000000e-02   3.0000000e-02   1.0000000e-09
   5.0000000e+02   1.4000000e+02   4.0000000e-02   3.0000000e-02   1.0000000e-09
   5.0000000e+02   1.4000000e+02   4.0000000e-02   3.0000000e-02   1.0000000e-09
   5.0000000e+02   1.4000000e+02   4.0000000e-02   3.0000000e-02   1.0000000e-09
   5.0000000e+02   1.4000000e+02   4.0000000e-02   3.0000000e-02   1.0000000e-09
   5.0000000e+02   1.4000000e+02   4.0000000e-02   3.0000000e-02   1.0000000e-09
   5.0000000e+02   1.4000000e+02   4.0000000e-02   3.0000000e-02   1.0000000e-09
   5.0000000e+02   1.4000000e+02   4.0000000e-02   3.0000000e-02   1.0000000e-09
   5.0000000e+02   1.4000000e+02   4.0000000e-02   3.0000000e-02   1.0000000e-09
   5.0000000e+02   1.4000000e+02   4.0000000e-02   3.0000000e-02   1.0000000e-09
   5.0000000e+02   1.4000000e+02   4.0000000e-02   3.0000000e-02   1.0000000e-09
   5.0000000e+02   1.4000000e+02   4.0000000e-02   3.0000000e-02   1.0000000e-09
   5.0000000e+02   1.4000000e+02   4.0000000e-02   3.0000000e-02   1.0000000e-09
   5.0000000e+02   1.4000000e+02   4.0000000e-02   3.0000000e-02   1.0000000e-09
   5.0000000e+02   1.4000000e+02   4.0000000e-02   3.0000000e-02   1.0000000e-09
   5.0000000e+02   1.4000000e+02   4.0000000e-02   3.0000000e-02   1.0000000e-09
   5.0000000e+02   1.4000000e+02   4.0000000e-02   3.0000000e-02   1.0000000e-09
   5.0000000e+02   1.4000000e+02   4.0000000e-02   3.0000000e-02   1.0000000e-09
   5.0000000e+02   1.4000000e+02   4.0000000e-02   3.0000000e-02   1.0000000e-09
   5.0000000e+02   1.4000000e+02   4.0000000e-02   3.0000000e-02   1.0000000e-09
   5.0000000e+02   1.4000000e+02   4.0000000e-02   3.0000000e-02   1.0000000e-09
   5.0000000e+02   1.4000000e+02   4.0000000e-02   3.0000000e-02   1.0000000e-09
   5.0000000e+02   1.4000000e+02   4.0000000e-02   3.0000000e-02   1.0000000e-09
   5.0000000e+02   1.4000000e+02   4.0000000e-02   3.0000000e-02   1.0000000e-09
   5.0000000e+02   1.4000000e+02   4.0000000e-02   3.0000000e-02   1.0000000e-09
   5.0000000e+02   1.4000000e+02   4.0000000e-02   3.0000000e-02   1.0000000e-09
   5.0000000e+02   1.4000000e+02   4.0000000e-02   3.0000000e-02   1.0000000e-09
   5.0000000e+02   1.4000000e+02   4.0000000e-02   3.0000000e-02   1.0000000e-09
   5.0000000e+02   1.4000000e+02   4.0000000e-02   3.0000000e-02   1.0000000e-09
   5.0000000e+02   1.4000000e+02   4.0000000e-02   3.0000000e-02   1.0000000e-09
   5.0000000e+02   1.4000000e+02   4.0000000e-02   3.0000000e-02   1.0000000e-09
   5.0000000e+02   1.4000000e+02   4.0000000e-02   3.0000000e-02   1.0000000e-09
   5.0000000e+02   1.4000000e+02   4.0000000e-02   3.0000000e-02   1.0000000e-09
   5.0000000e+02   1.4000000e+02   4.0000000e-02   3.0000000e-02   1.0000000e-09
   5.0000000e+02   1.4000000e+02   4.0000000e-02   3.0000000e-02   1.0000000e-09
   5.0000000e+02   1.4000000e+02   4.0000000e-02   3.0000000e-02   1.0000000e-09
   5.0000000e+02   1.4000000e+02   4.0000000e-02   3.0000000e-02   1.0000000e-09
   5.0000000e+02   1.4000000e+02   4.0000000e-02   3.0000000e-02   1.0000000e-09
   5.0000000e+02   1.4000000e+02   4.0000000e-02   3.0000000e-02   1.0000000e-09
   5.0000000e+02   1.4000000e+02   4.0000000e-02   3.0000000e-02   1.0000000e-09
   5.0000000e+02   1.4000000e+02   4.0000000e-02   3.0000000e-02   1.0000000e-09
   5.0000000e+02   1.4000000e+02   4.0000000e-02   3.0000000e-02   1.0000000e-09
   5.0000000e+02   1.4000000e+02   4.0000000e-02   3.0000000e-02   1.0000000e-09
   5.0000000e+02   1.4000000e+02   4.0000000e-02   3.0000000e-02   1.0000000e-09
   5.0000000e+02   1.4000000e+02   4.0000000e-02   3.0000000e-02   1.0000000e-09
   5.0000000e+02   1.4000000e+02   4.0000000e-02   3.0000000e-02   1.0000000e-09
   5.0000000e+02   1.4000000e+02   4.0000000e-02   3.0000000e-02   1.0000000e-09
   5.0000000e+02   1.4000000e+02   4.0000000e-02   3.0000000e-02   1.0000000e-09
   5.0000000e+02   1.4000000e+02   4.0000000e-02   3.0000000e-02   1.0000000e-09
   5.0000000e+02   1.4000000e+02   4.0000000e-02   3.0000000e-02   1.0000000e-09
   5.0000000e+02   1.4000000e+02   4.0000000e-02   3.0000000e-02   1.0000000e-09
   5.0000000e+02   1.4000000e+02   4.0000000e-02   3.0000000e-02   1.0000000e-09
   5.0000000e+02   1.4000000e+02   4.0000000e-02   3.0000000e-02   1.0000000e-09
   5.0000000e+02   1.4000000e+02   4.0000000e-02   3.0000000e-02   1.0000000e-09
   5.0000000e+02   1.4000000e+02   4.0000000e-02   3.0000000e-02   1.0000000e-09
   5.0000000e+02   1.4000000e+02   4.0000000e-02   3.0000000e-02   1.0000000e-09
   5.0000000e+02   1.4000000e+02   4.0000000e-02   3.0000000e-02   1.0000000e-09
   5.0000000e+02   1.4000000e+02   4.0000000e-02   3.0000000e-02   1.0000000e-09
   5.0000000e+02   1.4000000e+02   4.0000000e-02   3.0000000e-02   1.0000000e-09
   5.0000000e+02   1.4000000e+02   4.0000000e-02   3.0000000e-02   1.0000000e-09
   5.0000000e+02   1.4000000e+02   4.0000000e-02   3.0000000e-02   1.0000000e-09
   5.0000000e+02   1.4000000e+02   4.0000000e-02   3.0000000e-02   1.0000000e-09
   5.0000000e+02   1.4000000e+02   4.0000000e-02   3.0000000e-02   1.0000000e-09
   5.0000000e+02   1.4000000e+02   4.0000000e-02   3.0000000e-02   1.0000000e-09
   5.0000000e+02   1.4000000e+02   4.0000000e-02   3.0000000e-02   1.0000000e-09
   5.0000000e+02   1.4000000e+02   4.0000000e-02   3.0000000e-02   1.0000000e-09
   5.0000000e+02   1.4000000e+02   4.0000000e-02   3.0000000e-02   1.0000000e-09
   5.0000000e+02   1.4000000e+02   4.0000000e-02   3.0000000e-02   1.0000000e-09
   5.0000000e+02   1.4000000e+02   4.0000000e-02   3.0000000e-02   1.0000000e-09
   5.0000000e+02   1.4000000e+02   4.0000000e-02   3.0000000e-02   1.0000000e-09
   5.0000000e+02   1.4000000e+02   4.0000000e-02   3.0000000e-02   1.0000000e-09
   5.0000000e+02   1.4000000e+02   4.0000000e-02   3.0000000e-02   1.0000000e-09
   5.0000000e+02   1.4000000e+02   4.0000000e-02   3.0000000e-02   1.0000000e-09
   5.0000000e+02   1.4000000e+02   4.0000000e-02   3.0000000e-02   1.0000000e-09
   5.0000000e+02   1.4000000e+02   4.0000000e-02   3.0000000e-02   1.0000000e-09
   5.0000000e+02   1.4000000e+02   4.0000000e-02   3.0000000e-02   1.0000000e-09
   5.0000000e+02   1.4000000e+02   4.0000000e-02   3.0000000e-02   1.0000000e-09
   5.0000000e+02   1.4000000e+02   4.0000000e-02   3.0000000e-02   1.0000000e-09
   5.0000000e+02   1.4000000e+02   4.0000000e-02   3.0000000e-02   1.0000000e-09
   5.0000000e+02   1.4000000e+02   4.0000000e-02   3.0000000e-02   1.0000000e-09
   5.0000000e+02   1.4000000e+02   4.0000000e-02   3.0000000e-02   1.0000000e-09
   5.0000000e+02   1.4000000e+02   4.0000000e-02   3.0000000e-02   1.0000000e-09
   5.0000000e+02   1.4000000e+02   4.0000000e-02   3.0000000e-02   1.0000000e-09
   5.0000000e+02   1.4000000e+02   4.0000000e-02   3.0000000e-02   1.0000000e-09
   5.0000000e+02   1.4000000e+02   4.0000000e-02   3.0000000e-02   1.0000000e-09
   5.0000000e+02   1.4000000e+02   4.0000000e-02   3.0000000e-02   1.0000000e-09
   5.0000000e+02   1.4000000e+02   4.0000000e-02   3.0000000e-02   1.0000000e-09
   5.0000000e+02   1.4000000e+02   4.0000000e-02   3.0000000e-02   1.0000000e-09
   5.0000000e+02   1.4000000e+02   4.0000000e-02   3.0000000e-02   1.0000000e-09
   5.0000000e+02   1.4000000e+02   4.0000000e-02   3.0000000e-02   1.0000000e-09
   5.0000000e+02   1.4000000e+02   4.0000000e-02   3.0000000e-02   1.0000000e-09
   5.0000000e+02   1.4000000e+02   4.0000000e-02   3.0000000e-02   1.0000000e-09
   5.0000000e+02   1.4000000e+02   4.0000000e-02   3.0000000e-02   1.0000000e-09
   5.0000000e+02   1.4000000e+02   4.0000000e-02   3.0000000e-02   1.0000000e-09
   5.0000000e+02   1.4000000e+02   4.0000000e-02   3.0000000e-02   1.0000000e-09
   5.0000000e+02   1.4000000e+02   4.0000000e-02   3.0000000e-02   1.0000000e-09
   5.0000000e+02   1.4000000e+02   4.0000000e-02   3.0000000e-02   1.0000000e-09
   5.0000000e+02   1.4000000e+02   4.0000000e-02   3.0000000e-02   1.0000000e-09
   5.0000000e+02   1.4000000e+02   4.0000000e-02   3.0000000e-02   1.0000000e-09
   5.0000000e+02   1.4000000e+02   4.0000000e-02   3.0000000e-02   1.0000000e-09
   5.0000000e+02   1.4000000e+02   4.0000000e-02   3.0000000e-02   1.0000000e-09
   5.0000000e+02   1.4000000e+02   4.0000000e-02   3.0000000e-02   1.0000000e-09
   5.0000000e+02   1.4000000e+02   4.0000000e-02   3.0000000e-02   1.0000000e-09
   5.0000000e+02   1.4000000e+02   4.0000000e-02   3.0000000e-02   1.0000000e-09
   5.0000000e+02   1.4000000e+02   4.0000000e-02   3.0000000e-02   1.0000000e-09
   5.0000000e+02   1.4000000e+02   4.0000000e-02   3.0000000e-02   1.0000000e-09
   5.0000000e+02   1.4000000e+02   4.0000000e-02   3.0000000e-02   1.0000000e-09
   5.0000000e+02   1.4000000e+02   4.0000000e-02   3.0000000e-02   1.0000000e-09
   5.0000000e+02   1.4000000e+02   4.0000000e-02   3.0000000e-02   1.0000000e-09
   5.0000000e+02   1.4000000e+02   4.0000000e-02   3.0000000e-02   1.0000000e-09
   5.0000000e+02   1.4000000e+02   4.0000000e-02   3.0000000e-02   1.0000000e-09
   5.0000000e+02   1.4000000e+02   4.0000000e-02   3.0000000e-02   1.0000000e-09
   5.0000000e+02   1.4000000e+02   4.0000000e-02   3.0000000e-02   1.0000000e-09
   5.0000000e+02   1.4000000e+02   4.0000000e-02   3.0000000e-02   1.0000000e-09
   5.0000000e+02   1.4000000e+02   4.0000000e-02   3.0000000e-02   1.0000000e-09
   5.0000000e+02   1.4000000e+02   4.0000000e-02   3.0000000e-02   1.0000000e-09
   5.0000000e+02   1.4000000e+02   4.0000000e-02   3.0000000e-02   1.0000000e-09
   5.0000000e+02   1.4000000e+02   4.0000000e-02   3.0000000e-02   1.0000000e-09
   5.0000000e+02   1.4000000e+02   4.0000000e-02   3.0000000e-02   1.0000000e-09
   5.0000000e+02   1.4000000e+02   4.0000000e-02   3.0000000e-02   1.0000000e-09
   5.0000000e+02   1.4000000e+02   4.0000000e-02   3.0000000e-02   1.0000000e-09
   5.0000000e+02   1.4000000e+02   4.0000000e-02   3.0000000e-02   1.0000000e-09
   5.0000000e+02   1.4000000e+02   4.0000000e-02   3.0000000e-02   1.0000000e-09
   5.0000000e+02   1.4000000e+02   4.0000000e-02   3.0000000e-02   1.0000000e-09
   5.0000000e+02   1.4000000e+02   4.0000000e-02   3.0000000e-02   1.0000000e-09
   5.0000000e+02   1.4000000e+02   4.0000000e-02   3.0000000e-02   1.0000000e-09
   5.0000000e+02   1.4000000e+02   4.0000000e-02   3.0000000e-02   1.0000000e-09
   5.0000000e+02   1.4000000e+02   4.0000000e-02   3.0000000e-02   1.0000000e-09
   5.0000000e+02   1.4000000e+02   4.0000000e-02   3.0000000e-02   1.0000000e-09
   5.0000000e+02   1.4000000e+02   4.0000000e-02   3.0000000e-02   1.0000000e-09
   5.0000000e+02   1.4000000e+02   4.0000000e-02   3.0000000e-02   1.0000000e-09
   5.0000000e+02   1.4000000e+02   4.0000000e-02   3.0000000e-02   1.0000000e-09
   5.0000000e+02   1.4000000e+02   4.0000000e-02   3.0000000e-02   1.0000000e-09
   5.0000000e+02   1.4000000e+02   4.0000000e-02   3.0000000e-02   1.0000000e-09
   5.0000000e+02   1.4000000e+02   4.0000000e-02   3.0000000e-02   1.0000000e-09
   5.0000000e+02   1.4000000e+02   4.0000000e-02   3.0000000e-02   1.0000000e-09
   5.0000000e+02   1.4000000e+02   4.0000000e-02   3.0000000e-02   1.0000000e-09
   5.0000000e+02   1.4000000e+02   4.0000000e-02   3.0000000e-02   1.0000000e-09
   5.0000000e+02   1.4000000e+02   4.0000000e-02   3.0000000e-02   1.0000000e-09
   5.0000000e+02   1.4000000e+02   4.0000000e-02   3.0000000e-02   1.0000000e-09
   5.0000000e+02   1.4000000e+02   4.0000000e-02   3.0000000e-02   1.0000000e-09
   5.0000000e+02   1.4000000e+02   4.0000000e-02   3.0000000e-02   1.0000000e-09
   5.0000000e+02   1.4000000e+02   4.0000000e-02   3.0000000e-02   1.0000000e-09
   5.0000000e+02   1.4000000e+02   4.0000000e-02   3.0000000e-02   1.0000000e-09
   5.0000000e+02   1.4000000e+02   4.0000000e-02   3.0000000e-02   1.0000000e-09
   5.0000000e+02   1.4000000e+02   4.0000000e-02   3.0000000e-02   1.0000000e-09
   5.0000000e+02   1.4000000e+02   4.0000000e-02   3.0000000e-02   1.0000000e-09
   5.0000000e+02   1.4000000e+02   4.0000000e-02   3.0000000e-02   1.0000000e-09
   5.0000000e+02   1.4000000e+02   4.0000000e-02   3.0000000e-02   1.0000000e-09
   5.0000000e+02   1.4000000e+02   4.0000000e-02   3.0000000e-02   1.0000000e-09
   5.0000000e+02   1.4000000e+02   4.0000000e-02   3.0000000e-02   1.0000000e-09
   5.0000000e+02   1.4000000e+02   4.0000000e-02   3.0000000e-02   1.0000000e-09
   5.0000000e+02   1.4000000e+02   4.0000000e-02   3.0000000e-02   1.0000000e-09
   5.0000000e+02   1.4000000e+02   4.0000000e-02   3.0000000e-02   1.0000000e-09
   5.0000000e+02   1.4000000e+02   4.0000000e-02   3.0000000e-02   1.0000000e-09
   5.0000000e+02   1.4000000e+02   4.0000000e-02   3.0000000e-02   1.0000000e-09
   5.0000000e+02   1.4000000e+02   4.0000000e-02   3.0000000e-02   1.0000000e-09
   5.0000000e+02   1.4000000e+02   4.0000000e-02   3.0000000e-02   1.0000000e-09
   5.0000000e+02   1.4000000e+02   4.0000000e-02   3.0000000e-02   1.0000000e-09
   5.0000000e+02   1.4000000e+02   4.0000000e-02   3.0000000e-02   1.0000000e-09
   5.0000000e+02   1.4000000e+02   4.0000000e-02   3.0000000e-02   1.0000000e-09
   5.0000000e+02   1.4000000e+02   4.0000000e-02   3.0000000e-02   1.0000000e-09
   5.0000000e+02   1.4000000e+02   4.0000000e-02   3.0000000e-02   1.0000000e-09
   5.0000000e+02   1.4000000e+02   4.0000000e-02   3.0000000e-02   1.0000000e-09
   5.0000000e+02   1.4000000e+02   4.0000000e-02   3.0000000e-02   1.0000000e-09
   5.0000000e+02   1.4000000e+02   4.0000000e-02   3.0000000e-02   1.0000000e-09
   5.0000000e+02   1.4000000e+02   4.0000000e-02   3.0000000e-02   1.0000000e-09
   5.0000000e+02   1.4000000e+02   4.0000000e-02   3.0000000e-02   1.0000000e-09
   5.0000000e+02   1.4000000e+02   4.0000000e-02   3.0000000e-02   1.0000000e-09
   5.0000000e+02   1.4000000e+02   4.0000000e-02   3.0000000e-02   1.0000000e-09
   5.0000000e+02   1.4000000e+02   4.0000000e-02   3.0000000e-02   1.0000000e-09
   5.0000000e+02   1.4000000e+02   4.0000000e-02   3.0000000e-02   1.0000000e-09
   5.0000000e+02   1.4000000e+02   4.0000000e-02   3.0000000e-02   1.0000000e-09
   5.0000000e+02   1.4000000e+02   4.0000000e-02   3.0000000e-02   1.0000000e-09
   5.0000000e+02   1.4000000e+02   4.0000000e-02   3.0000000e-02   1.0000000e-09
   5.0000000e+02   1.4000000e+02   4.0000000e-02   3.0000000e-02   1.0000000e-09
   5.0000000e+02   1.4000000e+02   4.0000000e-02   3.0000000e-02   1.0000000e-09
   5.0000000e+02   1.4000000e+02   4.0000000e-02   3.0000000e-02   1.0000000e-09
   5.0000000e+02   1.4000000e+02   4.0000000e-02   3.0000000e-02   1.0000000e-09
   5.0000000e+02   1.4000000e+02   4.0000000e-02   3.0000000e-02   1.0000000e-09
   5.0000000e+02   1.4000000e+02   4.0000000e-02   3.0000000e-02   1.0000000e-09
   5.0000000e+02   1.4000000e+02   4.0000000e-02   3.0000000e-02   1.0000000e-09
   5.0000000e+02   1.4000000e+02   4.0000000e-02   3.0000000e-02   1.0000000e-09
   5.0000000e+02   1.4000000e+02   4.0000000e-02   3.0000000e-02   1.0000000e-09
   5.0000000e+02   1.4000000e+02   4.0000000e-02   3.0000000e-02   1.0000000e-09
   5.0000000e+02   1.4000000e+02   4.0000000e-02   3.0000000e-02   1.0000000e-09
   5.0000000e+02   1.4000000e+02   4.0000000e-02   3.0000000e-02   1.0000000e-09
   5.0000000e+02   1.4000000e+02   4.0000000e-02   3.0000000e-02   1.0000000e-09
   5.0000000e+02   1.4000000e+02   4.0000000e-02   3.0000000e-02   1.0000000e-09
   5.0000000e+02   1.4000000e+02   4.0000000e-02   3.0000000e-02   1.0000000e-09
   5.0000000e+02   1.4000000e+02   4.0000000e-02   3.0000000e-02   1.0000000e-09
   5.0000000e+02   1.4000000e+02   4.0000000e-02   3.0000000e-02   1.0000000e-09
   5.0000000e+02   1.4000000e+02   4.0000000e-02   3.0000000e-02   1.0000000e-09
   5.0000000e+02   1.4000000e+02   4.0000000e-02   3.0000000e-02   1.0000000e-09
   5.0000000e+02   1.4000000e+02   4.0000000e-02   3.0000000e-02   1.0000000e-09
   5.0000000e+02   1.4000000e+02   4.0000000e-02   3.0000000e-02   1.0000000e-09
   5.0000000e+02   1.4000000e+02   4.0000000e-02   3.0000000e-02   1.0000000e-09
   5.0000000e+02   1.4000000e+02   4.0000000e-02   3.0000000e-02   1.0000000e-09
   5.0000000e+02   1.4000000e+02   4.0000000e-02   3.0000000e-02   1.0000000e-09
   5.0000000e+02   1.4000000e+02   4.0000000e-02   3.0000000e-02   1.0000000e-09
   5.0000000e+02   1.4000000e+02   4.0000000e-02   3.0000000e-02   1.0000000e-09
   5.0000000e+02   1.4000000e+02   4.0000000e-02   3.0000000e-02   1.0000000e-09
   5.0000000e+02   1.4000000e+02   4.0000000e-02   3.0000000e-02   1.0000000e-09
   5.0000000e+02   1.4000000e+02   4.0000000e-02   3.0000000e-02   1.0000000e-09
   5.0000000e+02   1.4000000e+02   4.0000000e-02   3.0000000e-02   1.0000000e-09
   5.0000000e+02   1.4000000e+02   4.0000000e-02   3.0000000e-02   1.0000000e-09
   5.0000000e+02   1.4000000e+02   4.0000000e-02   3.0000000e-02   1.0000000e-09
   5.0000000e+02   1.4000000e+02   4.0000000e-02   3.0000000e-02   1.0000000e-09
   5.0000000e+02   1.4000000e+02   4.0000000e-02   3.0000000e-02   1.0000000e-09
   5.0000000e+02   1.4000000e+02   4.0000000e-02   3.0000000e-02   1.0000000e-09
   5.0000000e+02   1.4000000e+02   4.0000000e-02   3.0000000e-02   1.0000000e-09
   5.0000000e+02   1.4000000e+02   4.0000000e-02   3.0000000e-02   1.0000000e-09
   5.0000000e+02   1.4000000e+02   4.0000000e-02   3.0000000e-02   1.0000000e-09
   5.0000000e+02   1.4000000e+02   4.0000000e-02   3.0000000e-02   1.0000000e-09
   5.0000000e+02   1.4000000e+02   4.0000000e-02   3.0000000e-02   1.0000000e-09
   5.0000000e+02   1.4000000e+02   4.0000000e-02   3.0000000e-02   1.0000000e-09
   5.0000000e+02   1.4000000e+02   4.0000000e-02   3.0000000e-02   1.0000000e-09
   5.0000000e+02   1.4000000e+02   4.0000000e-02   3.0000000e-02   1.0000000e-09
   5.0000000e+02   1.4000000e+02   4.0000000e-02   3.0000000e-02   1.0000000e-09
   5.0000000e+02   1.4000000e+02   4.0000000e-02   3.0000000e-02   1.0000000e-09
   5.0000000e+02   1.4000000e+02   4.0000000e-02   3.0000000e-02   1.0000000e-09
   5.0000000e+02   1.4000000e+02   4.0000000e-02   3.0000000e-02   1.0000000e-09
   5.0000000e+02   1.4000000e+02   4.0000000e-02   3.0000000e-02   1.0000000e-09
   5.0000000e+02   1.4000000e+02   4.0000000e-02   3.0000000e-02   1.0000000e-09
   5.0000000e+02   1.4000000e+02   4.0000000e-02   3.0000000e-02   1.0000000e-09
   5.0000000e+02   1.4000000e+02   4.0000000e-02   3.0000000e-02   1.0000000e-09
   5.0000000e+02   1.4000000e+02   4.0000000e-02   3.0000000e-02   1.0000000e-09
   5.0000000e+02   1.4000000e+02   4.0000000e-02   3.0000000e-02   1.0000000e-09
   5.0000000e+02   1.4000000e+02   4.0000000e-02   3.0000000e-02   1.0000000e-09
   5.0000000e+02   1.4000000e+02   4.0000000e-02   3.0000000e-02   1.0000000e-09
   5.0000000e+02   1.4000000e+02   4.0000000e-02   3.0000000e-02   1.0000000e-09
   5.0000000e+02   1.4000000e+02   4.0000000e-02   3.0000000e-02   1.0000000e-09
   5.0000000e+02   1.4000000e+02   4.0000000e-02   3.0000000e-02   1.0000000e-09
   5.0000000e+02   1.4000000e+02   4.0000000e-02   3.0000000e-02   1.0000000e-09
   5.0000000e+02   1.4000000e+02   4.0000000e-02   3.0000000e-02   1.0000000e-09
   5.0000000e+02   1.4000000e+02   4.0000000e-02   3.0000000e-02   1.0000000e-09
   5.0000000e+02   1.4000000e+02   4.0000000e-02   3.0000000e-02   1.0000000e-09
   5.0000000e+02   1.4000000e+02   4.0000000e-02   3.0000000e-02   1.0000000e-09
   5.0000000e+02   1.4000000e+02   4.0000000e-02   3.0000000e-02   1.0000000e-09
   5.0000000e+02   1.4000000e+02   4.0000000e-02   3.0000000e-02   1.0000000e-09
   5.0000000e+02   1.4000000e+02   4.0000000e-02   3.0000000e-02   1.0000000e-09
   5.0000000e+02   1.4000000e+02   4.0000000e-02   3.0000000e-02   1.0000000e-09
   5.0000000e+02   1.4000000e+02   4.0000000e-02   3.0000000e-02   1.0000000e-09
   5.0000000e+02   1.4000000e+02   4.0000000e-02   3.0000000e-02   1.0000000e-09
   5.0000000e+02   1.4000000e+02   4.0000000e-02   3.0000000e-02   1.0000000e-09
   5.0000000e+02   1.4000000e+02   4.0000000e-02   3.0000000e-02   1.0000000e-09
   5.0000000e+02   1.4000000e+02   4.0000000e-02   3.0000000e-02   1.0000000e-09
   5.0000000e+02   1.4000000e+02   4.0000000e-02   3.0000000e-02   1.0000000e-09
   5.0000000e+02   1.4000000e+02   4.0000000e-02   3.0000000e-02   1.0000000e-09
   5.0000000e+02   1.4000000e+02   4.0000000e-02   3.0000000e-02   1.0000000e-09
   5.0000000e+02   1.4000000e+02   4.0000000e-02   3.0000000e-02   1.0000000e-09
   5.0000000e+02   1.4000000e+02   4.0000000e-02   3.0000000e-02   1.0000000e-09
   5.0000000e+02   1.4000000e+02   4.0000000e-02   3.0000000e-02   1.0000000e-09
   5.0000000e+02   1.4000000e+02   4.0000000e-02   3.0000000e-02   1.0000000e-09
   5.0000000e+02   1.4000000e+02   4.0000000e-02   3.0000000e-02   1.0000000e-09
   5.0000000e+02   1.4000000e+02   4.0000000e-02   3.0000000e-02   1.0000000e-09
   5.0000000e+02   1.4000000e+02   4.0000000e-02   3.0000000e-02   1.0000000e-09
   5.0000000e+02   1.4000000e+02   4.0000000e-02   3.0000000e-02   1.0000000e-09
   5.0000000e+02   1.4000000e+02   4.0000000e-02   3.0000000e-02   1.0000000e-09
   5.0000000e+02   1.4000000e+02   4.0000000e-02   3.0000000e-02   1.0000000e-09
   5.0000000e+02   1.4000000e+02   4.0000000e-02   3.0000000e-02   1.0000000e-09
   5.0000000e+02   1.4000000e+02   4.0000000e-02   3.0000000e-02   1.0000000e-09
   5.0000000e+02   1.4000000e+02   4.0000000e-02   3.0000000e-02   1.0000000e-09
   5.0000000e+02   1.4000000e+02   4.0000000e-02   3.0000000e-02   1.0000000e-09
   5.0000000e+02   1.4000000e+02   4.0000000e-02   3.0000000e-02   1.0000000e-09
   5.0000000e+02   1.4000000e+02   4.0000000e-02   3.0000000e-02   1.0000000e-09
   5.0000000e+02   1.4000000e+02   4.0000000e-02   3.0000000e-02   1.0000000e-09
   5.0000000e+02   1.4000000e+02   4.0000000e-02   3.0000000e-02   1.0000000e-09
   5.0000000e+02   1.4000000e+02   4.0000000e-02   3.0000000e-02   1.0000000e-09
   5.0000000e+02   1.4000000e+02   4.0000000e-02   3.0000000e-02   1.0000000e-09
   5.0000000e+02   1.4000000e+02   4.0000000e-02   3.0000000e-02   1.0000000e-09
   5.0000000e+02   1.4000000e+02   4.0000000e-02   3.0000000e-02   1.0000000e-09
   5.0000000e+02   1.4000000e+02   4.0000000e-02   3.0000000e-02   1.0000000e-09
   5.0000000e+02   1.4000000e+02   4.0000000e-02   3.0000000e-02   1.0000000e-09
   5.0000000e+02   1.4000000e+02   4.0000000e-02   3.0000000e-02   1.0000000e-09
   5.0000000e+02   1.4000000e+02   4.0000000e-02   3.0000000e-02   1.0000000e-09
   5.0000000e+02   1.4000000e+02   4.0000000e-02   3.0000000e-02   1.0000000e-09
   5.0000000e+02   1.4000000e+02   4.0000000e-02   3.0000000e-02   1.0000000e-09
   5.0000000e+02   1.4000000e+02   4.0000000e-02   3.0000000e-02   1.0000000e-09
   5.0000000e+02   1.4000000e+02   4.0000000e-02   3.0000000e-02   1.0000000e-09
   5.0000000e+02   1.4000000e+02   4.0000000e-02   3.0000000e-02   1.0000000e-09
   5.0000000e+02   1.4000000e+02   4.0000000e-02   3.0000000e-02   1.0000000e-09
   5.0000000e+02   1.4000000e+02   4.0000000e-02   3.0000000e-02   1.0000000e-09
   5.0000000e+02   1.4000000e+02   4.0000000e-02   3.0000000e-02   1.0000000e-09
   5.0000000e+02   1.4000000e+02   4.0000000e-02   3.0000000e-02   1.0000000e-09
   5.0000000e+02   1.4000000e+02   4.0000000e-02   3.0000000e-02   1.0000000e-09
   5.0000000e+02   1.4000000e+02   4.0000000e-02   3.0000000e-02   1.0000000e-09
   5.0000000e+02   1.4000000e+02   4.0000000e-02   3.0000000e-02   1.0000000e-09
   5.0000000e+02   1.4000000e+02   4.0000000e-02   3.0000000e-02   1.0000000e-09
   5.0000000e+02   1.4000000e+02   4.0000000e-02   3.0000000e-02   1.0000000e-09
   5.0000000e+02   1.4000000e+02   4.0000000e-02   3.0000000e-02   1.0000000e-09
   5.0000000e+02   1.4000000e+02   4.0000000e-02   3.0000000e-02   1.0000000e-09
   5.0000000e+02   1.4000000e+02   4.0000000e-02   3.0000000e-02   1.0000000e-09
   5.0000000e+02   1.4000000e+02   4.0000000e-02   3.0000000e-02   1.0000000e-09
   5.0000000e+02   1.4000000e+02   4.0000000e-02   3.0000000e-02   1.0000000e-09
   5.0000000e+02   1.4000000e+02   4.0000000e-02   3.0000000e-02   1.0000000e-09
   5.0000000e+02   1.4000000e+02   4.0000000e-02   3.0000000e-02   1.0000000e-09
   5.0000000e+02   1.4000000e+02   4.0000000e-02   3.0000000e-02   1.0000000e-09
   5.0000000e+02   1.4000000e+02   4.0000000e-02   3.0000000e-02   1.0000000e-09
   5.0000000e+02   1.4000000e+02   4.0000000e-02   3.0000000e-02   1.0000000e-09
   5.0000000e+02   1.4000000e+02   4.0000000e-02   3.0000000e-02   1.0000000e-09
   5.0000000e+02   1.4000000e+02   4.0000000e-02   3.0000000e-02   1.0000000e-09
   5.0000000e+02   1.4000000e+02   4.0000000e-02   3.0000000e-02   1.0000000e-09
   5.0000000e+02   1.4000000e+02   4.0000000e-02   3.0000000e-02   1.0000000e-09
   5.0000000e+02   1.4000000e+02   4.0000000e-02   3.0000000e-02   1.0000000e-09
   5.0000000e+02   1.4000000e+02   4.0000000e-02   3.0000000e-02   1.0000000e-09
   5.0000000e+02   1.4000000e+02   4.0000000e-02   3.0000000e-02   1.0000000e-09
   5.0000000e+02   1.4000000e+02   4.0000000e-02   3.0000000e-02   1.0000000e-09
   5.0000000e+02   1.4000000e+02   4.0000000e-02   3.0000000e-02   1.0000000e-09
   5.0000000e+02   1.4000000e+02   4.0000000e-02   3.0000000e-02   1.0000000e-09
   5.0000000e+02   1.4000000e+02   4.0000000e-02   3.0000000e-02   1.0000000e-09
   5.0000000e+02   1.4000000e+02   4.0000000e-02   3.0000000e-02   1.0000000e-09
   5.0000000e+02   1.4000000e+02   4.0000000e-02   3.0000000e-02   1.0000000e-09
   5.0000000e+02   1.4000000e+02   4.0000000e-02   3.0000000e-02   1.0000000e-09
   5.0000000e+02   1.4000000e+02   4.0000000e-02   3.0000000e-02   1.0000000e-09
   5.0000000e+02   1.4000000e+02   4.0000000e-02   3.0000000e-02   1.0000000e-09
   5.0000000e+02   1.4000000e+02   4.0000000e-02   3.0000000e-02   1.0000000e-09
   5.0000000e+02   1.4000000e+02   4.0000000e-02   3.0000000e-02   1.0000000e-09
   5.0000000e+02   1.4000000e+02   4.0000000e-02   3.0000000e-02   1.0000000e-09
   5.0000000e+02   1.4000000e+02   4.0000000e-02   3.0000000e-02   1.0000000e-09
   5.0000000e+02   1.4000000e+02   4.0000000e-02   3.0000000e-02   1.0000000e-09
   5.0000000e+02   1.4000000e+02   4.0000000e-02   3.0000000e-02   1.0000000e-09
   5.0000000e+02   1.4000000e+02   4.0000000e-02   3.0000000e-02   1.0000000e-09
   5.0000000e+02   1.4000000e+02   4.0000000e-02   3.0000000e-02   1.0000000e-09
   5.0000000e+02   1.4000000e+02   4.0000000e-02   3.0000000e-02   1.0000000e-09
   5.0000000e+02   1.4000000e+02   4.0000000e-02   3.0000000e-02   1.0000000e-09
   5.0000000e+02   1.4000000e+02   4.0000000e-02   3.0000000e-02   1.0000000e-09
   5.0000000e+02   1.4000000e+02   4.0000000e-02   3.0000000e-02   1.0000000e-09
   5.0000000e+02   1.4000000e+02   4.0000000e-02   3.0000000e-02   1.0000000e-09
   5.0000000e+02   1.4000000e+02   4.0000000e-02   3.0000000e-02   1.0000000e-09
   5.0000000e+02   1.4000000e+02   4.0000000e-02   3.0000000e-02   1.0000000e-09
   5.0000000e+02   1.4000000e+02   4.0000000e-02   3.0000000e-02   1.0000000e-09
   5.0000000e+02   1.4000000e+02   4.0000000e-02   3.0000000e-02   1.0000000e-09
   5.0000000e+02   1.4000000e+02   4.0000000e-02   3.0000000e-02   1.0000000e-09
   5.0000000e+02   1.4000000e+02   4.0000000e-02   3.0000000e-02   1.0000000e-09
   5.0000000e+02   1.4000000e+02   4.0000000e-02   3.0000000e-02   1.0000000e-09
   5.0000000e+02   1.4000000e+02   4.0000000e-02   3.0000000e-02   1.0000000e-09
   5.0000000e+02   1.4000000e+02   4.0000000e-02   3.0000000e-02   1.0000000e-09
   5.0000000e+02   1.4000000e+02   4.0000000e-02   3.0000000e-02   1.0000000e-09
   5.0000000e+02   1.4000000e+02   4.0000000e-02   3.0000000e-02   1.0000000e-09
   5.0000000e+02   1.4000000e+02   4.0000000e-02   3.0000000e-02   1.0000000e-09
   5.0000000e+02   1.4000000e+02   4.0000000e-02   3.0000000e-02   1.0000000e-09
   5.0000000e+02   1.4000000e+02   4.0000000e-02   3.0000000e-02   1.0000000e-09
   5.0000000e+02   1.4000000e+02   4.0000000e-02   3.0000000e-02   1.0000000e-09
   5.0000000e+02   1.4000000e+02   4.0000000e-02   3.0000000e-02   1.0000000e-09
   5.0000000e+02   1.4000000e+02   4.0000000e-02   3.0000000e-02   1.0000000e-09
   5.0000000e+02   1.4000000e+02   4.0000000e-02   3.0000000e-02   1.0000000e-09
   5.0000000e+02   1.4000000e+02   4.0000000e-02   3.0000000e-02   1.0000000e-09
   5.0000000e+02   1.4000000e+02   4.0000000e-02   3.0000000e-02   1.0000000e-09
   5.0000000e+02   1.4000000e+02   4.0000000e-02   3.0000000e-02   1.0000000e-09
   5.0000000e+02   1.4000000e+02   4.0000000e-02   3.0000000e-02   1.0000000e-09
   5.0000000e+02   1.4000000e+02   4.0000000e-02   3.0000000e-02   1.0000000e-09
   5.0000000e+02   1.4000000e+02   4.0000000e-02   3.0000000e-02   1.0000000e-09
   5.0000000e+02   1.4000000e+02   4.0000000e-02   3.0000000e-02   1.0000000e-09
   5.0000000e+02   1.4000000e+02   4.0000000e-02   3.0000000e-02   1.0000000e-09
   5.0000000e+02   1.4000000e+02   4.0000000e-02   3.0000000e-02   1.0000000e-09
   5.0000000e+02   1.4000000e+02   4.0000000e-02   3.0000000e-02   1.0000000e-09
   5.0000000e+02   1.4000000e+02   4.0000000e-02   3.0000000e-02   1.0000000e-09
   5.0000000e+02   1.4000000e+02   4.0000000e-02   3.0000000e-02   1.0000000e-09
   5.0000000e+02   1.4000000e+02   4.0000000e-02   3.0000000e-02   1.0000000e-09
   5.0000000e+02   1.4000000e+02   4.0000000e-02   3.0000000e-02   1.0000000e-09
   5.0000000e+02   1.4000000e+02   4.0000000e-02   3.0000000e-02   1.0000000e-09
   5.0000000e+02   1.4000000e+02   4.0000000e-02   3.0000000e-02   1.0000000e-09
   5.0000000e+02   1.4000000e+02   4.0000000e-02   3.0000000e-02   1.0000000e-09
   5.0000000e+02   1.4000000e+02   4.0000000e-02   3.0000000e-02   1.0000000e-09
   5.0000000e+02   1.4000000e+02   4.0000000e-02   3.0000000e-02   1.0000000e-09
   5.0000000e+02   1.4000000e+02   4.0000000e-02   3.0000000e-02   1.0000000e-09
   5.0000000e+02   1.4000000e+02   4.0000000e-02   3.0000000e-02   1.0000000e-09
   5.0000000e+02   1.4000000e+02   4.0000000e-02   3.0000000e-02   1.0000000e-09
   5.0000000e+02   1.4000000e+02   4.0000000e-02   3.0000000e-02   1.0000000e-09
   5.0000000e+02   1.4000000e+02   4.0000000e-02   3.0000000e-02   1.0000000e-09
   5.0000000e+02   1.4000000e+02   4.0000000e-02   3.0000000e-02   1.0000000e-09
   5.0000000e+02   1.4000000e+02   4.0000000e-02   3.0000000e-02   1.0000000e-09
   5.0000000e+02   1.4000000e+02   4.0000000e-02   3.0000000e-02   1.0000000e-09
   5.0000000e+02   1.4000000e+02   4.0000000e-02   3.0000000e-02   1.0000000e-09
   5.0000000e+02   1.4000000e+02   4.0000000e-02   3.0000000e-02   1.0000000e-09
   5.0000000e+02   1.4000000e+02   4.0000000e-02   3.0000000e-02   1.0000000e-09
   5.0000000e+02   1.4000000e+02   4.0000000e-02   3.0000000e-02   1.0000000e-09
   5.0000000e+02   1.4000000e+02   4.0000000e-02   3.0000000e-02   1.0000000e-09
   5.0000000e+02   1.4000000e+02   4.0000000e-02   3.0000000e-02   1.0000000e-09
   5.0000000e+02   1.4000000e+02   4.0000000e-02   3.0000000e-02   1.0000000e-09
   5.0000000e+02   1.4000000e+02   4.0000000e-02   3.0000000e-02   1.0000000e-09
   5.0000000e+02   1.4000000e+02   4.0000000e-02   3.0000000e-02   1.0000000e-09
   5.0000000e+02   1.4000000e+02   4.0000000e-02   3.0000000e-02   1.0000000e-09
   5.0000000e+02   1.4000000e+02   4.0000000e-02   3.0000000e-02   1.0000000e-09
   5.0000000e+02   1.4000000e+02   4.0000000e-02   3.0000000e-02   1.0000000e-09
   5.0000000e+02   1.4000000e+02   4.0000000e-02   3.0000000e-02   1.0000000e-09
   5.0000000e+02   1.4000000e+02   4.0000000e-02   3.0000000e-02   1.0000000e-09
   5.0000000e+02   1.4000000e+02   4.0000000e-02   3.0000000e-02   1.0000000e-09
   5.0000000e+02   1.4000000e+02   4.0000000e-02   3.0000000e-02   1.0000000e-09
   5.0000000e+02   1.4000000e+02   4.0000000e-02   3.0000000e-02   1.0000000e-09
   5.0000000e+02   1.4000000e+02   4.0000000e-02   3.0000000e-02   1.0000000e-09
   5.0000000e+02   1.4000000e+02   4.0000000e-02   3.0000000e-02   1.0000000e-09
   5.0000000e+02   1.4000000e+02   4.0000000e-02   3.0000000e-02   1.0000000e-09
   5.0000000e+02   1.4000000e+02   4.0000000e-02   3.0000000e-02   1.0000000e-09
   5.0000000e+02   1.4000000e+02   4.0000000e-02   3.0000000e-02   1.0000000e-09
   5.0000000e+02   1.4000000e+02   4.0000000e-02   3.0000000e-02   1.0000000e-09
   5.0000000e+02   1.4000000e+02   4.0000000e-02   3.0000000e-02   1.0000000e-09
   5.0000000e+02   1.4000000e+02   4.0000000e-02   3.0000000e-02   1.0000000e-09
   5.0000000e+02   1.4000000e+02   4.0000000e-02   3.0000000e-02   1.0000000e-09
   5.0000000e+02   1.4000000e+02   4.0000000e-02   3.0000000e-02   1.0000000e-09
   5.0000000e+02   1.4000000e+02   4.0000000e-02   3.0000000e-02   1.0000000e-09
   5.0000000e+02   1.4000000e+02   4.0000000e-02   3.0000000e-02   1.0000000e-09
   5.0000000e+02   1.4000000e+02   4.0000000e-02   3.0000000e-02   1.0000000e-09
   5.0000000e+02   1.4000000e+02   4.0000000e-02   3.0000000e-02   1.0000000e-09
   5.0000000e+02   1.4000000e+02   4.0000000e-02   3.0000000e-02   1.0000000e-09
   5.0000000e+02   1.4000000e+02   4.0000000e-02   3.0000000e-02   1.0000000e-09
   5.0000000e+02   1.4000000e+02   4.0000000e-02   3.0000000e-02   1.0000000e-09
   5.0000000e+02   1.4000000e+02   4.0000000e-02   3.0000000e-02   1.0000000e-09
   5.0000000e+02   1.4000000e+02   4.0000000e-02   3.0000000e-02   1.0000000e-09
   5.0000000e+02   1.4000000e+02   4.0000000e-02   3.0000000e-02   1.0000000e-09
   5.0000000e+02   1.4000000e+02   4.0000000e-02   3.0000000e-02   1.0000000e-09
   5.0000000e+02   1.4000000e+02   4.0000000e-02   3.0000000e-02   1.0000000e-09
   5.0000000e+02   1.4000000e+02   4.0000000e-02   3.0000000e-02   1.0000000e-09
   5.0000000e+02   1.4000000e+02   4.0000000e-02   3.0000000e-02   1.0000000e-09
   5.0000000e+02   1.4000000e+02   4.0000000e-02   3.0000000e-02   1.0000000e-09
   5.0000000e+02   1.4000000e+02   4.0000000e-02   3.0000000e-02   1.0000000e-09
   5.0000000e+02   1.4000000e+02   4.0000000e-02   3.0000000e-02   1.0000000e-09
   5.0000000e+02   1.4000000e+02   4.0000000e-02   3.0000000e-02   1.0000000e-09
   5.0000000e+02   1.4000000e+02   4.0000000e-02   3.0000000e-02   1.0000000e-09
   5.0000000e+02   1.4000000e+02   4.0000000e-02   3.0000000e-02   1.0000000e-09
   5.0000000e+02   1.4000000e+02   4.0000000e-02   3.0000000e-02   1.0000000e-09
   5.0000000e+02   1.4000000e+02   4.0000000e-02   3.0000000e-02   1.0000000e-09
   5.0000000e+02   1.4000000e+02   4.0000000e-02   3.0000000e-02   1.0000000e-09
   5.0000000e+02   1.4000000e+02   4.0000000e-02   3.0000000e-02   1.0000000e-09
   5.0000000e+02   1.4000000e+02   4.0000000e-02   3.0000000e-02   1.0000000e-09
   5.0000000e+02   1.4000000e+02   4.0000000e-02   3.0000000e-02   1.0000000e-09
   5.0000000e+02   1.4000000e+02   4.0000000e-02   3.0000000e-02   1.0000000e-09
   5.0000000e+02   1.4000000e+02   4.0000000e-02   3.0000000e-02   1.0000000e-09
   5.0000000e+02   1.4000000e+02   4.0000000e-02   3.0000000e-02   1.0000000e-09
   5.0000000e+02   1.4000000e+02   4.0000000e-02   3.0000000e-02   1.0000000e-09
   5.0000000e+02   1.4000000e+02   4.0000000e-02   3.0000000e-02   1.0000000e-09
   5.0000000e+02   1.4000000e+02   4.0000000e-02   3.0000000e-02   1.0000000e-09
   5.0000000e+02   1.4000000e+02   4.0000000e-02   3.0000000e-02   1.0000000e-09
   5.0000000e+02   1.4000000e+02   4.0000000e-02   3.0000000e-02   1.0000000e-09
   5.0000000e+02   1.4000000e+02   4.0000000e-02   3.0000000e-02   1.0000000e-09
   5.0000000e+02   1.4000000e+02   4.0000000e-02   3.0000000e-02   1.0000000e-09
   5.0000000e+02   1.4000000e+02   4.0000000e-02   3.0000000e-02   1.0000000e-09
   5.0000000e+02   1.4000000e+02   4.0000000e-02   3.0000000e-02   1.0000000e-09
   5.0000000e+02   1.4000000e+02   4.0000000e-02   3.0000000e-02   1.0000000e-09
   5.0000000e+02   1.4000000e+02   4.0000000e-02   3.0000000e-02   1.0000000e-09
   5.0000000e+02   1.4000000e+02   4.0000000e-02   3.0000000e-02   1.0000000e-09
   5.0000000e+02   1.4000000e+02   4.0000000e-02   3.0000000e-02   1.0000000e-09
   5.0000000e+02   1.4000000e+02   4.0000000e-02   3.0000000e-02   1.0000000e-09
   5.0000000e+02   1.4000000e+02   4.0000000e-02   3.0000000e-02   1.0000000e-09
   5.0000000e+02   1.4000000e+02   4.0000000e-02   3.0000000e-02   1.0000000e-09
   5.0000000e+02   1.4000000e+02   4.0000000e-02   3.0000000e-02   1.0000000e-09
   5.0000000e+02   1.4000000e+02   4.0000000e-02   3.0000000e-02   1.0000000e-09
   5.0000000e+02   1.4000000e+02   4.0000000e-02   3.0000000e-02   1.0000000e-09
   5.0000000e+02   1.4000000e+02   4.0000000e-02   3.0000000e-02   1.0000000e-09
   5.0000000e+02   1.4000000e+02   4.0000000e-02   3.0000000e-02   1.0000000e-09
   5.0000000e+02   1.4000000e+02   4.0000000e-02   3.0000000e-02   1.0000000e-09
   5.0000000e+02   1.4000000e+02   4.0000000e-02   3.0000000e-02   1.0000000e-09
   5.0000000e+02   1.4000000e+02   4.0000000e-02   3.0000000e-02   1.0000000e-09
   5.0000000e+02   1.4000000e+02   4.0000000e-02   3.0000000e-02   1.0000000e-09
   5.0000000e+02   1.4000000e+02   4.0000000e-02   3.0000000e-02   1.0000000e-09
   5.0000000e+02   1.4000000e+02   4.0000000e-02   3.0000000e-02   1.0000000e-09
   5.0000000e+02   1.4000000e+02   4.0000000e-02   3.0000000e-02   1.0000000e-09
   5.0000000e+02   1.4000000e+02   4.0000000e-02   3.0000000e-02   1.0000000e-09
   5.0000000e+02   1.4000000e+02   4.0000000e-02   3.0000000e-02   1.0000000e-09
   5.0000000e+02   1.4000000e+02   4.0000000e-02   3.0000000e-02   1.0000000e-09
   5.0000000e+02   1.4000000e+02   4.0000000e-02   3.0000000e-02   1.0000000e-09
   5.0000000e+02   1.4000000e+02   4.0000000e-03   3.0000000e-02   1.0000000e-09
   5.0000000e+02   1.4000000e+02   4.0000000e-02   3.0000000e-02   1.0000000e-09
   5.0000000e+02   1.4000000e+02   4.0000000e-02   3.0000000e-02   1.0000000e-09
   5.0000000e+02   1.4000000e+02   4.0000000e-02   3.0000000e-02   1.0000000e-09
   5.0000000e+02   1.4000000e+02   4.0000000e-02   3.0000000e-02   1.0000000e-09
   5.0000000e+02   1.4000000e+02   4.0000000e-02   3.0000000e-02   1.0000000e-09
   5.0000000e+02   1.4000000e+02   4.0000000e-02   3.0000000e-02   1.0000000e-09
   5.0000000e+02   1.4000000e+02   4.0000000e-02   3.0000000e-02   1.0000000e-09
   5.0000000e+02   1.4000000e+02   4.0000000e-02   3.0000000e-02   1.0000000e-09
   5.0000000e+02   1.4000000e+02   4.0000000e-02   3.0000000e-02   1.0000000e-09
   5.0000000e+02   1.4000000e+02   4.0000000e-02   3.0000000e-02   1.0000000e-09
   5.0000000e+02   1.4000000e+02   4.0000000e-02   3.0000000e-02   1.0000000e-09
   5.0000000e+02   1.4000000e+02   4.0000000e-03   3.0000000e-02   1.0000000e-09
   5.0000000e+02   1.4000000e+02   4.0000000e-02   3.0000000e-02   1.0000000e-09
   5.0000000e+02   1.4000000e+02   4.0000000e-03   3.0000000e-02   1.0000000e-09
   5.0000000e+02   1.4000000e+02   4.0000000e-02   3.0000000e-02   1.0000000e-09
   5.0000000e+02   1.4000000e+02   4.0000000e-03   3.0000000e-02   1.0000000e-09
   5.0000000e+02   1.4000000e+02   4.0000000e-02   3.0000000e-02   1.0000000e-09
   5.0000000e+02   1.4000000e+02   4.0000000e-03   3.0000000e-02   1.0000000e-09
   5.0000000e+02   1.4000000e+02   4.0000000e-02   3.0000000e-02   1.0000000e-09
   5.0000000e+02   1.4000000e+02   4.0000000e-03   3.0000000e-02   1.0000000e-09
   5.0000000e+02   1.4000000e+02   4.0000000e-02   3.0000000e-02   1.0000000e-09
   5.0000000e+02   1.4000000e+02   4.0000000e-03   3.0000000e-02   1.0000000e-09
   5.0000000e+02   1.4000000e+02   4.0000000e-02   3.0000000e-02   1.0000000e-09
   5.0000000e+02   1.4000000e+02   4.0000000e-03   3.0000000e-02   1.0000000e-09
   5.0000000e+02   1.4000000e+02   4.0000000e-02   3.0000000e-02   1.0000000e-09
   5.0000000e+02   1.4000000e+02   4.0000000e-03   3.0000000e-02   1.0000000e-09
   5.0000000e+02   1.4000000e+02   4.0000000e-02   3.0000000e-02   1.0000000e-09
   5.0000000e+02   1.4000000e+02   4.0000000e-03   3.0000000e-02   1.0000000e-09
   5.0000000e+02   1.4000000e+02   4.0000000e-02   3.0000000e-02   1.0000000e-09
   5.0000000e+02   1.4000000e+02   4.0000000e-03   3.0000000e-02   1.0000000e-09
   5.0000000e+02   1.4000000e+02   4.0000000e-02   3.0000000e-02   1.0000000e-09
   5.0000000e+02   1.4000000e+02   4.0000000e-03   3.0000000e-02   1.0000000e-09
   5.0000000e+02   1.4000000e+02   4.0000000e-02   3.0000000e-02   1.0000000e-09
   5.0000000e+02   1.4000000e+02   4.0000000e-03   3.0000000e-02   1.0000000e-09
   5.0000000e+02   1.4000000e+02   4.0000000e-02   3.0000000e-02   1.0000000e-09
   5.0000000e+02   1.4000000e+02   4.0000000e-03   3.0000000e-02   1.0000000e-09
   5.0000000e+02   1.4000000e+02   4.0000000e-02   3.0000000e-02   1.0000000e-09
   5.0000000e+02   1.4000000e+02   4.0000000e-03   3.0000000e-02   1.0000000e-09
   5.0000000e+02   1.4000000e+02   4.0000000e-02   3.0000000e-02   1.0000000e-09
   5.0000000e+02   1.4000000e+02   4.0000000e-03   3.0000000e-02   1.0000000e-09
   5.0000000e+02   1.4000000e+02   4.0000000e-02   3.0000000e-02   1.0000000e-09
   5.0000000e+02   1.4000000e+02   4.0000000e-03   3.0000000e-02   1.0000000e-09
   5.0000000e+02   1.4000000e+02   4.0000000e-02   3.0000000e-02   1.0000000e-09
   5.0000000e+02   1.4000000e+02   4.0000000e-03   3.0000000e-02   1.0000000e-09
   5.0000000e+02   1.4000000e+02   4.0000000e-02   3.0000000e-02   1.0000000e-09
   5.0000000e+02   1.4000000e+02   4.0000000e-03   3.0000000e-02   1.0000000e-09
   5.0000000e+02   1.4000000e+02   4.0000000e-02   3.0000000e-02   1.0000000e-09
   5.0000000e+02   1.4000000e+02   4.0000000e-03   3.0000000e-02   1.0000000e-09
   5.0000000e+02   1.4000000e+02   4.0000000e-02   3.0000000e-02   1.0000000e-09
   5.0000000e+02   1.4000000e+02   4.0000000e-03   3.0000000e-02   1.0000000e-09
   5.0000000e+02   1.4000000e+02   4.0000000e-02   3.0000000e-02   1.0000000e-09
   5.0000000e+02   1.4000000e+02   4.0000000e-03   3.0000000e-02   1.0000000e-09
   5.0000000e+02   1.4000000e+02   4.0000000e-02   3.0000000e-02   1.0000000e-09
   5.0000000e+02   1.4000000e+02   4.0000000e-03   3.0000000e-02   1.0000000e-09
   5.0000000e+02   1.4000000e+02   4.0000000e-02   3.0000000e-02   1.0000000e-09
   5.0000000e+02   1.4000000e+02   4.0000000e-03   3.0000000e-02   1.0000000e-09
   5.0000000e+02   1.4000000e+02   4.0000000e-02   3.0000000e-02   1.0000000e-09
   5.0000000e+02   1.4000000e+02   4.0000000e-03   3.0000000e-02   1.0000000e-09
   5.0000000e+02   1.4000000e+02   4.0000000e-02   3.0000000e-02   1.0000000e-09
   5.0000000e+02   1.4000000e+02   4.0000000e-03   3.0000000e-02   1.0000000e-09
   5.0000000e+02   1.4000000e+02   4.0000000e-02   3.0000000e-02   1.0000000e-09
   5.0000000e+02   1.4000000e+02   4.0000000e-03   3.0000000e-02   1.0000000e-09
   5.0000000e+02   1.4000000e+02   4.0000000e-02   3.0000000e-02   1.0000000e-09
   5.0000000e+02   1.4000000e+02   4.0000000e-03   3.0000000e-02   1.0000000e-09
   5.0000000e+02   1.4000000e+02   4.0000000e-02   3.0000000e-02   1.0000000e-09
   5.0000000e+02   1.4000000e+02   4.0000000e-03   3.0000000e-02   1.0000000e-09
   5.0000000e+02   1.4000000e+02   4.0000000e-02   3.0000000e-02   1.0000000e-09
   5.0000000e+02   1.4000000e+02   4.0000000e-03   3.0000000e-02   1.0000000e-09
   5.0000000e+02   1.4000000e+02   4.0000000e-02   3.0000000e-02   1.0000000e-09
   5.0000000e+02   1.4000000e+02   4.0000000e-03   3.0000000e-02   1.0000000e-09
   5.0000000e+02   1.4000000e+02   4.0000000e-02   3.0000000e-02   1.0000000e-09
   5.0000000e+02   1.4000000e+02   4.0000000e-03   3.0000000e-02   1.0000000e-09
   5.0000000e+02   1.4000000e+02   4.0000000e-02   3.0000000e-02   1.0000000e-09
   5.0000000e+02   1.4000000e+02   4.0000000e-03   3.0000000e-02   1.0000000e-09
   5.0000000e+02   1.4000000e+02   4.0000000e-02   3.0000000e-02   1.0000000e-09
   5.0000000e+02   1.4000000e+02   4.0000000e-03   3.0000000e-02   1.0000000e-09
   5.0000000e+02   1.4000000e+02   4.0000000e-02   3.0000000e-02   1.0000000e-09
   5.0000000e+02   1.4000000e+02   4.0000000e-03   3.0000000e-02   1.0000000e-09
   5.0000000e+02   1.4000000e+02   4.0000000e-02   3.0000000e-02   1.0000000e-09
   5.0000000e+02   1.4000000e+02   4.0000000e-03   3.0000000e-02   1.0000000e-09
   5.0000000e+02   1.4000000e+02   4.0000000e-02   3.0000000e-02   1.0000000e-09
   5.0000000e+02   1.4000000e+02   4.0000000e-03   3.0000000e-02   1.0000000e-09
   5.0000000e+02   1.4000000e+02   4.0000000e-02   3.0000000e-02   1.0000000e-09
   5.0000000e+02   1.4000000e+02   4.0000000e-03   3.0000000e-02   1.0000000e-09
   5.0000000e+02   1.4000000e+02   4.0000000e-02   3.0000000e-02   1.0000000e-09
   5.0000000e+02   1.3000000e+02   4.0000000e-03   3.0000000e-02   3.0000000e-02
   5.0000000e+02   1.4000000e+02   4.0000000e-02   3.0000000e-02   1.0000000e-09
   5.0000000e+02   1.3000000e+02   4.0000000e-03   3.0000000e-02   3.0000000e-02
   5.0000000e+02   1.4000000e+02   4.0000000e-02   3.0000000e-02   1.0000000e-09
   5.0000000e+02   1.3000000e+02   4.0000000e-03   3.0000000e-02   3.0000000e-02
   5.0000000e+02   1.4000000e+02   4.0000000e-02   3.0000000e-02   1.0000000e-09
   5.0000000e+02   1.3000000e+02   4.0000000e-03   3.0000000e-02   3.0000000e-02
   5.0000000e+02   1.4000000e+02   4.0000000e-02   3.0000000e-02   1.0000000e-09
   5.0000000e+02   1.3000000e+02   4.0000000e-03   3.0000000e-02   3.0000000e-02
   5.0000000e+02   1.4000000e+02   4.0000000e-02   3.0000000e-02   1.0000000e-09
   5.0000000e+02   1.3000000e+02   4.0000000e-03   3.0000000e-02   3.0000000e-02
   5.0000000e+02   1.4000000e+02   4.0000000e-02   3.0000000e-02   1.0000000e-09
   5.0000000e+02   1.3000000e+02   4.0000000e-03   3.0000000e-02   3.0000000e-02
   5.0000000e+02   1.4000000e+02   4.0000000e-02   3.0000000e-02   1.0000000e-09
   5.0000000e+02   1.3000000e+02   4.0000000e-03   3.0000000e-02   3.0000000e-02
   5.0000000e+02   1.4000000e+02   4.0000000e-02   3.0000000e-02   1.0000000e-09
   5.0000000e+02   1.3000000e+02   4.0000000e-03   3.0000000e-02   3.0000000e-02
   5.0000000e+02   1.4000000e+02   4.0000000e-02   3.0000000e-02   1.0000000e-09
   5.0000000e+02   1.3000000e+02   4.0000000e-03   3.0000000e-02   3.0000000e-02
   5.0000000e+02   1.4000000e+02   4.0000000e-02   3.0000000e-02   1.0000000e-09
   5.0000000e+02   1.3000000e+02   4.0000000e-03   3.0000000e-02   3.0000000e-02
   5.0000000e+02   1.4000000e+02   4.0000000e-02   3.0000000e-02   1.0000000e-09
   5.0000000e+02   1.4000000e+02   4.0000000e-02   3.0000000e-02   1.0000000e-09
   5.0000000e+02   1.4000000e+02   4.0000000e-02   3.0000000e-02   1.0000000e-09
   5.0000000e+02   1.4000000e+02   4.0000000e-02   3.0000000e-02   1.0000000e-09
   5.0000000e+02   1.4000000e+02   4.0000000e-02   3.0000000e-02   1.0000000e-09
   5.0000000e+02   1.3000000e+02   4.0000000e-03   3.0000000e-02   3.0000000e-02
   5.0000000e+02   1.4000000e+02   4.0000000e-02   3.0000000e-02   1.0000000e-09
   5.0000000e+02   1.4000000e+02   4.0000000e-02   3.0000000e-02   1.0000000e-09
   5.0000000e+02   1.4000000e+02   4.0000000e-02   3.0000000e-02   1.0000000e-09
   5.0000000e+02   1.4000000e+02   4.0000000e-02   3.0000000e-02   1.0000000e-09
   5.0000000e+02   1.4000000e+02   3.4431394e-02   3.0000000e-02   1.0000000e-09
   5.0000000e+02   1.4000000e+02   4.0000000e-02   3.0000000e-02   1.0000000e-09
   5.0000000e+02   1.4000000e+02   3.4431394e-02   3.0000000e-02   1.0000000e-09
   5.0000000e+02   1.4000000e+02   4.0000000e-02   3.0000000e-02   1.0000000e-09
   5.0000000e+02   1.4000000e+02   4.0000000e-02   3.0000000e-02   1.0000000e-09
   5.0000000e+02   1.4000000e+02   3.4431394e-02   3.0000000e-02   1.0000000e-09
   5.0000000e+02   1.4000000e+02   4.0000000e-02   3.0000000e-02   1.0000000e-09
   5.0000000e+02   1.4000000e+02   4.0000000e-02   3.0000000e-02   1.0000000e-09
   5.0000000e+02   1.4000000e+02   4.0000000e-02   3.0000000e-02   1.0000000e-09
   5.0000000e+02   1.4000000e+02   4.0000000e-02   3.0000000e-02   1.0000000e-09
   5.0000000e+02   1.4000000e+02   4.0000000e-02   3.0000000e-02   1.0000000e-09
   5.0000000e+02   1.4000000e+02   4.0000000e-02   3.0000000e-02   1.0000000e-09
   5.0000000e+02   1.4000000e+02   4.0000000e-02   3.0000000e-02   1.0000000e-09
   5.0000000e+02   1.4000000e+02   4.0000000e-02   3.0000000e-02   1.0000000e-09
   5.0000000e+02   1.4000000e+02   4.0000000e-02   3.0000000e-02   1.0000000e-09
   5.0000000e+02   1.4000000e+02   4.0000000e-02   3.0000000e-02   1.0000000e-09
   5.0000000e+02   1.4000000e+02   4.0000000e-02   3.0000000e-02   1.0000000e-09
   5.0000000e+02   1.4000000e+02   4.0000000e-02   3.0000000e-02   1.0000000e-09
   5.0000000e+02   1.4000000e+02   4.0000000e-02   3.0000000e-02   1.0000000e-09
   5.0000000e+02   1.4000000e+02   4.0000000e-02   3.0000000e-02   1.0000000e-09
   5.0000000e+02   1.4000000e+02   4.0000000e-02   3.0000000e-02   1.0000000e-09
   5.0000000e+02   1.4000000e+02   4.0000000e-02   3.0000000e-02   1.0000000e-09
   5.0000000e+02   1.4000000e+02   4.0000000e-02   3.0000000e-02   1.0000000e-09
   5.0000000e+02   1.4000000e+02   4.0000000e-02   3.0000000e-02   1.0000000e-09
   5.0000000e+02   1.4000000e+02   4.0000000e-02   3.0000000e-02   1.0000000e-09
   5.0000000e+02   1.4000000e+02   4.0000000e-02   3.0000000e-02   1.0000000e-09
   5.0000000e+02   1.4000000e+02   4.0000000e-02   3.0000000e-02   1.0000000e-09
   5.0000000e+02   1.4000000e+02   4.0000000e-02   3.0000000e-02   1.0000000e-09
   5.0000000e+02   1.4000000e+02   4.0000000e-02   3.0000000e-02   1.0000000e-09
   5.0000000e+02   1.4000000e+02   4.0000000e-02   3.0000000e-02   1.0000000e-09
   5.0000000e+02   1.4000000e+02   4.0000000e-02   3.0000000e-02   1.0000000e-09
   5.0000000e+02   1.4000000e+02   4.0000000e-02   3.0000000e-02   1.0000000e-09
   5.0000000e+02   1.4000000e+02   4.0000000e-02   3.0000000e-02   1.0000000e-09
   5.0000000e+02   1.4000000e+02   4.0000000e-02   3.0000000e-02   1.0000000e-09
   5.0000000e+02   1.4000000e+02   4.0000000e-02   3.0000000e-02   1.0000000e-09
   5.0000000e+02   1.4000000e+02   4.0000000e-02   3.0000000e-02   1.0000000e-09
   5.0000000e+02   1.4000000e+02   4.0000000e-02   3.0000000e-02   1.0000000e-09
   5.0000000e+02   1.4000000e+02   4.0000000e-02   3.0000000e-02   1.0000000e-09
   5.0000000e+02   1.4000000e+02   4.0000000e-02   3.0000000e-02   1.0000000e-09
   5.0000000e+02   1.4000000e+02   4.0000000e-02   3.0000000e-02   1.0000000e-09
   5.0000000e+02   1.4000000e+02   4.0000000e-02   3.0000000e-02   1.0000000e-09
   5.0000000e+02   1.4000000e+02   4.0000000e-02   3.0000000e-02   1.0000000e-09
   5.0000000e+02   1.4000000e+02   4.0000000e-02   3.0000000e-02   1.0000000e-09
   5.0000000e+02   1.4000000e+02   4.0000000e-02   3.0000000e-02   1.0000000e-09
   5.0000000e+02   1.4000000e+02   4.0000000e-02   3.0000000e-02   1.0000000e-09
   5.0000000e+02   1.4000000e+02   4.0000000e-02   3.0000000e-02   1.0000000e-09
   5.0000000e+02   1.4000000e+02   4.0000000e-02   3.0000000e-02   1.0000000e-09
   5.0000000e+02   1.4000000e+02   4.0000000e-02   3.0000000e-02   1.0000000e-09
   5.0000000e+02   1.4000000e+02   4.0000000e-02   3.0000000e-02   1.0000000e-09
   5.0000000e+02   1.4000000e+02   4.0000000e-02   3.0000000e-02   1.0000000e-09
   5.0000000e+02   1.4000000e+02   4.0000000e-02   3.0000000e-02   1.0000000e-09
   5.0000000e+02   1.4000000e+02   4.0000000e-02   3.0000000e-02   1.0000000e-09
   5.0000000e+02   1.4000000e+02   4.0000000e-02   3.0000000e-02   1.0000000e-09
   5.0000000e+02   1.4000000e+02   4.0000000e-02   3.0000000e-02   1.0000000e-09
   5.0000000e+02   1.4000000e+02   4.0000000e-02   3.0000000e-02   1.0000000e-09
   5.0000000e+02   1.4000000e+02   4.0000000e-02   3.0000000e-02   1.0000000e-09
   5.0000000e+02   1.4000000e+02   4.0000000e-02   3.0000000e-02   1.0000000e-09
   5.0000000e+02   1.4000000e+02   4.0000000e-02   3.0000000e-02   1.0000000e-09
   5.0000000e+02   1.4000000e+02   4.0000000e-02   3.0000000e-02   1.0000000e-09
   5.0000000e+02   1.4000000e+02   4.0000000e-02   3.0000000e-02   1.0000000e-09
   5.0000000e+02   1.4000000e+02   4.0000000e-02   3.0000000e-02   1.0000000e-09
   5.0000000e+02   1.4000000e+02   4.0000000e-02   3.0000000e-02   1.0000000e-09
   5.0000000e+02   1.4000000e+02   4.0000000e-02   3.0000000e-02   1.0000000e-09
   5.0000000e+02   1.4000000e+02   4.0000000e-02   3.0000000e-02   1.0000000e-09
   5.0000000e+02   1.4000000e+02   4.0000000e-02   3.0000000e-02   1.0000000e-09
   5.0000000e+02   1.4000000e+02   4.0000000e-02   3.0000000e-02   1.0000000e-09
   5.0000000e+02   1.4000000e+02   4.0000000e-02   3.0000000e-02   1.0000000e-09
   5.0000000e+02   1.4000000e+02   4.0000000e-02   3.0000000e-02   1.0000000e-09
   5.0000000e+02   1.4000000e+02   4.0000000e-02   3.0000000e-02   1.0000000e-09
   5.0000000e+02   1.4000000e+02   4.0000000e-02   3.0000000e-02   1.0000000e-09
   5.0000000e+02   1.4000000e+02   4.0000000e-02   3.0000000e-02   1.0000000e-09
   5.0000000e+02   1.4000000e+02   4.0000000e-02   3.0000000e-02   1.0000000e-09
   5.0000000e+02   1.4000000e+02   4.0000000e-02   3.0000000e-02   1.0000000e-09
   5.0000000e+02   1.4000000e+02   4.0000000e-02   3.0000000e-02   1.0000000e-09
   5.0000000e+02   1.4000000e+02   4.0000000e-02   3.0000000e-02   1.0000000e-09
   5.0000000e+02   1.4000000e+02   4.0000000e-02   3.0000000e-02   1.0000000e-09
   5.0000000e+02   1.4000000e+02   4.0000000e-02   3.0000000e-02   1.0000000e-09
   5.0000000e+02   1.4000000e+02   4.0000000e-02   3.0000000e-02   1.0000000e-09
   5.0000000e+02   1.4000000e+02   4.0000000e-02   3.0000000e-02   1.0000000e-09
   5.0000000e+02   1.4000000e+02   4.0000000e-02   3.0000000e-02   1.0000000e-09
   5.0000000e+02   1.4000000e+02   4.0000000e-02   3.0000000e-02   1.0000000e-09
   5.0000000e+02   1.4000000e+02   4.0000000e-02   3.0000000e-02   1.0000000e-09
   5.0000000e+02   1.4000000e+02   4.0000000e-02   3.0000000e-02   1.0000000e-09
   5.0000000e+02   1.4000000e+02   4.0000000e-02   3.0000000e-02   1.0000000e-09
   5.0000000e+02   1.4000000e+02   4.0000000e-02   3.0000000e-02   1.0000000e-09
   5.0000000e+02   1.4000000e+02   4.0000000e-02   3.0000000e-02   1.0000000e-09
   5.0000000e+02   1.4000000e+02   4.0000000e-02   3.0000000e-02   1.0000000e-09
   5.0000000e+02   1.4000000e+02   4.0000000e-02   3.0000000e-02   1.0000000e-09
   5.0000000e+02   1.4000000e+02   4.0000000e-02   3.0000000e-02   1.0000000e-09
   5.0000000e+02   1.4000000e+02   4.0000000e-02   3.0000000e-02   1.0000000e-09
   5.0000000e+02   1.4000000e+02   4.0000000e-02   3.0000000e-02   1.0000000e-09
   5.0000000e+02   1.4000000e+02   4.0000000e-02   3.0000000e-02   1.0000000e-09
   5.0000000e+02   1.4000000e+02   4.0000000e-02   3.0000000e-02   1.0000000e-09
   5.0000000e+02   1.4000000e+02   4.0000000e-02   3.0000000e-02   1.0000000e-09
   5.0000000e+02   1.4000000e+02   4.0000000e-02   3.0000000e-02   1.0000000e-09
   5.0000000e+02   1.4000000e+02   4.0000000e-02   3.0000000e-02   1.0000000e-09
   5.0000000e+02   1.4000000e+02   4.0000000e-02   3.0000000e-02   1.0000000e-09
   5.0000000e+02   1.4000000e+02   4.0000000e-02   3.0000000e-02   1.0000000e-09
   5.0000000e+02   1.4000000e+02   4.0000000e-02   3.0000000e-02   1.0000000e-09
   5.0000000e+02   1.4000000e+02   4.0000000e-02   3.0000000e-02   1.0000000e-09
   5.0000000e+02   1.4000000e+02   4.0000000e-02   3.0000000e-02   1.0000000e-09
   5.0000000e+02   1.4000000e+02   4.0000000e-02   3.0000000e-02   1.0000000e-09
   5.0000000e+02   1.4000000e+02   4.0000000e-02   3.0000000e-02   1.0000000e-09
   5.0000000e+02   1.4000000e+02   4.0000000e-02   3.0000000e-02   1.0000000e-09
   5.0000000e+02   1.4000000e+02   4.0000000e-02   3.0000000e-02   1.0000000e-09
   5.0000000e+02   1.4000000e+02   4.0000000e-02   3.0000000e-02   1.0000000e-09
   5.0000000e+02   1.4000000e+02   4.0000000e-02   3.0000000e-02   1.0000000e-09
   5.0000000e+02   1.4000000e+02   4.0000000e-02   3.0000000e-02   1.0000000e-09
   5.0000000e+02   1.4000000e+02   4.0000000e-02   3.0000000e-02   1.0000000e-09
   5.0000000e+02   1.4000000e+02   4.0000000e-02   3.0000000e-02   1.0000000e-09
   5.0000000e+02   1.4000000e+02   4.0000000e-02   3.0000000e-02   1.0000000e-09
   5.0000000e+02   1.4000000e+02   4.0000000e-02   3.0000000e-02   1.0000000e-09
   5.0000000e+02   1.4000000e+02   4.0000000e-02   3.0000000e-02   1.0000000e-09
   5.0000000e+02   1.4000000e+02   4.0000000e-02   3.0000000e-02   1.0000000e-09
   5.0000000e+02   1.4000000e+02   4.0000000e-02   3.0000000e-02   1.0000000e-09
   5.0000000e+02   1.4000000e+02   4.0000000e-02   3.0000000e-02   1.0000000e-09
   5.0000000e+02   1.4000000e+02   4.0000000e-02   3.0000000e-02   1.0000000e-09
   5.0000000e+02   1.4000000e+02   4.0000000e-02   3.0000000e-02   1.0000000e-09
   5.0000000e+02   1.4000000e+02   4.0000000e-02   3.0000000e-02   1.0000000e-09
   5.0000000e+02   1.4000000e+02   4.0000000e-02   3.0000000e-02   1.0000000e-09
   5.0000000e+02   1.4000000e+02   4.0000000e-02   3.0000000e-02   1.0000000e-09
   5.0000000e+02   1.4000000e+02   4.0000000e-02   3.0000000e-02   1.0000000e-09
   5.0000000e+02   1.4000000e+02   4.0000000e-02   3.0000000e-02   1.0000000e-09
   5.0000000e+02   1.4000000e+02   4.0000000e-02   3.0000000e-02   1.0000000e-09
   5.0000000e+02   1.4000000e+02   4.0000000e-02   3.0000000e-02   1.0000000e-09
   5.0000000e+02   1.4000000e+02   4.0000000e-02   3.0000000e-02   1.0000000e-09
   5.0000000e+02   1.4000000e+02   4.0000000e-02   3.0000000e-02   1.0000000e-09
   5.0000000e+02   1.4000000e+02   4.0000000e-02   3.0000000e-02   1.0000000e-09
   5.0000000e+02   1.4000000e+02   4.0000000e-02   3.0000000e-02   1.0000000e-09
   5.0000000e+02   1.4000000e+02   4.0000000e-02   3.0000000e-02   1.0000000e-09
   5.0000000e+02   1.4000000e+02   4.0000000e-02   3.0000000e-02   1.0000000e-09
   5.0000000e+02   1.4000000e+02   4.0000000e-02   3.0000000e-02   1.0000000e-09
   5.0000000e+02   1.4000000e+02   4.0000000e-02   3.0000000e-02   1.0000000e-09
   5.0000000e+02   1.4000000e+02   4.0000000e-02   3.0000000e-02   1.0000000e-09
   5.0000000e+02   1.4000000e+02   4.0000000e-02   3.0000000e-02   1.0000000e-09
   5.0000000e+02   1.4000000e+02   4.0000000e-02   3.0000000e-02   1.0000000e-09
   5.0000000e+02   1.4000000e+02   4.0000000e-02   3.0000000e-02   1.0000000e-09
   5.0000000e+02   1.4000000e+02   4.0000000e-02   3.0000000e-02   1.0000000e-09
   5.0000000e+02   1.4000000e+02   4.0000000e-02   3.0000000e-02   1.0000000e-09
   5.0000000e+02   1.4000000e+02   4.0000000e-02   3.0000000e-02   1.0000000e-09
   5.0000000e+02   1.4000000e+02   4.0000000e-02   3.0000000e-02   1.0000000e-09
   5.0000000e+02   1.4000000e+02   4.0000000e-02   3.0000000e-02   1.0000000e-09
   5.0000000e+02   1.4000000e+02   4.0000000e-02   3.0000000e-02   1.0000000e-09
   5.0000000e+02   1.3000000e+02   4.0000000e-03   3.0000000e-02   3.0000000e-02
   5.0000000e+02   1.4000000e+02   4.0000000e-02   3.0000000e-02   1.0000000e-09
   5.0000000e+02   1.4000000e+02   3.9627472e-02   3.0000000e-02   1.0000000e-09
   5.0000000e+02   1.4000000e+02   4.0000000e-02   3.0000000e-02   1.0000000e-09
   5.0000000e+02   1.4000000e+02   4.0000000e-02   3.0000000e-02   1.0000000e-09
   5.0000000e+02   1.4000000e+02   4.0000000e-02   3.0000000e-02   1.0000000e-09
   5.0000000e+02   1.4000000e+02   4.0000000e-02   3.0000000e-02   1.0000000e-09
   5.0000000e+02   1.4000000e+02   4.0000000e-02   3.0000000e-02   1.0000000e-09
   5.0000000e+02   1.4000000e+02   4.0000000e-02   3.0000000e-02   1.0000000e-09
   5.0000000e+02   1.4000000e+02   4.0000000e-02   3.0000000e-02   1.0000000e-09
   5.0000000e+02   1.4000000e+02   4.0000000e-02   3.0000000e-02   1.0000000e-09
   5.0000000e+02   1.4000000e+02   4.0000000e-02   3.0000000e-02   1.0000000e-09
   5.0000000e+02   1.4000000e+02   4.0000000e-02   3.0000000e-02   1.0000000e-09
   5.0000000e+02   1.4000000e+02   4.0000000e-02   3.0000000e-02   1.0000000e-09
   5.0000000e+02   1.4000000e+02   4.0000000e-02   3.0000000e-02   1.0000000e-09
   5.0000000e+02   1.4000000e+02   4.0000000e-02   3.0000000e-02   1.0000000e-09
   5.0000000e+02   1.4000000e+02   4.0000000e-02   3.0000000e-02   1.0000000e-09
   5.0000000e+02   1.4000000e+02   4.0000000e-02   3.0000000e-02   1.0000000e-09
   5.0000000e+02   1.4000000e+02   4.0000000e-02   3.0000000e-02   1.0000000e-09
   5.0000000e+02   1.4000000e+02   4.0000000e-02   3.0000000e-02   1.0000000e-09
   5.0000000e+02   1.4000000e+02   4.0000000e-02   3.0000000e-02   1.0000000e-09
   5.0000000e+02   1.4000000e+02   4.0000000e-02   3.0000000e-02   1.0000000e-09
   5.0000000e+02   1.4000000e+02   4.0000000e-02   3.0000000e-02   1.0000000e-09
   5.0000000e+02   1.4000000e+02   4.0000000e-02   3.0000000e-02   1.0000000e-09
   5.0000000e+02   1.4000000e+02   4.0000000e-02   3.0000000e-02   1.0000000e-09
   5.0000000e+02   1.4000000e+02   4.0000000e-02   3.0000000e-02   1.0000000e-09
   5.0000000e+02   1.4000000e+02   4.0000000e-02   3.0000000e-02   1.0000000e-09
   5.0000000e+02   1.4000000e+02   4.0000000e-02   3.0000000e-02   1.0000000e-09
   5.0000000e+02   1.4000000e+02   4.0000000e-02   3.0000000e-02   1.0000000e-09
   5.0000000e+02   1.4000000e+02   4.0000000e-02   3.0000000e-02   1.0000000e-09
   5.0000000e+02   1.4000000e+02   4.0000000e-02   3.0000000e-02   1.0000000e-09
   5.0000000e+02   1.4000000e+02   4.0000000e-02   3.0000000e-02   1.0000000e-09
   5.0000000e+02   1.4000000e+02   4.0000000e-02   3.0000000e-02   1.0000000e-09
   5.0000000e+02   1.4000000e+02   4.0000000e-02   3.0000000e-02   1.0000000e-09
   5.0000000e+02   1.4000000e+02   4.0000000e-02   3.0000000e-02   1.0000000e-09
   5.0000000e+02   1.4000000e+02   4.0000000e-02   3.0000000e-02   1.0000000e-09
   5.0000000e+02   1.4000000e+02   4.0000000e-02   3.0000000e-02   1.0000000e-09
   5.0000000e+02   1.4000000e+02   4.0000000e-02   3.0000000e-02   1.0000000e-09
   5.0000000e+02   1.4000000e+02   4.0000000e-02   3.0000000e-02   1.0000000e-09
   5.0000000e+02   1.4000000e+02   4.0000000e-02   3.0000000e-02   1.0000000e-09
   5.0000000e+02   1.4000000e+02   4.0000000e-02   3.0000000e-02   1.0000000e-09
   5.0000000e+02   1.4000000e+02   4.0000000e-02   3.0000000e-02   1.0000000e-09
   5.0000000e+02   1.4000000e+02   4.0000000e-02   3.0000000e-02   1.0000000e-09
   5.0000000e+02   1.4000000e+02   4.0000000e-02   3.0000000e-02   1.0000000e-09
   5.0000000e+02   1.4000000e+02   4.0000000e-02   3.0000000e-02   1.0000000e-09
   5.0000000e+02   1.4000000e+02   4.0000000e-02   3.0000000e-02   1.0000000e-09
   5.0000000e+02   1.4000000e+02   4.0000000e-02   3.0000000e-02   1.0000000e-09
   5.0000000e+02   1.4000000e+02   4.0000000e-02   3.0000000e-02   1.0000000e-09
   5.0000000e+02   1.4000000e+02   4.0000000e-02   3.0000000e-02   1.0000000e-09
   5.0000000e+02   1.4000000e+02   4.0000000e-02   3.0000000e-02   1.0000000e-09
   5.0000000e+02   1.4000000e+02   4.0000000e-02   3.0000000e-02   1.0000000e-09
   5.0000000e+02   1.4000000e+02   4.0000000e-02   3.0000000e-02   1.0000000e-09
   5.0000000e+02   1.4000000e+02   4.0000000e-02   3.0000000e-02   1.0000000e-09
   5.0000000e+02   1.4000000e+02   4.0000000e-02   3.0000000e-02   1.0000000e-09
   5.0000000e+02   1.4000000e+02   4.0000000e-02   3.0000000e-02   1.0000000e-09
   5.0000000e+02   1.4000000e+02   4.0000000e-02   3.0000000e-02   1.0000000e-09
   5.0000000e+02   1.4000000e+02   4.0000000e-02   3.0000000e-02   1.0000000e-09
   5.0000000e+02   1.4000000e+02   4.0000000e-02   3.0000000e-02   1.0000000e-09
   5.0000000e+02   1.4000000e+02   4.0000000e-02   3.0000000e-02   1.0000000e-09
   5.0000000e+02   1.4000000e+02   4.0000000e-02   3.0000000e-02   1.0000000e-09
   5.0000000e+02   1.4000000e+02   4.0000000e-02   3.0000000e-02   1.0000000e-09
   5.0000000e+02   1.4000000e+02   4.0000000e-02   3.0000000e-02   1.0000000e-09
   5.0000000e+02   1.4000000e+02   4.0000000e-02   3.0000000e-02   1.0000000e-09
   5.0000000e+02   1.4000000e+02   4.0000000e-02   3.0000000e-02   1.0000000e-09
   5.0000000e+02   1.4000000e+02   4.0000000e-02   3.0000000e-02   1.0000000e-09
   5.0000000e+02   1.4000000e+02   4.0000000e-02   3.0000000e-02   1.0000000e-09
   5.0000000e+02   1.4000000e+02   4.0000000e-02   3.0000000e-02   1.0000000e-09
   5.0000000e+02   1.4000000e+02   4.0000000e-02   3.0000000e-02   1.0000000e-09
   5.0000000e+02   1.4000000e+02   4.0000000e-02   3.0000000e-02   1.0000000e-09
   5.0000000e+02   1.4000000e+02   4.0000000e-02   3.0000000e-02   1.0000000e-09
   5.0000000e+02   1.4000000e+02   4.0000000e-02   3.0000000e-02   1.0000000e-09
   5.0000000e+02   1.4000000e+02   4.0000000e-02   3.0000000e-02   1.0000000e-09
   5.0000000e+02   1.4000000e+02   4.0000000e-02   3.0000000e-02   1.0000000e-09
   5.0000000e+02   1.4000000e+02   4.0000000e-02   3.0000000e-02   1.0000000e-09
   5.0000000e+02   1.4000000e+02   4.0000000e-02   3.0000000e-02   1.0000000e-09
   5.0000000e+02   1.4000000e+02   4.0000000e-02   3.0000000e-02   1.0000000e-09
   5.0000000e+02   1.4000000e+02   4.0000000e-02   3.0000000e-02   1.0000000e-09
   5.0000000e+02   1.4000000e+02   4.0000000e-02   3.0000000e-02   1.0000000e-09
   5.0000000e+02   1.4000000e+02   4.0000000e-02   3.0000000e-02   1.0000000e-09
   5.0000000e+02   1.4000000e+02   4.0000000e-02   3.0000000e-02   1.0000000e-09
   5.0000000e+02   1.4000000e+02   4.0000000e-02   3.0000000e-02   1.0000000e-09
   5.0000000e+02   1.4000000e+02   4.0000000e-02   3.0000000e-02   1.0000000e-09
   5.0000000e+02   1.4000000e+02   4.0000000e-02   3.0000000e-02   1.0000000e-09
   5.0000000e+02   1.4000000e+02   4.0000000e-02   3.0000000e-02   1.0000000e-09
   5.0000000e+02   1.4000000e+02   4.0000000e-02   3.0000000e-02   1.0000000e-09
   5.0000000e+02   1.4000000e+02   4.0000000e-02   3.0000000e-02   1.0000000e-09
   5.0000000e+02   1.4000000e+02   4.0000000e-02   3.0000000e-02   1.0000000e-09
   5.0000000e+02   1.4000000e+02   4.0000000e-02   3.0000000e-02   1.0000000e-09
   5.0000000e+02   1.4000000e+02   4.0000000e-02   3.0000000e-02   1.0000000e-09
   5.0000000e+02   1.4000000e+02   4.0000000e-02   3.0000000e-02   1.0000000e-09
   5.0000000e+02   1.4000000e+02   4.0000000e-02   3.0000000e-02   1.0000000e-09
   5.0000000e+02   1.4000000e+02   4.0000000e-02   3.0000000e-02   1.0000000e-09
   5.0000000e+02   1.4000000e+02   4.0000000e-02   3.0000000e-02   1.0000000e-09
   5.0000000e+02   1.4000000e+02   4.0000000e-02   3.0000000e-02   1.0000000e-09
   5.0000000e+02   1.4000000e+02   4.0000000e-02   3.0000000e-02   1.0000000e-09
   5.0000000e+02   1.4000000e+02   4.0000000e-02   3.0000000e-02   1.0000000e-09
   5.0000000e+02   1.4000000e+02   4.0000000e-02   3.0000000e-02   1.0000000e-09
   5.0000000e+02   1.4000000e+02   4.0000000e-02   3.0000000e-02   1.0000000e-09
   5.0000000e+02   1.4000000e+02   4.0000000e-02   3.0000000e-02   1.0000000e-09
   5.0000000e+02   1.4000000e+02   4.0000000e-02   3.0000000e-02   1.0000000e-09
   5.0000000e+02   1.4000000e+02   4.0000000e-02   3.0000000e-02   1.0000000e-09
   5.0000000e+02   1.4000000e+02   4.0000000e-02   3.0000000e-02   1.0000000e-09
   5.0000000e+02   1.4000000e+02   4.0000000e-02   3.0000000e-02   1.0000000e-09
   5.0000000e+02   1.4000000e+02   4.0000000e-02   3.0000000e-02   1.0000000e-09
   5.0000000e+02   1.4000000e+02   4.0000000e-02   3.0000000e-02   1.0000000e-09
   5.0000000e+02   1.4000000e+02   4.0000000e-02   3.0000000e-02   1.0000000e-09
   5.0000000e+02   1.4000000e+02   4.0000000e-02   3.0000000e-02   1.0000000e-09
   5.0000000e+02   1.4000000e+02   4.0000000e-02   3.0000000e-02   1.0000000e-09
   5.0000000e+02   1.4000000e+02   4.0000000e-02   3.0000000e-02   1.0000000e-09
   5.0000000e+02   1.4000000e+02   4.0000000e-02   3.0000000e-02   1.0000000e-09
   5.0000000e+02   1.4000000e+02   4.0000000e-02   3.0000000e-02   1.0000000e-09
   5.0000000e+02   1.4000000e+02   4.0000000e-02   3.0000000e-02   1.0000000e-09
   5.0000000e+02   1.4000000e+02   4.0000000e-02   3.0000000e-02   1.0000000e-09
   5.0000000e+02   1.4000000e+02   4.0000000e-02   3.0000000e-02   1.0000000e-09
   5.0000000e+02   1.4000000e+02   3.1001500e-02   3.0000000e-02   1.0000000e-09
   5.0000000e+02   1.4000000e+02   4.0000000e-02   3.0000000e-02   1.0000000e-09
   5.0000000e+02   1.4000000e+02   4.0000000e-02   3.0000000e-02   1.0000000e-09
   5.0000000e+02   1.4000000e+02   4.0000000e-02   3.0000000e-02   1.0000000e-09
   5.0000000e+02   1.4000000e+02   4.0000000e-02   3.0000000e-02   1.0000000e-09
   5.0000000e+02   1.4000000e+02   4.0000000e-02   3.0000000e-02   1.0000000e-09
   5.0000000e+02   1.4000000e+02   4.0000000e-02   3.0000000e-02   1.0000000e-09
   5.0000000e+02   1.4000000e+02   4.0000000e-02   3.0000000e-02   1.0000000e-09
   5.0000000e+02   1.4000000e+02   4.0000000e-02   3.0000000e-02   1.0000000e-09
   5.0000000e+02   1.4000000e+02   4.0000000e-02   3.0000000e-02   1.0000000e-09
   5.0000000e+02   1.4000000e+02   4.0000000e-02   3.0000000e-02   1.0000000e-09
   5.0000000e+02   1.4000000e+02   4.0000000e-02   3.0000000e-02   1.0000000e-09
   5.0000000e+02   1.4000000e+02   4.0000000e-02   3.0000000e-02   1.0000000e-09
   5.0000000e+02   1.4000000e+02   4.0000000e-02   3.0000000e-02   1.0000000e-09
   5.0000000e+02   1.4000000e+02   4.0000000e-02   3.0000000e-02   1.0000000e-09
   5.0000000e+02   1.4000000e+02   4.0000000e-02   3.0000000e-02   1.0000000e-09
   5.0000000e+02   1.4000000e+02   4.0000000e-02   3.0000000e-02   1.0000000e-09
   5.0000000e+02   1.4000000e+02   4.0000000e-02   3.0000000e-02   1.0000000e-09
   5.0000000e+02   1.4000000e+02   4.0000000e-02   3.0000000e-02   1.0000000e-09
   5.0000000e+02   1.4000000e+02   4.0000000e-02   3.0000000e-02   1.0000000e-09
   5.0000000e+02   1.4000000e+02   4.0000000e-02   3.0000000e-02   1.0000000e-09
   5.0000000e+02   1.4000000e+02   4.0000000e-02   3.0000000e-02   1.0000000e-09
   5.0000000e+02   1.4000000e+02   4.0000000e-02   3.0000000e-02   1.0000000e-09
   5.0000000e+02   1.4000000e+02   4.0000000e-02   3.0000000e-02   1.0000000e-09
   5.0000000e+02   1.4000000e+02   4.0000000e-02   3.0000000e-02   1.0000000e-09
   5.0000000e+02   1.4000000e+02   4.0000000e-02   3.0000000e-02   1.0000000e-09
   5.0000000e+02   1.4000000e+02   4.0000000e-02   3.0000000e-02   1.0000000e-09
   5.0000000e+02   1.4000000e+02   4.0000000e-02   3.0000000e-02   1.0000000e-09
   5.0000000e+02   1.4000000e+02   4.0000000e-02   3.0000000e-02   1.0000000e-09
   5.0000000e+02   1.4000000e+02   4.0000000e-02   3.0000000e-02   1.0000000e-09
   5.0000000e+02   1.4000000e+02   4.0000000e-02   3.0000000e-02   1.0000000e-09
   5.0000000e+02   1.4000000e+02   4.0000000e-02   3.0000000e-02   1.0000000e-09
   5.0000000e+02   1.4000000e+02   4.0000000e-02   3.0000000e-02   1.0000000e-09
   5.0000000e+02   1.4000000e+02   4.0000000e-02   3.0000000e-02   1.0000000e-09
   5.0000000e+02   1.4000000e+02   4.0000000e-02   3.0000000e-02   1.0000000e-09
   5.0000000e+02   1.4000000e+02   4.0000000e-02   3.0000000e-02   1.0000000e-09
   5.0000000e+02   1.4000000e+02   4.0000000e-02   3.0000000e-02   1.0000000e-09
   5.0000000e+02   1.4000000e+02   4.0000000e-02   3.0000000e-02   1.0000000e-09
   5.0000000e+02   1.4000000e+02   4.0000000e-02   3.0000000e-02   1.0000000e-09
   5.0000000e+02   1.4000000e+02   4.0000000e-02   3.0000000e-02   1.0000000e-09
   5.0000000e+02   1.4000000e+02   4.0000000e-02   3.0000000e-02   1.0000000e-09
   5.0000000e+02   1.4000000e+02   4.0000000e-02   3.0000000e-02   1.0000000e-09
   5.0000000e+02   1.4000000e+02   4.0000000e-02   3.0000000e-02   1.0000000e-09
   5.0000000e+02   1.4000000e+02   4.0000000e-02   3.0000000e-02   1.0000000e-09
   5.0000000e+02   1.4000000e+02   4.0000000e-02   3.0000000e-02   1.0000000e-09
   5.0000000e+02   1.4000000e+02   4.0000000e-02   3.0000000e-02   1.0000000e-09
   5.0000000e+02   1.4000000e+02   4.0000000e-02   3.0000000e-02   1.0000000e-09
   5.0000000e+02   1.4000000e+02   4.0000000e-02   3.0000000e-02   1.0000000e-09
   5.0000000e+02   1.4000000e+02   4.0000000e-02   3.0000000e-02   1.0000000e-09
   5.0000000e+02   1.4000000e+02   4.0000000e-02   3.0000000e-02   1.0000000e-09
   5.0000000e+02   1.4000000e+02   4.0000000e-02   3.0000000e-02   1.0000000e-09
   5.0000000e+02   1.4000000e+02   4.0000000e-02   3.0000000e-02   1.0000000e-09
   5.0000000e+02   1.4000000e+02   4.0000000e-02   3.0000000e-02   1.0000000e-09
   5.0000000e+02   1.4000000e+02   4.0000000e-02   3.0000000e-02   1.0000000e-09
   5.0000000e+02   1.4000000e+02   4.0000000e-02   3.0000000e-02   1.0000000e-09
   5.0000000e+02   1.4000000e+02   4.0000000e-02   3.0000000e-02   1.0000000e-09
   5.0000000e+02   1.4000000e+02   4.0000000e-02   3.0000000e-02   1.0000000e-09
   5.0000000e+02   1.4000000e+02   4.0000000e-02   3.0000000e-02   1.0000000e-09
   5.0000000e+02   1.4000000e+02   4.0000000e-02   3.0000000e-02   1.0000000e-09
   5.0000000e+02   1.4000000e+02   4.0000000e-02   3.0000000e-02   1.0000000e-09
   5.0000000e+02   1.4000000e+02   4.0000000e-02   3.0000000e-02   1.0000000e-09
   5.0000000e+02   1.4000000e+02   4.0000000e-02   3.0000000e-02   1.0000000e-09
   5.0000000e+02   1.4000000e+02   4.0000000e-02   3.0000000e-02   1.0000000e-09
   5.0000000e+02   1.4000000e+02   4.0000000e-02   3.0000000e-02   1.0000000e-09
   5.0000000e+02   1.4000000e+02   4.0000000e-02   3.0000000e-02   1.0000000e-09
   5.0000000e+02   1.4000000e+02   4.0000000e-02   3.0000000e-02   1.0000000e-09
   5.0000000e+02   1.4000000e+02   4.0000000e-02   3.0000000e-02   1.0000000e-09
   5.0000000e+02   1.4000000e+02   4.0000000e-02   3.0000000e-02   1.0000000e-09
   5.0000000e+02   1.4000000e+02   4.0000000e-02   3.0000000e-02   1.0000000e-09
   5.0000000e+02   1.4000000e+02   4.0000000e-02   3.0000000e-02   1.0000000e-09
   5.0000000e+02   1.4000000e+02   4.0000000e-02   3.0000000e-02   1.0000000e-09
   5.0000000e+02   1.4000000e+02   4.0000000e-02   3.0000000e-02   1.0000000e-09
   5.0000000e+02   1.4000000e+02   4.0000000e-02   3.0000000e-02   1.0000000e-09
   5.0000000e+02   1.4000000e+02   4.0000000e-02   3.0000000e-02   1.0000000e-09
   5.0000000e+02   1.4000000e+02   4.0000000e-02   3.0000000e-02   1.0000000e-09
   5.0000000e+02   1.4000000e+02   4.0000000e-02   3.0000000e-02   1.0000000e-09
   5.0000000e+02   1.4000000e+02   4.0000000e-02   3.0000000e-02   1.0000000e-09
   5.0000000e+02   1.4000000e+02   4.0000000e-02   3.0000000e-02   1.0000000e-09
   5.0000000e+02   1.4000000e+02   4.0000000e-02   3.0000000e-02   1.0000000e-09
   5.0000000e+02   1.4000000e+02   4.0000000e-02   3.0000000e-02   1.0000000e-09
   5.0000000e+02   1.4000000e+02   4.0000000e-02   3.0000000e-02   1.0000000e-09
   5.0000000e+02   1.4000000e+02   4.0000000e-02   3.0000000e-02   1.0000000e-09
   5.0000000e+02   1.4000000e+02   4.0000000e-02   3.0000000e-02   1.0000000e-09
   5.0000000e+02   1.4000000e+02   4.0000000e-02   3.0000000e-02   1.0000000e-09
   5.0000000e+02   1.4000000e+02   4.0000000e-02   3.0000000e-02   1.0000000e-09
   5.0000000e+02   1.4000000e+02   4.0000000e-02   3.0000000e-02   1.0000000e-09
   5.0000000e+02   1.4000000e+02   4.0000000e-02   3.0000000e-02   1.0000000e-09
   5.0000000e+02   1.4000000e+02   4.0000000e-02   3.0000000e-02   1.0000000e-09
   5.0000000e+02   1.4000000e+02   4.0000000e-02   3.0000000e-02   1.0000000e-09
   5.0000000e+02   1.4000000e+02   4.0000000e-02   3.0000000e-02   1.0000000e-09
   5.0000000e+02   1.4000000e+02   4.0000000e-02   3.0000000e-02   1.0000000e-09
   5.0000000e+02   1.4000000e+02   4.0000000e-02   3.0000000e-02   1.0000000e-09
   5.0000000e+02   1.4000000e+02   4.0000000e-02   3.0000000e-02   1.0000000e-09
   5.0000000e+02   1.4000000e+02   4.0000000e-02   3.0000000e-02   1.0000000e-09
   5.0000000e+02   1.4000000e+02   4.0000000e-02   3.0000000e-02   1.0000000e-09
   5.0000000e+02   1.4000000e+02   4.0000000e-02   3.0000000e-02   1.0000000e-09
   5.0000000e+02   1.4000000e+02   4.0000000e-02   3.0000000e-02   1.0000000e-09
   5.0000000e+02   1.4000000e+02   4.0000000e-02   3.0000000e-02   1.0000000e-09
   5.0000000e+02   1.4000000e+02   4.0000000e-02   3.0000000e-02   1.0000000e-09
   5.0000000e+02   1.4000000e+02   4.0000000e-02   3.0000000e-02   1.0000000e-09
   5.0000000e+02   1.4000000e+02   4.0000000e-02   3.0000000e-02   1.0000000e-09
   5.0000000e+02   1.4000000e+02   4.0000000e-02   3.0000000e-02   1.0000000e-09
   5.0000000e+02   1.4000000e+02   4.0000000e-02   3.0000000e-02   1.0000000e-09
   5.0000000e+02   1.4000000e+02   4.0000000e-02   3.0000000e-02   1.0000000e-09
   5.0000000e+02   1.4000000e+02   4.0000000e-02   3.0000000e-02   1.0000000e-09
   5.0000000e+02   1.4000000e+02   4.0000000e-02   3.0000000e-02   1.0000000e-09
   5.0000000e+02   1.4000000e+02   4.0000000e-02   3.0000000e-02   1.0000000e-09
   5.0000000e+02   1.4000000e+02   4.0000000e-02   3.0000000e-02   1.0000000e-09
   5.0000000e+02   1.4000000e+02   4.0000000e-02   3.0000000e-02   1.0000000e-09
   5.0000000e+02   1.4000000e+02   4.0000000e-02   3.0000000e-02   1.0000000e-09
   5.0000000e+02   1.4000000e+02   4.0000000e-02   3.0000000e-02   1.0000000e-09
   5.0000000e+02   1.4000000e+02   4.0000000e-02   3.0000000e-02   1.0000000e-09
   5.0000000e+02   1.4000000e+02   4.0000000e-02   3.0000000e-02   1.0000000e-09
   5.0000000e+02   1.4000000e+02   4.0000000e-02   3.0000000e-02   1.0000000e-09
   5.0000000e+02   1.4000000e+02   4.0000000e-02   3.0000000e-02   1.0000000e-09
   5.0000000e+02   1.4000000e+02   4.0000000e-02   3.0000000e-02   1.0000000e-09
   5.0000000e+02   1.4000000e+02   4.0000000e-02   3.0000000e-02   1.0000000e-09
   5.0000000e+02   1.4000000e+02   4.0000000e-02   3.0000000e-02   1.0000000e-09
   5.0000000e+02   1.4000000e+02   4.0000000e-02   3.0000000e-02   1.0000000e-09
   5.0000000e+02   1.4000000e+02   4.0000000e-02   3.0000000e-02   1.0000000e-09
   5.0000000e+02   1.4000000e+02   4.0000000e-02   3.0000000e-02   1.0000000e-09
   5.0000000e+02   1.4000000e+02   4.0000000e-02   3.0000000e-02   1.0000000e-09
   5.0000000e+02   1.4000000e+02   4.0000000e-02   3.0000000e-02   1.0000000e-09
   5.0000000e+02   1.4000000e+02   4.0000000e-02   3.0000000e-02   1.0000000e-09
   5.0000000e+02   1.4000000e+02   4.0000000e-02   3.0000000e-02   1.0000000e-09
   5.0000000e+02   1.4000000e+02   4.0000000e-02   3.0000000e-02   1.0000000e-09
   5.0000000e+02   1.4000000e+02   4.0000000e-02   3.0000000e-02   1.0000000e-09
   5.0000000e+02   1.4000000e+02   4.0000000e-02   3.0000000e-02   1.0000000e-09
   5.0000000e+02   1.4000000e+02   4.0000000e-02   3.0000000e-02   1.0000000e-09
   5.0000000e+02   1.4000000e+02   4.0000000e-02   3.0000000e-02   1.0000000e-09
   5.0000000e+02   1.4000000e+02   4.0000000e-02   3.0000000e-02   1.0000000e-09
   5.0000000e+02   1.4000000e+02   4.0000000e-02   3.0000000e-02   1.0000000e-09
   5.0000000e+02   1.4000000e+02   4.0000000e-02   3.0000000e-02   1.0000000e-09
   5.0000000e+02   1.4000000e+02   4.0000000e-02   3.0000000e-02   1.0000000e-09
   5.0000000e+02   1.4000000e+02   4.0000000e-02   3.0000000e-02   1.0000000e-09
   5.0000000e+02   1.4000000e+02   4.0000000e-02   3.0000000e-02   1.0000000e-09
   5.0000000e+02   1.4000000e+02   4.0000000e-02   3.0000000e-02   1.0000000e-09
   5.0000000e+02   1.4000000e+02   3.9627472e-02   3.0000000e-02   1.0000000e-09
   5.0000000e+02   1.4000000e+02   4.0000000e-02   3.0000000e-02   1.0000000e-09
   5.0000000e+02   1.4000000e+02   4.0000000e-02   3.0000000e-02   1.0000000e-09
   5.0000000e+02   1.4000000e+02   3.9627472e-02   3.0000000e-02   1.0000000e-09
   5.0000000e+02   1.4000000e+02   3.9627472e-02   3.0000000e-02   1.0000000e-09
   5.0000000e+02   1.4000000e+02   4.0000000e-02   3.0000000e-02   1.0000000e-09
   5.0000000e+02   1.4000000e+02   4.0000000e-02   3.0000000e-02   1.0000000e-09
   5.0000000e+02   1.4000000e+02   3.9627472e-02   3.0000000e-02   1.0000000e-09
   5.0000000e+02   1.4000000e+02   3.9627472e-02   3.0000000e-02   1.0000000e-09
   5.0000000e+02   1.4000000e+02   4.0000000e-02   3.0000000e-02   1.0000000e-09
   5.0000000e+02   1.4000000e+02   4.0000000e-02   3.0000000e-02   1.0000000e-09
   5.0000000e+02   1.4000000e+02   3.9627472e-02   3.0000000e-02   1.0000000e-09
   5.0000000e+02   1.4000000e+02   3.9627472e-02   3.0000000e-02   1.0000000e-09
   5.0000000e+02   1.4000000e+02   3.4431394e-02   3.0000000e-02   1.0000000e-09
   5.0000000e+02   1.4000000e+02   3.9627472e-02   3.0000000e-02   1.0000000e-09
   5.0000000e+02   1.4000000e+02   3.4431394e-02   3.0000000e-02   1.0000000e-09
   5.0000000e+02   1.4000000e+02   3.9627472e-02   3.0000000e-02   1.0000000e-09
   5.0000000e+02   1.4000000e+02   3.4431394e-02   3.0000000e-02   1.0000000e-09
   5.0000000e+02   1.4000000e+02   3.9627472e-02   3.0000000e-02   1.0000000e-09
   5.0000000e+02   1.4000000e+02   3.4431394e-02   3.0000000e-02   1.0000000e-09
   5.0000000e+02   1.4000000e+02   3.9627472e-02   3.0000000e-02   1.0000000e-09
   5.0000000e+02   1.4000000e+02   3.4431394e-02   3.0000000e-02   1.0000000e-09
   5.0000000e+02   1.4000000e+02   4.0000000e-02   3.0000000e-02   1.0000000e-09
   5.0000000e+02   1.4000000e+02   3.9627472e-02   3.0000000e-02   1.0000000e-09
   5.0000000e+02   1.4000000e+02   1.8843160e-02   3.0000000e-02   1.0000000e-09
   5.0000000e+02   1.4000000e+02   3.9627472e-02   3.0000000e-02   1.0000000e-09
   5.0000000e+02   1.4000000e+02   1.8843160e-02   3.0000000e-02   1.0000000e-09
   5.0000000e+02   1.4000000e+02   3.9627472e-02   3.0000000e-02   1.0000000e-09
   5.0000000e+02   1.4000000e+02   1.8843160e-02   3.0000000e-02   1.0000000e-09
   5.0000000e+02   1.4000000e+02   3.9627472e-02   3.0000000e-02   1.0000000e-09
   5.0000000e+02   1.4000000e+02   1.8843160e-02   3.0000000e-02   1.0000000e-09
   5.0000000e+02   1.4000000e+02   3.9627472e-02   3.0000000e-02   1.0000000e-09
   5.0000000e+02   1.4000000e+02   1.8843160e-02   3.0000000e-02   1.0000000e-09
   5.0000000e+02   1.4000000e+02   3.9627472e-02   3.0000000e-02   1.0000000e-09
   5.0000000e+02   1.4000000e+02   1.8843160e-02   3.0000000e-02   1.0000000e-09
   5.0000000e+02   1.4000000e+02   3.9627472e-02   3.0000000e-02   1.0000000e-09
   5.0000000e+02   1.4000000e+02   1.8843160e-02   3.0000000e-02   1.0000000e-09
   5.0000000e+02   1.4000000e+02   3.9627472e-02   3.0000000e-02   1.0000000e-09
   5.0000000e+02   1.4000000e+02   1.8843160e-02   3.0000000e-02   1.0000000e-09
   5.0000000e+02   1.4000000e+02   3.9627472e-02   3.0000000e-02   1.0000000e-09
   5.0000000e+02   1.4000000e+02   1.8843160e-02   3.0000000e-02   1.0000000e-09
   5.0000000e+02   1.4000000e+02   3.9627472e-02   3.0000000e-02   1.0000000e-09
   5.0000000e+02   1.4000000e+02   1.8843160e-02   3.0000000e-02   1.0000000e-09
   5.0000000e+02   1.4000000e+02   3.9627472e-02   3.0000000e-02   1.0000000e-09
   5.0000000e+02   1.4000000e+02   1.8843160e-02   3.0000000e-02   1.0000000e-09
   5.0000000e+02   1.4000000e+02   3.9627472e-02   3.0000000e-02   1.0000000e-09
   5.0000000e+02   1.4000000e+02   1.8843160e-02   3.0000000e-02   1.0000000e-09
   5.0000000e+02   1.4000000e+02   3.9627472e-02   3.0000000e-02   1.0000000e-09
   5.0000000e+02   1.4000000e+02   1.8843160e-02   3.0000000e-02   1.0000000e-09
   5.0000000e+02   1.4000000e+02   3.9627472e-02   3.0000000e-02   1.0000000e-09
   5.0000000e+02   1.4000000e+02   1.8843160e-02   3.0000000e-02   1.0000000e-09
   5.0000000e+02   1.4000000e+02   3.9627472e-02   3.0000000e-02   1.0000000e-09
   5.0000000e+02   1.4000000e+02   1.8843160e-02   3.0000000e-02   1.0000000e-09
   5.0000000e+02   1.4000000e+02   3.9627472e-02   3.0000000e-02   1.0000000e-09
   5.0000000e+02   1.4000000e+02   1.8843160e-02   3.0000000e-02   1.0000000e-09
   5.0000000e+02   1.4000000e+02   3.9627472e-02   3.0000000e-02   1.0000000e-09
   5.0000000e+02   1.4000000e+02   1.8843160e-02   3.0000000e-02   1.0000000e-09
   5.0000000e+02   1.4000000e+02   3.9627472e-02   3.0000000e-02   1.0000000e-09
   5.0000000e+02   1.4000000e+02   1.8843160e-02   3.0000000e-02   1.0000000e-09
   5.0000000e+02   1.4000000e+02   3.9627472e-02   3.0000000e-02   1.0000000e-09
   5.0000000e+02   1.4000000e+02   1.8843160e-02   3.0000000e-02   1.0000000e-09
   5.0000000e+02   1.4000000e+02   3.9627472e-02   3.0000000e-02   1.0000000e-09
   5.0000000e+02   1.4000000e+02   1.8843160e-02   3.0000000e-02   1.0000000e-09
   5.0000000e+02   1.4000000e+02   3.9627472e-02   3.0000000e-02   1.0000000e-09
   5.0000000e+02   1.4000000e+02   1.8843160e-02   3.0000000e-02   1.0000000e-09
   5.0000000e+02   1.4000000e+02   3.9627472e-02   3.0000000e-02   1.0000000e-09
   5.0000000e+02   1.4000000e+02   1.8843160e-02   3.0000000e-02   1.0000000e-09
   5.0000000e+02   1.4000000e+02   3.9627472e-02   3.0000000e-02   1.0000000e-09
   5.0000000e+02   1.4000000e+02   1.8843160e-02   3.0000000e-02   1.0000000e-09
   5.0000000e+02   1.4000000e+02   3.9627472e-02   3.0000000e-02   1.0000000e-09
   5.0000000e+02   1.4000000e+02   1.8843160e-02   3.0000000e-02   1.0000000e-09
   5.0000000e+02   1.4000000e+02   3.9627472e-02   3.0000000e-02   1.0000000e-09
   5.0000000e+02   1.4000000e+02   1.8843160e-02   3.0000000e-02   1.0000000e-09
   5.0000000e+02   1.4000000e+02   3.9627472e-02   3.0000000e-02   1.0000000e-09
   5.0000000e+02   1.4000000e+02   1.8843160e-02   3.0000000e-02   1.0000000e-09
   5.0000000e+02   1.4000000e+02   3.9627472e-02   3.0000000e-02   1.0000000e-09
   5.0000000e+02   1.4000000e+02   1.8843160e-02   3.0000000e-02   1.0000000e-09
   5.0000000e+02   1.4000000e+02   3.9627472e-02   3.0000000e-02   1.0000000e-09
   5.0000000e+02   1.4000000e+02   1.8843160e-02   3.0000000e-02   1.0000000e-09
   5.0000000e+02   1.4000000e+02   3.9627472e-02   3.0000000e-02   1.0000000e-09
   5.0000000e+02   1.4000000e+02   1.8843160e-02   3.0000000e-02   1.0000000e-09
   5.0000000e+02   1.4000000e+02   3.9627472e-02   3.0000000e-02   1.0000000e-09
   5.0000000e+02   1.4000000e+02   1.8843160e-02   3.0000000e-02   1.0000000e-09
   5.0000000e+02   1.4000000e+02   3.9627472e-02   3.0000000e-02   1.0000000e-09
   5.0000000e+02   1.4000000e+02   1.8843160e-02   3.0000000e-02   1.0000000e-09
   5.0000000e+02   1.4000000e+02   3.9627472e-02   3.0000000e-02   1.0000000e-09
   5.0000000e+02   1.4000000e+02   1.8843160e-02   3.0000000e-02   1.0000000e-09
   5.0000000e+02   1.4000000e+02   3.9627472e-02   3.0000000e-02   1.0000000e-09
   5.0000000e+02   1.4000000e+02   1.8843160e-02   3.0000000e-02   1.0000000e-09
   5.0000000e+02   1.4000000e+02   3.9627472e-02   3.0000000e-02   1.0000000e-09
   5.0000000e+02   1.4000000e+02   1.8843160e-02   3.0000000e-02   1.0000000e-09
   5.0000000e+02   1.4000000e+02   3.9627472e-02   3.0000000e-02   1.0000000e-09
   5.0000000e+02   1.4000000e+02   1.8843160e-02   3.0000000e-02   1.0000000e-09
   5.0000000e+02   1.4000000e+02   3.9627472e-02   3.0000000e-02   1.0000000e-09
   5.0000000e+02   1.4000000e+02   1.8843160e-02   3.0000000e-02   1.0000000e-09
   5.0000000e+02   1.4000000e+02   3.9627472e-02   3.0000000e-02   1.0000000e-09
   5.0000000e+02   1.4000000e+02   1.8843160e-02   3.0000000e-02   1.0000000e-09
   5.0000000e+02   1.4000000e+02   3.9627472e-02   3.0000000e-02   1.0000000e-09
   5.0000000e+02   1.4000000e+02   1.8843160e-02   3.0000000e-02   1.0000000e-09
   5.0000000e+02   1.4000000e+02   3.9627472e-02   3.0000000e-02   1.0000000e-09
   5.0000000e+02   1.4000000e+02   1.8843160e-02   3.0000000e-02   1.0000000e-09
   5.0000000e+02   1.4000000e+02   3.9627472e-02   3.0000000e-02   1.0000000e-09
   5.0000000e+02   1.4000000e+02   1.8843160e-02   3.0000000e-02   1.0000000e-09
   5.0000000e+02   1.4000000e+02   3.9627472e-02   3.0000000e-02   1.0000000e-09
   5.0000000e+02   1.4000000e+02   1.8843160e-02   3.0000000e-02   1.0000000e-09
   5.0000000e+02   1.4000000e+02   3.9627472e-02   3.0000000e-02   1.0000000e-09
   5.0000000e+02   1.4000000e+02   1.8843160e-02   3.0000000e-02   1.0000000e-09
   5.0000000e+02   1.4000000e+02   3.9627472e-02   3.0000000e-02   1.0000000e-09
   5.0000000e+02   1.4000000e+02   1.8843160e-02   3.0000000e-02   1.0000000e-09
   5.0000000e+02   1.4000000e+02   3.9627472e-02   3.0000000e-02   1.0000000e-09
   5.0000000e+02   1.4000000e+02   1.8843160e-02   3.0000000e-02   1.0000000e-09
   5.0000000e+02   1.4000000e+02   3.9627472e-02   3.0000000e-02   1.0000000e-09
   5.0000000e+02   1.4000000e+02   1.8843160e-02   3.0000000e-02   1.0000000e-09
   5.0000000e+02   1.4000000e+02   3.9627472e-02   3.0000000e-02   1.0000000e-09
   5.0000000e+02   1.4000000e+02   1.8843160e-02   3.0000000e-02   1.0000000e-09
   5.0000000e+02   1.4000000e+02   3.9627472e-02   3.0000000e-02   1.0000000e-09
   5.0000000e+02   1.4000000e+02   1.8843160e-02   3.0000000e-02   1.0000000e-09
   5.0000000e+02   1.4000000e+02   3.9627472e-02   3.0000000e-02   1.0000000e-09
   5.0000000e+02   1.4000000e+02   1.8843160e-02   3.0000000e-02   1.0000000e-09
   5.0000000e+02   1.4000000e+02   3.9627472e-02   3.0000000e-02   1.0000000e-09
   5.0000000e+02   1.4000000e+02   1.8843160e-02   3.0000000e-02   1.0000000e-09
   5.0000000e+02   1.4000000e+02   3.9627472e-02   3.0000000e-02   1.0000000e-09
   5.0000000e+02   1.4000000e+02   1.8843160e-02   3.0000000e-02   1.0000000e-09
   5.0000000e+02   1.4000000e+02   3.9627472e-02   3.0000000e-02   1.0000000e-09
   5.0000000e+02   1.4000000e+02   3.4431394e-02   3.0000000e-02   1.0000000e-09
   5.0000000e+02   1.4000000e+02   3.9997900e-02   3.0000000e-02   1.0000000e-09
   5.0000000e+02   1.4000000e+02   4.0000000e-02   3.0000000e-02   1.0000000e-09
   5.0000000e+02   1.4000000e+02   3.9627472e-02   3.0000000e-02   1.0000000e-09
   5.0000000e+02   1.4000000e+02   4.0000000e-02   3.0000000e-02   1.0000000e-09
   5.0000000e+02   1.4000000e+02   3.4431394e-02   3.0000000e-02   1.0000000e-09
   5.0000000e+02   1.4000000e+02   4.0000000e-02   3.0000000e-02   1.0000000e-09
   5.0000000e+02   1.4000000e+02   1.8843160e-02   3.0000000e-02   1.0000000e-09
   5.0000000e+02   1.4000000e+02   4.0000000e-02   3.0000000e-02   1.0000000e-09
   5.0000000e+02   1.4000000e+02   3.4431394e-02   3.0000000e-02   1.0000000e-09
   5.0000000e+02   1.4000000e+02   4.0000000e-02   3.0000000e-02   1.0000000e-09
   5.0000000e+02   1.4000000e+02   3.4431394e-02   3.0000000e-02   1.0000000e-09
   5.0000000e+02   1.4000000e+02   4.0000000e-02   3.0000000e-02   1.0000000e-09
   5.0000000e+02   1.4000000e+02   4.0000000e-02   3.0000000e-02   1.0000000e-09
   5.0000000e+02   1.4000000e+02   4.0000000e-02   3.0000000e-02   1.0000000e-09
   5.0000000e+02   1.4000000e+02   3.9998920e-02   3.0000000e-02   1.0000000e-09
   5.0000000e+02   1.4000000e+02   4.0000000e-02   3.0000000e-02   1.0000000e-09
   5.0000000e+02   1.4000000e+02   4.0000000e-02   3.0000000e-02   1.0000000e-09
   5.0000000e+02   1.4000000e+02   4.0000000e-02   3.0000000e-02   1.0000000e-09
   5.0000000e+02   1.4000000e+02   4.0000000e-02   3.0000000e-02   1.0000000e-09
   5.0000000e+02   1.4000000e+02   4.0000000e-02   3.0000000e-02   1.0000000e-09
   5.0000000e+02   1.4000000e+02   4.0000000e-02   3.0000000e-02   1.0000000e-09
   5.0000000e+02   1.4000000e+02   4.0000000e-02   3.0000000e-02   1.0000000e-09
   5.0000000e+02   1.4000000e+02   4.0000000e-02   3.0000000e-02   1.0000000e-09
   5.0000000e+02   1.4000000e+02   4.0000000e-02   3.0000000e-02   1.0000000e-09
   5.0000000e+02   1.4000000e+02   4.0000000e-02   3.0000000e-02   1.0000000e-09
   5.0000000e+02   1.4000000e+02   4.0000000e-02   3.0000000e-02   1.0000000e-09
   5.0000000e+02   1.4000000e+02   4.0000000e-02   3.0000000e-02   1.0000000e-09
   5.0000000e+02   1.4000000e+02   4.0000000e-02   3.0000000e-02   1.0000000e-09
   5.0000000e+02   1.4000000e+02   4.0000000e-02   3.0000000e-02   1.0000000e-09
   5.0000000e+02   1.4000000e+02   4.0000000e-02   3.0000000e-02   1.0000000e-09
   5.0000000e+02   1.4000000e+02   4.0000000e-02   3.0000000e-02   1.0000000e-09
   5.0000000e+02   1.4000000e+02   4.0000000e-02   3.0000000e-02   1.0000000e-09
   5.0000000e+02   1.4000000e+02   4.0000000e-02   3.0000000e-02   1.0000000e-09
   5.0000000e+02   1.4000000e+02   4.0000000e-02   3.0000000e-02   1.0000000e-09
   5.0000000e+02   1.4000000e+02   4.0000000e-02   3.0000000e-02   1.0000000e-09
   5.0000000e+02   1.4000000e+02   4.0000000e-02   3.0000000e-02   1.0000000e-09
   5.0000000e+02   1.4000000e+02   4.0000000e-02   3.0000000e-02   1.0000000e-09
   5.0000000e+02   1.4000000e+02   4.0000000e-02   3.0000000e-02   1.0000000e-09
   5.0000000e+02   1.4000000e+02   4.0000000e-02   3.0000000e-02   1.0000000e-09
   5.0000000e+02   1.4000000e+02   4.0000000e-02   3.0000000e-02   1.0000000e-09
   5.0000000e+02   1.4000000e+02   4.0000000e-02   3.0000000e-02   1.0000000e-09
   5.0000000e+02   1.4000000e+02   4.0000000e-02   3.0000000e-02   1.0000000e-09
   5.0000000e+02   1.4000000e+02   4.0000000e-02   3.0000000e-02   1.0000000e-09
   5.0000000e+02   1.4000000e+02   4.0000000e-02   3.0000000e-02   1.0000000e-09
   5.0000000e+02   1.4000000e+02   4.0000000e-02   3.0000000e-02   1.0000000e-09
   5.0000000e+02   1.4000000e+02   4.0000000e-02   3.0000000e-02   1.0000000e-09
   5.0000000e+02   1.4000000e+02   4.0000000e-02   3.0000000e-02   1.0000000e-09
   5.0000000e+02   1.4000000e+02   4.0000000e-02   3.0000000e-02   1.0000000e-09
   5.0000000e+02   1.4000000e+02   4.0000000e-02   3.0000000e-02   1.0000000e-09
   5.0000000e+02   1.4000000e+02   4.0000000e-02   3.0000000e-02   1.0000000e-09
   5.0000000e+02   1.4000000e+02   4.0000000e-02   3.0000000e-02   1.0000000e-09
   5.0000000e+02   1.4000000e+02   4.0000000e-02   3.0000000e-02   1.0000000e-09
   5.0000000e+02   1.4000000e+02   4.0000000e-02   3.0000000e-02   1.0000000e-09
   5.0000000e+02   1.4000000e+02   4.0000000e-02   3.0000000e-02   1.0000000e-09
   5.0000000e+02   1.4000000e+02   4.0000000e-02   3.0000000e-02   1.0000000e-09
   5.0000000e+02   1.4000000e+02   4.0000000e-02   3.0000000e-02   1.0000000e-09
   5.0000000e+02   1.4000000e+02   4.0000000e-02   3.0000000e-02   1.0000000e-09
   5.0000000e+02   1.4000000e+02   4.0000000e-02   3.0000000e-02   1.0000000e-09
   5.0000000e+02   1.4000000e+02   4.0000000e-02   3.0000000e-02   1.0000000e-09
   5.0000000e+02   1.4000000e+02   4.0000000e-02   3.0000000e-02   1.0000000e-09
   5.0000000e+02   1.4000000e+02   4.0000000e-02   3.0000000e-02   1.0000000e-09
   5.0000000e+02   1.4000000e+02   4.0000000e-02   3.0000000e-02   1.0000000e-09
   5.0000000e+02   1.4000000e+02   4.0000000e-02   3.0000000e-02   1.0000000e-09
   5.0000000e+02   1.4000000e+02   4.0000000e-02   3.0000000e-02   1.0000000e-09
   5.0000000e+02   1.4000000e+02   4.0000000e-02   3.0000000e-02   1.0000000e-09
   5.0000000e+02   1.4000000e+02   4.0000000e-02   3.0000000e-02   1.0000000e-09
   5.0000000e+02   1.4000000e+02   4.0000000e-02   3.0000000e-02   1.0000000e-09
   5.0000000e+02   1.4000000e+02   4.0000000e-02   3.0000000e-02   1.0000000e-09
   5.0000000e+02   1.4000000e+02   4.0000000e-02   3.0000000e-02   1.0000000e-09
   5.0000000e+02   1.4000000e+02   4.0000000e-02   3.0000000e-02   1.0000000e-09
   5.0000000e+02   1.4000000e+02   4.0000000e-02   3.0000000e-02   1.0000000e-09
   5.0000000e+02   1.4000000e+02   4.0000000e-02   3.0000000e-02   1.0000000e-09
   5.0000000e+02   1.4000000e+02   4.0000000e-02   3.0000000e-02   1.0000000e-09
   5.0000000e+02   1.4000000e+02   4.0000000e-02   3.0000000e-02   1.0000000e-09
   5.0000000e+02   1.4000000e+02   4.0000000e-02   3.0000000e-02   1.0000000e-09
   5.0000000e+02   1.4000000e+02   4.0000000e-02   3.0000000e-02   1.0000000e-09
   5.0000000e+02   1.4000000e+02   4.0000000e-02   3.0000000e-02   1.0000000e-09
   5.0000000e+02   1.4000000e+02   4.0000000e-02   3.0000000e-02   1.0000000e-09
   5.0000000e+02   1.4000000e+02   4.0000000e-02   3.0000000e-02   1.0000000e-09
   5.0000000e+02   1.4000000e+02   4.0000000e-02   3.0000000e-02   1.0000000e-09
   5.0000000e+02   1.4000000e+02   4.0000000e-02   3.0000000e-02   1.0000000e-09
   5.0000000e+02   1.4000000e+02   4.0000000e-02   3.0000000e-02   1.0000000e-09
   5.0000000e+02   1.4000000e+02   4.0000000e-02   3.0000000e-02   1.0000000e-09
   5.0000000e+02   1.4000000e+02   4.0000000e-02   3.0000000e-02   1.0000000e-09
   5.0000000e+02   1.4000000e+02   4.0000000e-02   3.0000000e-02   1.0000000e-09
   5.0000000e+02   1.4000000e+02   4.0000000e-02   3.0000000e-02   1.0000000e-09
   5.0000000e+02   1.4000000e+02   4.0000000e-02   3.0000000e-02   1.0000000e-09
   5.0000000e+02   1.4000000e+02   4.0000000e-02   3.0000000e-02   1.0000000e-09
   5.0000000e+02   1.4000000e+02   4.0000000e-02   3.0000000e-02   1.0000000e-09
   5.0000000e+02   1.4000000e+02   4.0000000e-02   3.0000000e-02   1.0000000e-09
   5.0000000e+02   1.4000000e+02   4.0000000e-02   3.0000000e-02   1.0000000e-09
   5.0000000e+02   1.4000000e+02   4.0000000e-02   3.0000000e-02   1.0000000e-09
   5.0000000e+02   1.4000000e+02   4.0000000e-02   3.0000000e-02   1.0000000e-09
   5.0000000e+02   1.4000000e+02   4.0000000e-02   3.0000000e-02   1.0000000e-09
   5.0000000e+02   1.4000000e+02   4.0000000e-02   3.0000000e-02   1.0000000e-09
   5.0000000e+02   1.4000000e+02   4.0000000e-02   3.0000000e-02   1.0000000e-09
   5.0000000e+02   1.4000000e+02   4.0000000e-02   3.0000000e-02   1.0000000e-09
   5.0000000e+02   1.4000000e+02   4.0000000e-02   3.0000000e-02   1.0000000e-09
   5.0000000e+02   1.4000000e+02   4.0000000e-02   3.0000000e-02   1.0000000e-09
   5.0000000e+02   1.4000000e+02   4.0000000e-02   3.0000000e-02   1.0000000e-09
   5.0000000e+02   1.4000000e+02   4.0000000e-02   3.0000000e-02   1.0000000e-09
   5.0000000e+02   1.4000000e+02   4.0000000e-02   3.0000000e-02   1.0000000e-09
   5.0000000e+02   1.4000000e+02   4.0000000e-02   3.0000000e-02   1.0000000e-09
   5.0000000e+02   1.4000000e+02   4.0000000e-02   3.0000000e-02   1.0000000e-09
   5.0000000e+02   1.4000000e+02   4.0000000e-02   3.0000000e-02   1.0000000e-09
   5.0000000e+02   1.4000000e+02   4.0000000e-02   3.0000000e-02   1.0000000e-09
   5.0000000e+02   1.4000000e+02   4.0000000e-02   3.0000000e-02   1.0000000e-09
   5.0000000e+02   1.4000000e+02   4.0000000e-02   3.0000000e-02   1.0000000e-09
   5.0000000e+02   1.4000000e+02   4.0000000e-02   3.0000000e-02   1.0000000e-09
   5.0000000e+02   1.4000000e+02   4.0000000e-02   3.0000000e-02   1.0000000e-09
   5.0000000e+02   1.4000000e+02   4.0000000e-02   3.0000000e-02   1.0000000e-09
   5.0000000e+02   1.4000000e+02   4.0000000e-02   3.0000000e-02   1.0000000e-09
   5.0000000e+02   1.4000000e+02   4.0000000e-02   3.0000000e-02   1.0000000e-09
   5.0000000e+02   1.4000000e+02   4.0000000e-02   3.0000000e-02   1.0000000e-09
   5.0000000e+02   1.4000000e+02   4.0000000e-02   3.0000000e-02   1.0000000e-09
   5.0000000e+02   1.4000000e+02   4.0000000e-02   3.0000000e-02   1.0000000e-09
   5.0000000e+02   1.4000000e+02   4.0000000e-02   3.0000000e-02   1.0000000e-09
   5.0000000e+02   1.4000000e+02   4.0000000e-02   3.0000000e-02   1.0000000e-09
   5.0000000e+02   1.4000000e+02   4.0000000e-02   3.0000000e-02   1.0000000e-09
   5.0000000e+02   1.4000000e+02   4.0000000e-02   3.0000000e-02   1.0000000e-09
   5.0000000e+02   1.4000000e+02   4.0000000e-02   3.0000000e-02   1.0000000e-09
   5.0000000e+02   1.4000000e+02   4.0000000e-02   3.0000000e-02   1.0000000e-09
   5.0000000e+02   1.4000000e+02   4.0000000e-02   3.0000000e-02   1.0000000e-09
   5.0000000e+02   1.4000000e+02   4.0000000e-02   3.0000000e-02   1.0000000e-09
   5.0000000e+02   1.4000000e+02   4.0000000e-02   3.0000000e-02   1.0000000e-09
   5.0000000e+02   1.4000000e+02   4.0000000e-02   3.0000000e-02   1.0000000e-09
   5.0000000e+02   1.4000000e+02   4.0000000e-02   3.0000000e-02   1.0000000e-09
   5.0000000e+02   1.4000000e+02   4.0000000e-02   3.0000000e-02   1.0000000e-09
   5.0000000e+02   1.4000000e+02   4.0000000e-02   3.0000000e-02   1.0000000e-09
   5.0000000e+02   1.4000000e+02   4.0000000e-02   3.0000000e-02   1.0000000e-09
   5.0000000e+02   1.4000000e+02   4.0000000e-02   3.0000000e-02   1.0000000e-09
   5.0000000e+02   1.4000000e+02   4.0000000e-02   3.0000000e-02   1.0000000e-09
   5.0000000e+02   1.4000000e+02   4.0000000e-02   3.0000000e-02   1.0000000e-09
   5.0000000e+02   1.4000000e+02   4.0000000e-02   3.0000000e-02   1.0000000e-09
   5.0000000e+02   1.4000000e+02   4.0000000e-02   3.0000000e-02   1.0000000e-09
   5.0000000e+02   1.4000000e+02   4.0000000e-02   3.0000000e-02   1.0000000e-09
   5.0000000e+02   1.4000000e+02   4.0000000e-02   3.0000000e-02   1.0000000e-09
   5.0000000e+02   1.4000000e+02   4.0000000e-02   3.0000000e-02   1.0000000e-09
   5.0000000e+02   1.4000000e+02   4.0000000e-02   3.0000000e-02   1.0000000e-09
   5.0000000e+02   1.4000000e+02   4.0000000e-02   3.0000000e-02   1.0000000e-09
   5.0000000e+02   1.4000000e+02   4.0000000e-02   3.0000000e-02   1.0000000e-09
   5.0000000e+02   1.4000000e+02   4.0000000e-02   3.0000000e-02   1.0000000e-09
   5.0000000e+02   1.4000000e+02   4.0000000e-02   3.0000000e-02   1.0000000e-09
   5.0000000e+02   1.4000000e+02   4.0000000e-02   3.0000000e-02   1.0000000e-09
   5.0000000e+02   1.4000000e+02   4.0000000e-02   3.0000000e-02   1.0000000e-09
   5.0000000e+02   1.4000000e+02   4.0000000e-02   3.0000000e-02   1.0000000e-09
   5.0000000e+02   1.4000000e+02   4.0000000e-02   3.0000000e-02   1.0000000e-09
   5.0000000e+02   1.4000000e+02   4.0000000e-02   3.0000000e-02   1.0000000e-09
   5.0000000e+02   1.4000000e+02   4.0000000e-02   3.0000000e-02   1.0000000e-09
   5.0000000e+02   1.4000000e+02   4.0000000e-02   3.0000000e-02   1.0000000e-09
   5.0000000e+02   1.4000000e+02   4.0000000e-02   3.0000000e-02   1.0000000e-09
   5.0000000e+02   1.4000000e+02   4.0000000e-02   3.0000000e-02   1.0000000e-09
   5.0000000e+02   1.4000000e+02   4.0000000e-02   3.0000000e-02   1.0000000e-09
   5.0000000e+02   1.4000000e+02   4.0000000e-02   3.0000000e-02   1.0000000e-09
   5.0000000e+02   1.4000000e+02   4.0000000e-02   3.0000000e-02   1.0000000e-09
   5.0000000e+02   1.4000000e+02   4.0000000e-02   3.0000000e-02   1.0000000e-09
   5.0000000e+02   1.4000000e+02   4.0000000e-02   3.0000000e-02   1.0000000e-09
   5.0000000e+02   1.4000000e+02   4.0000000e-02   3.0000000e-02   1.0000000e-09
   5.0000000e+02   1.4000000e+02   4.0000000e-02   3.0000000e-02   1.0000000e-09
   5.0000000e+02   1.4000000e+02   4.0000000e-02   3.0000000e-02   1.0000000e-09
   5.0000000e+02   1.4000000e+02   4.0000000e-02   3.0000000e-02   1.0000000e-09
   5.0000000e+02   1.4000000e+02   4.0000000e-02   3.0000000e-02   1.0000000e-09
   5.0000000e+02   1.4000000e+02   4.0000000e-02   3.0000000e-02   1.0000000e-09
   5.0000000e+02   1.4000000e+02   4.0000000e-02   3.0000000e-02   1.0000000e-09
   5.0000000e+02   1.4000000e+02   4.0000000e-02   3.0000000e-02   1.0000000e-09
   5.0000000e+02   1.4000000e+02   4.0000000e-02   3.0000000e-02   1.0000000e-09
   5.0000000e+02   1.4000000e+02   4.0000000e-02   3.0000000e-02   1.0000000e-09
   5.0000000e+02   1.4000000e+02   4.0000000e-02   3.0000000e-02   1.0000000e-09
   5.0000000e+02   1.4000000e+02   4.0000000e-02   3.0000000e-02   1.0000000e-09
   5.0000000e+02   1.4000000e+02   4.0000000e-02   3.0000000e-02   1.0000000e-09
   5.0000000e+02   1.4000000e+02   4.0000000e-02   3.0000000e-02   1.0000000e-09
   5.0000000e+02   1.4000000e+02   4.0000000e-02   3.0000000e-02   1.0000000e-09
   5.0000000e+02   1.4000000e+02   4.0000000e-02   3.0000000e-02   1.0000000e-09
   5.0000000e+02   1.4000000e+02   4.0000000e-02   3.0000000e-02   1.0000000e-09
   5.0000000e+02   1.4000000e+02   4.0000000e-02   3.0000000e-02   1.0000000e-09
   5.0000000e+02   1.4000000e+02   4.0000000e-02   3.0000000e-02   1.0000000e-09
   5.0000000e+02   1.4000000e+02   4.0000000e-02   3.0000000e-02   1.0000000e-09
   5.0000000e+02   1.4000000e+02   4.0000000e-02   3.0000000e-02   1.0000000e-09
   5.0000000e+02   1.4000000e+02   4.0000000e-02   3.0000000e-02   1.0000000e-09
   5.0000000e+02   1.4000000e+02   4.0000000e-02   3.0000000e-02   1.0000000e-09
   5.0000000e+02   1.4000000e+02   4.0000000e-02   3.0000000e-02   1.0000000e-09
   5.0000000e+02   1.4000000e+02   4.0000000e-02   3.0000000e-02   1.0000000e-09
   5.0000000e+02   1.4000000e+02   4.0000000e-02   3.0000000e-02   1.0000000e-09
   5.0000000e+02   1.4000000e+02   4.0000000e-02   3.0000000e-02   1.0000000e-09
   5.0000000e+02   1.4000000e+02   4.0000000e-02   3.0000000e-02   1.0000000e-09
   5.0000000e+02   1.4000000e+02   4.0000000e-02   3.0000000e-02   1.0000000e-09
   5.0000000e+02   1.4000000e+02   4.0000000e-02   3.0000000e-02   1.0000000e-09
   5.0000000e+02   1.4000000e+02   4.0000000e-02   3.0000000e-02   1.0000000e-09
   5.0000000e+02   1.4000000e+02   4.0000000e-02   3.0000000e-02   1.0000000e-09
   5.0000000e+02   1.4000000e+02   4.0000000e-02   3.0000000e-02   1.0000000e-09
   5.0000000e+02   1.4000000e+02   4.0000000e-02   3.0000000e-02   1.0000000e-09
   5.0000000e+02   1.4000000e+02   4.0000000e-02   3.0000000e-02   1.0000000e-09
   5.0000000e+02   1.4000000e+02   4.0000000e-02   3.0000000e-02   1.0000000e-09
   5.0000000e+02   1.4000000e+02   4.0000000e-02   3.0000000e-02   1.0000000e-09
   5.0000000e+02   1.4000000e+02   4.0000000e-02   3.0000000e-02   1.0000000e-09
   5.0000000e+02   1.4000000e+02   4.0000000e-02   3.0000000e-02   1.0000000e-09
   5.0000000e+02   1.4000000e+02   4.0000000e-02   3.0000000e-02   1.0000000e-09
   5.0000000e+02   1.4000000e+02   4.0000000e-02   3.0000000e-02   1.0000000e-09
   5.0000000e+02   1.4000000e+02   4.0000000e-02   3.0000000e-02   1.0000000e-09
   5.0000000e+02   1.4000000e+02   4.0000000e-02   3.0000000e-02   1.0000000e-09
   5.0000000e+02   1.4000000e+02   4.0000000e-02   3.0000000e-02   1.0000000e-09
   5.0000000e+02   1.4000000e+02   4.0000000e-02   3.0000000e-02   1.0000000e-09
   5.0000000e+02   1.4000000e+02   4.0000000e-02   3.0000000e-02   1.0000000e-09
   5.0000000e+02   1.4000000e+02   4.0000000e-02   3.0000000e-02   1.0000000e-09
   5.0000000e+02   1.4000000e+02   4.0000000e-02   3.0000000e-02   1.0000000e-09
   5.0000000e+02   1.4000000e+02   4.0000000e-02   3.0000000e-02   1.0000000e-09
   5.0000000e+02   1.4000000e+02   4.0000000e-02   3.0000000e-02   1.0000000e-09
   5.0000000e+02   1.4000000e+02   4.0000000e-02   3.0000000e-02   1.0000000e-09
   5.0000000e+02   1.4000000e+02   4.0000000e-02   3.0000000e-02   1.0000000e-09
   5.0000000e+02   1.4000000e+02   4.0000000e-02   3.0000000e-02   1.0000000e-09
   5.0000000e+02   1.4000000e+02   4.0000000e-02   3.0000000e-02   1.0000000e-09
   5.0000000e+02   1.4000000e+02   4.0000000e-02   3.0000000e-02   1.0000000e-09
   5.0000000e+02   1.4000000e+02   4.0000000e-02   3.0000000e-02   1.0000000e-09
   5.0000000e+02   1.4000000e+02   4.0000000e-02   3.0000000e-02   1.0000000e-09
   5.0000000e+02   1.4000000e+02   4.0000000e-02   3.0000000e-02   1.0000000e-09
   5.0000000e+02   1.4000000e+02   4.0000000e-02   3.0000000e-02   1.0000000e-09
   5.0000000e+02   1.4000000e+02   4.0000000e-02   3.0000000e-02   1.0000000e-09
   5.0000000e+02   1.4000000e+02   4.0000000e-02   3.0000000e-02   1.0000000e-09
   5.0000000e+02   1.4000000e+02   4.0000000e-02   3.0000000e-02   1.0000000e-09
   5.0000000e+02   1.4000000e+02   4.0000000e-02   3.0000000e-02   1.0000000e-09
   5.0000000e+02   1.4000000e+02   4.0000000e-02   3.0000000e-02   1.0000000e-09
   5.0000000e+02   1.4000000e+02   4.0000000e-02   3.0000000e-02   1.0000000e-09
   5.0000000e+02   1.4000000e+02   4.0000000e-02   3.0000000e-02   1.0000000e-09
   5.0000000e+02   1.4000000e+02   4.0000000e-02   3.0000000e-02   1.0000000e-09
   5.0000000e+02   1.4000000e+02   4.0000000e-02   3.0000000e-02   1.0000000e-09
   5.0000000e+02   1.4000000e+02   4.0000000e-02   3.0000000e-02   1.0000000e-09
   5.0000000e+02   1.4000000e+02   4.0000000e-02   3.0000000e-02   1.0000000e-09
   5.0000000e+02   1.4000000e+02   4.0000000e-02   3.0000000e-02   1.0000000e-09
   5.0000000e+02   1.4000000e+02   4.0000000e-02   3.0000000e-02   1.0000000e-09
   5.0000000e+02   1.4000000e+02   4.0000000e-02   3.0000000e-02   1.0000000e-09
   5.0000000e+02   1.4000000e+02   4.0000000e-02   3.0000000e-02   1.0000000e-09
   5.0000000e+02   1.4000000e+02   4.0000000e-02   3.0000000e-02   1.0000000e-09
   5.0000000e+02   1.4000000e+02   4.0000000e-02   3.0000000e-02   1.0000000e-09
   5.0000000e+02   1.4000000e+02   4.0000000e-02   3.0000000e-02   1.0000000e-09
   5.0000000e+02   1.4000000e+02   4.0000000e-02   3.0000000e-02   1.0000000e-09
   5.0000000e+02   1.4000000e+02   4.0000000e-02   3.0000000e-02   1.0000000e-09
   5.0000000e+02   1.4000000e+02   4.0000000e-02   3.0000000e-02   1.0000000e-09
   5.0000000e+02   1.4000000e+02   4.0000000e-02   3.0000000e-02   1.0000000e-09
   5.0000000e+02   1.4000000e+02   4.0000000e-02   3.0000000e-02   1.0000000e-09
   5.0000000e+02   1.4000000e+02   4.0000000e-02   3.0000000e-02   1.0000000e-09
   5.0000000e+02   1.4000000e+02   4.0000000e-02   3.0000000e-02   1.0000000e-09
   5.0000000e+02   1.4000000e+02   4.0000000e-02   3.0000000e-02   1.0000000e-09
   5.0000000e+02   1.4000000e+02   4.0000000e-02   3.0000000e-02   1.0000000e-09
   5.0000000e+02   1.4000000e+02   4.0000000e-02   3.0000000e-02   1.0000000e-09
   5.0000000e+02   1.4000000e+02   4.0000000e-02   3.0000000e-02   1.0000000e-09
   5.0000000e+02   1.4000000e+02   4.0000000e-02   3.0000000e-02   1.0000000e-09
   5.0000000e+02   1.4000000e+02   4.0000000e-02   3.0000000e-02   1.0000000e-09
   5.0000000e+02   1.4000000e+02   4.0000000e-02   3.0000000e-02   1.0000000e-09
   5.0000000e+02   1.4000000e+02   4.0000000e-02   3.0000000e-02   1.0000000e-09
   5.0000000e+02   1.4000000e+02   4.0000000e-02   3.0000000e-02   1.0000000e-09
   5.0000000e+02   1.4000000e+02   2.2001860e-02   3.0000000e-02   1.0000000e-09
   5.0000000e+02   1.4000000e+02   4.0000000e-02   3.0000000e-02   1.0000000e-09
   5.0000000e+02   1.4000000e+02   4.0000000e-02   3.0000000e-02   1.0000000e-09
   5.0000000e+02   1.4000000e+02   4.0000000e-02   3.0000000e-02   1.0000000e-09
   5.0000000e+02   1.4000000e+02   4.0000000e-02   3.0000000e-02   1.0000000e-09
   5.0000000e+02   1.4000000e+02   4.0000000e-02   3.0000000e-02   1.0000000e-09
   5.0000000e+02   1.4000000e+02   4.0000000e-02   3.0000000e-02   1.0000000e-09
   5.0000000e+02   1.4000000e+02   4.0000000e-02   3.0000000e-02   1.0000000e-09
   5.0000000e+02   1.4000000e+02   4.0000000e-02   3.0000000e-02   1.0000000e-09
   5.0000000e+02   1.4000000e+02   4.0000000e-02   3.0000000e-02   1.0000000e-09
   5.0000000e+02   1.4000000e+02   4.0000000e-02   3.0000000e-02   1.0000000e-09
   5.0000000e+02   1.4000000e+02   4.0000000e-02   3.0000000e-02   1.0000000e-09
   5.0000000e+02   1.4000000e+02   4.0000000e-02   3.0000000e-02   1.0000000e-09
   5.0000000e+02   1.4000000e+02   4.0000000e-02   3.0000000e-02   1.0000000e-09
   5.0000000e+02   1.4000000e+02   4.0000000e-02   3.0000000e-02   1.0000000e-09
   5.0000000e+02   1.4000000e+02   4.0000000e-02   3.0000000e-02   1.0000000e-09
   5.0000000e+02   1.4000000e+02   4.0000000e-02   3.0000000e-02   1.0000000e-09
   5.0000000e+02   1.4000000e+02   4.0000000e-02   3.0000000e-02   1.0000000e-09
   5.0000000e+02   1.4000000e+02   4.0000000e-02   3.0000000e-02   1.0000000e-09
   5.0000000e+02   1.4000000e+02   4.0000000e-02   3.0000000e-02   1.0000000e-09
   5.0000000e+02   1.4000000e+02   4.0000000e-02   3.0000000e-02   1.0000000e-09
   5.0000000e+02   1.4000000e+02   4.0000000e-02   3.0000000e-02   1.0000000e-09
   5.0000000e+02   1.4000000e+02   4.0000000e-02   3.0000000e-02   1.0000000e-09
   5.0000000e+02   1.4000000e+02   4.0000000e-02   3.0000000e-02   1.0000000e-09
   5.0000000e+02   1.4000000e+02   4.0000000e-02   3.0000000e-02   1.0000000e-09
   5.0000000e+02   1.4000000e+02   4.0000000e-02   3.0000000e-02   1.0000000e-09
   5.0000000e+02   1.4000000e+02   4.0000000e-02   3.0000000e-02   1.0000000e-09
   5.0000000e+02   1.4000000e+02   4.0000000e-02   3.0000000e-02   1.0000000e-09
   5.0000000e+02   1.4000000e+02   4.0000000e-02   3.0000000e-02   1.0000000e-09
   5.0000000e+02   1.4000000e+02   4.0000000e-02   3.0000000e-02   1.0000000e-09
   5.0000000e+02   1.4000000e+02   4.0000000e-02   3.0000000e-02   1.0000000e-09
   5.0000000e+02   1.4000000e+02   4.0000000e-02   3.0000000e-02   1.0000000e-09
   5.0000000e+02   1.4000000e+02   4.0000000e-02   3.0000000e-02   1.0000000e-09
   5.0000000e+02   1.4000000e+02   4.0000000e-02   3.0000000e-02   1.0000000e-09
   5.0000000e+02   1.4000000e+02   4.0000000e-02   3.0000000e-02   1.0000000e-09
   5.0000000e+02   1.4000000e+02   4.0000000e-02   3.0000000e-02   1.0000000e-09
   5.0000000e+02   1.4000000e+02   4.0000000e-02   3.0000000e-02   1.0000000e-09
   5.0000000e+02   1.4000000e+02   4.0000000e-02   3.0000000e-02   1.0000000e-09
   5.0000000e+02   1.4000000e+02   4.0000000e-02   3.0000000e-02   1.0000000e-09
   5.0000000e+02   1.4000000e+02   4.0000000e-02   3.0000000e-02   1.0000000e-09
   5.0000000e+02   1.4000000e+02   4.0000000e-02   3.0000000e-02   1.0000000e-09
   5.0000000e+02   1.4000000e+02   4.0000000e-02   3.0000000e-02   1.0000000e-09
   5.0000000e+02   1.4000000e+02   4.0000000e-02   3.0000000e-02   1.0000000e-09
   5.0000000e+02   1.4000000e+02   4.0000000e-02   3.0000000e-02   1.0000000e-09
   5.0000000e+02   1.4000000e+02   4.0000000e-02   3.0000000e-02   1.0000000e-09
   5.0000000e+02   1.4000000e+02   4.0000000e-02   3.0000000e-02   1.0000000e-09
   5.0000000e+02   1.4000000e+02   4.0000000e-02   3.0000000e-02   1.0000000e-09
   5.0000000e+02   1.4000000e+02   4.0000000e-02   3.0000000e-02   1.0000000e-09
   5.0000000e+02   1.4000000e+02   4.0000000e-02   3.0000000e-02   1.0000000e-09
   5.0000000e+02   1.4000000e+02   4.0000000e-02   3.0000000e-02   1.0000000e-09
   5.0000000e+02   1.4000000e+02   4.0000000e-02   3.0000000e-02   1.0000000e-09
   5.0000000e+02   1.4000000e+02   4.0000000e-02   3.0000000e-02   1.0000000e-09
   5.0000000e+02   1.4000000e+02   4.0000000e-02   3.0000000e-02   1.0000000e-09
   5.0000000e+02   1.4000000e+02   4.0000000e-02   3.0000000e-02   1.0000000e-09
   5.0000000e+02   1.4000000e+02   4.0000000e-02   3.0000000e-02   1.0000000e-09
   5.0000000e+02   1.4000000e+02   4.0000000e-02   3.0000000e-02   1.0000000e-09
   5.0000000e+02   1.4000000e+02   4.0000000e-02   3.0000000e-02   1.0000000e-09
   5.0000000e+02   1.4000000e+02   4.0000000e-02   3.0000000e-02   1.0000000e-09
   5.0000000e+02   1.4000000e+02   4.0000000e-02   3.0000000e-02   1.0000000e-09
   5.0000000e+02   1.4000000e+02   4.0000000e-02   3.0000000e-02   1.0000000e-09
   5.0000000e+02   1.4000000e+02   4.0000000e-02   3.0000000e-02   1.0000000e-09
   5.0000000e+02   1.4000000e+02   4.0000000e-02   3.0000000e-02   1.0000000e-09
   5.0000000e+02   1.4000000e+02   4.0000000e-02   3.0000000e-02   1.0000000e-09
   5.0000000e+02   1.4000000e+02   4.0000000e-02   3.0000000e-02   1.0000000e-09
   5.0000000e+02   1.4000000e+02   4.0000000e-02   3.0000000e-02   1.0000000e-09
   5.0000000e+02   1.4000000e+02   4.0000000e-02   3.0000000e-02   1.0000000e-09
   5.0000000e+02   1.4000000e+02   4.0000000e-02   3.0000000e-02   1.0000000e-09
   5.0000000e+02   1.4000000e+02   4.0000000e-02   3.0000000e-02   1.0000000e-09
   5.0000000e+02   1.4000000e+02   4.0000000e-02   3.0000000e-02   1.0000000e-09
   5.0000000e+02   1.4000000e+02   4.0000000e-02   3.0000000e-02   1.0000000e-09
   5.0000000e+02   1.4000000e+02   4.0000000e-02   3.0000000e-02   1.0000000e-09
   5.0000000e+02   1.4000000e+02   4.0000000e-02   3.0000000e-02   1.0000000e-09
   5.0000000e+02   1.4000000e+02   4.0000000e-02   3.0000000e-02   1.0000000e-09
   5.0000000e+02   1.4000000e+02   4.0000000e-02   3.0000000e-02   1.0000000e-09
   5.0000000e+02   1.4000000e+02   4.0000000e-02   3.0000000e-02   1.0000000e-09
   5.0000000e+02   1.4000000e+02   4.0000000e-02   3.0000000e-02   1.0000000e-09
   5.0000000e+02   1.4000000e+02   4.0000000e-02   3.0000000e-02   1.0000000e-09
   5.0000000e+02   1.4000000e+02   4.0000000e-02   3.0000000e-02   1.0000000e-09
   5.0000000e+02   1.4000000e+02   4.0000000e-02   3.0000000e-02   1.0000000e-09
   5.0000000e+02   1.4000000e+02   4.0000000e-02   3.0000000e-02   1.0000000e-09
   5.0000000e+02   1.4000000e+02   2.4039244e-02   3.0000000e-02   1.0000000e-09
   5.0000000e+02   1.4000000e+02   4.0000000e-02   3.0000000e-02   1.0000000e-09
   5.0000000e+02   1.4000000e+02   4.0000000e-02   3.0000000e-02   1.0000000e-09
   5.0000000e+02   1.4000000e+02   4.0000000e-02   3.0000000e-02   1.0000000e-09
   5.0000000e+02   1.4000000e+02   4.0000000e-02   3.0000000e-02   1.0000000e-09
   5.0000000e+02   1.4000000e+02   4.0000000e-02   3.0000000e-02   1.0000000e-09
   5.0000000e+02   1.4000000e+02   4.0000000e-02   3.0000000e-02   1.0000000e-09
   5.0000000e+02   1.4000000e+02   4.0000000e-02   3.0000000e-02   1.0000000e-09
   5.0000000e+02   1.4000000e+02   4.0000000e-02   3.0000000e-02   1.0000000e-09
   5.0000000e+02   1.4000000e+02   4.0000000e-02   3.0000000e-02   1.0000000e-09
   5.0000000e+02   1.4000000e+02   4.0000000e-02   3.0000000e-02   1.0000000e-09
   5.0000000e+02   1.4000000e+02   4.0000000e-02   3.0000000e-02   1.0000000e-09
   5.0000000e+02   1.4000000e+02   4.0000000e-02   3.0000000e-02   1.0000000e-09
   5.0000000e+02   1.4000000e+02   4.0000000e-02   3.0000000e-02   1.0000000e-09
   5.0000000e+02   1.4000000e+02   4.0000000e-02   3.0000000e-02   1.0000000e-09
   5.0000000e+02   1.4000000e+02   4.0000000e-02   3.0000000e-02   1.0000000e-09
   5.0000000e+02   1.4000000e+02   4.0000000e-02   3.0000000e-02   1.0000000e-09
   5.0000000e+02   1.4000000e+02   4.0000000e-02   3.0000000e-02   1.0000000e-09
   5.0000000e+02   1.4000000e+02   4.0000000e-02   3.0000000e-02   1.0000000e-09
   5.0000000e+02   1.4000000e+02   4.0000000e-02   3.0000000e-02   1.0000000e-09
   5.0000000e+02   1.4000000e+02   4.0000000e-02   3.0000000e-02   1.0000000e-09
   5.0000000e+02   1.4000000e+02   4.0000000e-02   3.0000000e-02   1.0000000e-09
   5.0000000e+02   1.4000000e+02   4.0000000e-02   3.0000000e-02   1.0000000e-09
   5.0000000e+02   1.4000000e+02   4.0000000e-02   3.0000000e-02   1.0000000e-09
   5.0000000e+02   1.4000000e+02   4.0000000e-02   3.0000000e-02   1.0000000e-09
   5.0000000e+02   1.4000000e+02   4.0000000e-02   3.0000000e-02   1.0000000e-09
   5.0000000e+02   1.4000000e+02   4.0000000e-02   3.0000000e-02   1.0000000e-09
   5.0000000e+02   1.4000000e+02   4.0000000e-02   3.0000000e-02   1.0000000e-09
   5.0000000e+02   1.4000000e+02   4.0000000e-02   3.0000000e-02   1.0000000e-09
   5.0000000e+02   1.4000000e+02   4.0000000e-02   3.0000000e-02   1.0000000e-09
   5.0000000e+02   1.4000000e+02   4.0000000e-02   3.0000000e-02   1.0000000e-09
   5.0000000e+02   1.4000000e+02   4.0000000e-02   3.0000000e-02   1.0000000e-09
   5.0000000e+02   1.4000000e+02   4.0000000e-02   3.0000000e-02   1.0000000e-09
   5.0000000e+02   1.4000000e+02   4.0000000e-02   3.0000000e-02   1.0000000e-09
   5.0000000e+02   1.4000000e+02   4.0000000e-02   3.0000000e-02   1.0000000e-09
   5.0000000e+02   1.4000000e+02   4.0000000e-02   3.0000000e-02   1.0000000e-09
   5.0000000e+02   1.4000000e+02   4.0000000e-02   3.0000000e-02   1.0000000e-09
   5.0000000e+02   1.4000000e+02   4.0000000e-02   3.0000000e-02   1.0000000e-09
   5.0000000e+02   1.4000000e+02   4.0000000e-02   3.0000000e-02   1.0000000e-09
   5.0000000e+02   1.4000000e+02   4.0000000e-02   3.0000000e-02   1.0000000e-09
   5.0000000e+02   1.4000000e+02   4.0000000e-02   3.0000000e-02   1.0000000e-09
   5.0000000e+02   1.4000000e+02   4.0000000e-02   3.0000000e-02   1.0000000e-09
   5.0000000e+02   1.4000000e+02   4.0000000e-02   3.0000000e-02   1.0000000e-09
   5.0000000e+02   1.4000000e+02   4.0000000e-02   3.0000000e-02   1.0000000e-09
   5.0000000e+02   1.4000000e+02   4.0000000e-02   3.0000000e-02   1.0000000e-09
   5.0000000e+02   1.4000000e+02   4.0000000e-02   3.0000000e-02   1.0000000e-09
   5.0000000e+02   1.4000000e+02   4.0000000e-02   3.0000000e-02   1.0000000e-09
   5.0000000e+02   1.4000000e+02   4.0000000e-02   3.0000000e-02   1.0000000e-09
   5.0000000e+02   1.4000000e+02   4.0000000e-02   3.0000000e-02   1.0000000e-09
   5.0000000e+02   1.4000000e+02   4.0000000e-02   3.0000000e-02   1.0000000e-09
   5.0000000e+02   1.4000000e+02   4.0000000e-02   3.0000000e-02   1.0000000e-09
   5.0000000e+02   1.4000000e+02   4.0000000e-02   3.0000000e-02   1.0000000e-09
   5.0000000e+02   1.4000000e+02   4.0000000e-02   3.0000000e-02   1.0000000e-09
   5.0000000e+02   1.4000000e+02   4.0000000e-02   3.0000000e-02   1.0000000e-09
   5.0000000e+02   1.4000000e+02   2.4039238e-02   3.0000000e-02   1.0000000e-09
   5.0000000e+02   1.4000000e+02   2.4039238e-02   3.0000000e-02   1.0000000e-09
   5.0000000e+02   1.4000000e+02   4.0000000e-02   3.0000000e-02   1.0000000e-09
   5.0000000e+02   1.4000000e+02   4.0000000e-02   3.0000000e-02   1.0000000e-09
   5.0000000e+02   1.4000000e+02   2.4039238e-02   3.0000000e-02   1.0000000e-09
   5.0000000e+02   1.4000000e+02   2.4039238e-02   3.0000000e-02   1.0000000e-09
   5.0000000e+02   1.4000000e+02   4.0000000e-02   3.0000000e-02   1.0000000e-09
   5.0000000e+02   1.4000000e+02   4.0000000e-02   3.0000000e-02   1.0000000e-09
   5.0000000e+02   1.4000000e+02   2.4039238e-02   3.0000000e-02   1.0000000e-09
   5.0000000e+02   1.4000000e+02   2.4039238e-02   3.0000000e-02   1.0000000e-09
   5.0000000e+02   1.4000000e+02   1.8843166e-02   3.0000000e-02   1.0000000e-09
   5.0000000e+02   1.4000000e+02   2.4039238e-02   3.0000000e-02   1.0000000e-09
   5.0000000e+02   1.4000000e+02   1.8843160e-02   3.0000000e-02   1.0000000e-09
   5.0000000e+02   1.4000000e+02   2.4039238e-02   3.0000000e-02   1.0000000e-09
   5.0000000e+02   1.4000000e+02   1.8843160e-02   3.0000000e-02   1.0000000e-09
   5.0000000e+02   1.4000000e+02   2.4039238e-02   3.0000000e-02   1.0000000e-09
   5.0000000e+02   1.4000000e+02   1.8843160e-02   3.0000000e-02   1.0000000e-09
   5.0000000e+02   1.4000000e+02   2.4039238e-02   3.0000000e-02   1.0000000e-09
   5.0000000e+02   1.4000000e+02   1.8843160e-02   3.0000000e-02   1.0000000e-09
   5.0000000e+02   1.4000000e+02   4.0000000e-02   3.0000000e-02   1.0000000e-09
   5.0000000e+02   1.4000000e+02   2.4039238e-02   3.0000000e-02   1.0000000e-09
   5.0000000e+02   1.4000000e+02   4.0000000e-03   3.0000000e-02   1.0000000e-09
   5.0000000e+02   1.4000000e+02   2.4039238e-02   3.0000000e-02   1.0000000e-09
   5.0000000e+02   1.4000000e+02   4.0000000e-03   3.0000000e-02   1.0000000e-09
   5.0000000e+02   1.4000000e+02   2.4039238e-02   3.0000000e-02   1.0000000e-09
   5.0000000e+02   1.4000000e+02   4.0000000e-03   3.0000000e-02   1.0000000e-09
   5.0000000e+02   1.4000000e+02   2.4039238e-02   3.0000000e-02   1.0000000e-09
   5.0000000e+02   1.4000000e+02   4.0000000e-03   3.0000000e-02   1.0000000e-09
   5.0000000e+02   1.4000000e+02   2.4039238e-02   3.0000000e-02   1.0000000e-09
   5.0000000e+02   1.4000000e+02   4.0000000e-03   3.0000000e-02   1.0000000e-09
   5.0000000e+02   1.4000000e+02   2.4039238e-02   3.0000000e-02   1.0000000e-09
   5.0000000e+02   1.4000000e+02   4.0000000e-03   3.0000000e-02   1.0000000e-09
   5.0000000e+02   1.4000000e+02   2.4039238e-02   3.0000000e-02   1.0000000e-09
   5.0000000e+02   1.4000000e+02   4.0000000e-03   3.0000000e-02   1.0000000e-09
   5.0000000e+02   1.4000000e+02   2.4039238e-02   3.0000000e-02   1.0000000e-09
   5.0000000e+02   1.4000000e+02   4.0000000e-03   3.0000000e-02   1.0000000e-09
   5.0000000e+02   1.4000000e+02   2.4039238e-02   3.0000000e-02   1.0000000e-09
   5.0000000e+02   1.4000000e+02   4.0000000e-03   3.0000000e-02   1.0000000e-09
   5.0000000e+02   1.4000000e+02   2.4039238e-02   3.0000000e-02   1.0000000e-09
   5.0000000e+02   1.4000000e+02   4.0000000e-03   3.0000000e-02   1.0000000e-09
   5.0000000e+02   1.4000000e+02   2.4039238e-02   3.0000000e-02   1.0000000e-09
   5.0000000e+02   1.4000000e+02   4.0000000e-03   3.0000000e-02   1.0000000e-09
   5.0000000e+02   1.4000000e+02   2.4039238e-02   3.0000000e-02   1.0000000e-09
   5.0000000e+02   1.4000000e+02   4.0000000e-03   3.0000000e-02   1.0000000e-09
   5.0000000e+02   1.4000000e+02   2.4039238e-02   3.0000000e-02   1.0000000e-09
   5.0000000e+02   1.4000000e+02   4.0000000e-03   3.0000000e-02   1.0000000e-09
   5.0000000e+02   1.4000000e+02   2.4039238e-02   3.0000000e-02   1.0000000e-09
   5.0000000e+02   1.4000000e+02   4.0000000e-03   3.0000000e-02   1.0000000e-09
   5.0000000e+02   1.4000000e+02   2.4039238e-02   3.0000000e-02   1.0000000e-09
   5.0000000e+02   1.4000000e+02   4.0000000e-03   3.0000000e-02   1.0000000e-09
   5.0000000e+02   1.4000000e+02   2.4039238e-02   3.0000000e-02   1.0000000e-09
   5.0000000e+02   1.4000000e+02   4.0000000e-03   3.0000000e-02   1.0000000e-09
   5.0000000e+02   1.4000000e+02   2.4039238e-02   3.0000000e-02   1.0000000e-09
   5.0000000e+02   1.4000000e+02   4.0000000e-03   3.0000000e-02   1.0000000e-09
   5.0000000e+02   1.4000000e+02   2.4039238e-02   3.0000000e-02   1.0000000e-09
   5.0000000e+02   1.4000000e+02   4.0000000e-03   3.0000000e-02   1.0000000e-09
   5.0000000e+02   1.4000000e+02   2.4039238e-02   3.0000000e-02   1.0000000e-09
   5.0000000e+02   1.4000000e+02   4.0000000e-03   3.0000000e-02   1.0000000e-09
   5.0000000e+02   1.4000000e+02   2.4039238e-02   3.0000000e-02   1.0000000e-09
   5.0000000e+02   1.4000000e+02   4.0000000e-03   3.0000000e-02   1.0000000e-09
   5.0000000e+02   1.4000000e+02   2.4039238e-02   3.0000000e-02   1.0000000e-09
   5.0000000e+02   1.4000000e+02   4.0000000e-03   3.0000000e-02   1.0000000e-09
   5.0000000e+02   1.4000000e+02   2.4039238e-02   3.0000000e-02   1.0000000e-09
   5.0000000e+02   1.4000000e+02   4.0000000e-03   3.0000000e-02   1.0000000e-09
   5.0000000e+02   1.4000000e+02   2.4039238e-02   3.0000000e-02   1.0000000e-09
   5.0000000e+02   1.4000000e+02   4.0000000e-03   3.0000000e-02   1.0000000e-09
   5.0000000e+02   1.4000000e+02   2.4039238e-02   3.0000000e-02   1.0000000e-09
   5.0000000e+02   1.4000000e+02   4.0000000e-03   3.0000000e-02   1.0000000e-09
   5.0000000e+02   1.4000000e+02   2.4039238e-02   3.0000000e-02   1.0000000e-09
   5.0000000e+02   1.4000000e+02   4.0000000e-03   3.0000000e-02   1.0000000e-09
   5.0000000e+02   1.4000000e+02   2.4039238e-02   3.0000000e-02   1.0000000e-09
   5.0000000e+02   1.4000000e+02   4.0000000e-03   3.0000000e-02   1.0000000e-09
   5.0000000e+02   1.4000000e+02   2.4039238e-02   3.0000000e-02   1.0000000e-09
   5.0000000e+02   1.4000000e+02   4.0000000e-03   3.0000000e-02   1.0000000e-09
   5.0000000e+02   1.4000000e+02   2.4039238e-02   3.0000000e-02   1.0000000e-09
   5.0000000e+02   1.4000000e+02   4.0000000e-03   3.0000000e-02   1.0000000e-09
   5.0000000e+02   1.4000000e+02   2.4039238e-02   3.0000000e-02   1.0000000e-09
   5.0000000e+02   1.4000000e+02   4.0000000e-03   3.0000000e-02   1.0000000e-09
   5.0000000e+02   1.4000000e+02   2.4039238e-02   3.0000000e-02   1.0000000e-09
   5.0000000e+02   1.4000000e+02   4.0000000e-03   3.0000000e-02   1.0000000e-09
   5.0000000e+02   1.4000000e+02   2.4039238e-02   3.0000000e-02   1.0000000e-09
   5.0000000e+02   1.4000000e+02   4.0000000e-03   3.0000000e-02   1.0000000e-09
   5.0000000e+02   1.4000000e+02   2.4039238e-02   3.0000000e-02   1.0000000e-09
   5.0000000e+02   1.4000000e+02   4.0000000e-03   3.0000000e-02   1.0000000e-09
   5.0000000e+02   1.4000000e+02   2.4039238e-02   3.0000000e-02   1.0000000e-09
   5.0000000e+02   1.4000000e+02   4.0000000e-03   3.0000000e-02   1.0000000e-09
   5.0000000e+02   1.4000000e+02   2.4039238e-02   3.0000000e-02   1.0000000e-09
   5.0000000e+02   1.4000000e+02   4.0000000e-03   3.0000000e-02   1.0000000e-09
   5.0000000e+02   1.4000000e+02   2.4039238e-02   3.0000000e-02   1.0000000e-09
   5.0000000e+02   1.4000000e+02   4.0000000e-03   3.0000000e-02   1.0000000e-09
   5.0000000e+02   1.4000000e+02   2.4039238e-02   3.0000000e-02   1.0000000e-09
   5.0000000e+02   1.4000000e+02   4.0000000e-03   3.0000000e-02   1.0000000e-09
   5.0000000e+02   1.4000000e+02   2.4039238e-02   3.0000000e-02   1.0000000e-09
   5.0000000e+02   1.4000000e+02   4.0000000e-03   3.0000000e-02   1.0000000e-09
   5.0000000e+02   1.4000000e+02   2.4039238e-02   3.0000000e-02   1.0000000e-09
   5.0000000e+02   1.4000000e+02   4.0000000e-03   3.0000000e-02   1.0000000e-09
   5.0000000e+02   1.4000000e+02   2.4039238e-02   3.0000000e-02   1.0000000e-09
   5.0000000e+02   1.4000000e+02   4.0000000e-03   3.0000000e-02   1.0000000e-09
   5.0000000e+02   1.4000000e+02   2.4039238e-02   3.0000000e-02   1.0000000e-09
   5.0000000e+02   1.4000000e+02   4.0000000e-03   3.0000000e-02   1.0000000e-09
   5.0000000e+02   1.4000000e+02   2.4039238e-02   3.0000000e-02   1.0000000e-09
   5.0000000e+02   1.4000000e+02   4.0000000e-03   3.0000000e-02   1.0000000e-09
   5.0000000e+02   1.4000000e+02   2.4039238e-02   3.0000000e-02   1.0000000e-09
   5.0000000e+02   1.4000000e+02   4.0000000e-03   3.0000000e-02   1.0000000e-09
   5.0000000e+02   1.4000000e+02   2.4039238e-02   3.0000000e-02   1.0000000e-09
   5.0000000e+02   1.4000000e+02   4.0000000e-03   3.0000000e-02   1.0000000e-09
   5.0000000e+02   1.4000000e+02   2.4039238e-02   3.0000000e-02   1.0000000e-09
   5.0000000e+02   1.4000000e+02   4.0000000e-03   3.0000000e-02   1.0000000e-09
   5.0000000e+02   1.4000000e+02   2.4039238e-02   3.0000000e-02   1.0000000e-09
   5.0000000e+02   1.3000000e+02   4.0000000e-03   3.0000000e-02   3.0000000e-02
   5.0000000e+02   1.4000000e+02   2.4039238e-02   3.0000000e-02   1.0000000e-09
   5.0000000e+02   1.3000000e+02   4.0000000e-03   3.0000000e-02   3.0000000e-02
   5.0000000e+02   1.4000000e+02   2.4039238e-02   3.0000000e-02   1.0000000e-09
   5.0000000e+02   1.3000000e+02   4.0000000e-03   3.0000000e-02   3.0000000e-02
   5.0000000e+02   1.4000000e+02   2.4039238e-02   3.0000000e-02   1.0000000e-09
   5.0000000e+02   1.3000000e+02   4.0000000e-03   3.0000000e-02   3.0000000e-02
   5.0000000e+02   1.4000000e+02   2.4039238e-02   3.0000000e-02   1.0000000e-09
   5.0000000e+02   1.3000000e+02   4.0000000e-03   3.0000000e-02   3.0000000e-02
   5.0000000e+02   1.4000000e+02   2.4039238e-02   3.0000000e-02   1.0000000e-09
   5.0000000e+02   1.3000000e+02   4.0000000e-03   3.0000000e-02   3.0000000e-02
   5.0000000e+02   1.4000000e+02   2.4039238e-02   3.0000000e-02   1.0000000e-09
   5.0000000e+02   1.4000000e+02   2.4039238e-02   3.0000000e-02   1.0000000e-09
   5.0000000e+02   1.4000000e+02   1.8843160e-02   3.0000000e-02   1.0000000e-09
   5.0000000e+02   1.4000000e+02   4.0000000e-02   3.0000000e-02   1.0000000e-09
   5.0000000e+02   1.4000000e+02   3.9998620e-02   3.0000000e-02   1.0000000e-09
   5.0000000e+02   1.4000000e+02   1.8843160e-02   3.0000000e-02   1.0000000e-09
   5.0000000e+02   1.4000000e+02   4.0000000e-02   3.0000000e-02   1.0000000e-09
   5.0000000e+02   1.4000000e+02   4.0000000e-02   3.0000000e-02   1.0000000e-09
   5.0000000e+02   1.4000000e+02   1.8843160e-02   3.0000000e-02   1.0000000e-09
   5.0000000e+02   1.4000000e+02   4.0000000e-02   3.0000000e-02   1.0000000e-09
   5.0000000e+02   1.4000000e+02   1.8843160e-02   3.0000000e-02   1.0000000e-09
   5.0000000e+02   1.4000000e+02   4.0000000e-02   3.0000000e-02   1.0000000e-09
   5.0000000e+02   1.4000000e+02   4.0000000e-02   3.0000000e-02   1.0000000e-09
   5.0000000e+02   1.4000000e+02   4.0000000e-02   3.0000000e-02   1.0000000e-09
   5.0000000e+02   1.4000000e+02   3.0998500e-02   3.0000000e-02   1.0000000e-09
   5.0000000e+02   1.4000000e+02   4.0000000e-02   3.0000000e-02   1.0000000e-09
   5.0000000e+02   1.4000000e+02   4.0000000e-02   3.0000000e-02   1.0000000e-09
   5.0000000e+02   1.4000000e+02   4.0000000e-02   3.0000000e-02   1.0000000e-09
   5.0000000e+02   1.4000000e+02   4.0000000e-02   3.0000000e-02   1.0000000e-09
   5.0000000e+02   1.4000000e+02   4.0000000e-02   3.0000000e-02   1.0000000e-09
   5.0000000e+02   1.4000000e+02   4.0000000e-02   3.0000000e-02   1.0000000e-09
   5.0000000e+02   1.4000000e+02   4.0000000e-02   3.0000000e-02   1.0000000e-09
   5.0000000e+02   1.4000000e+02   4.0000000e-02   3.0000000e-02   1.0000000e-09
   5.0000000e+02   1.4000000e+02   4.0000000e-02   3.0000000e-02   1.0000000e-09
   5.0000000e+02   1.4000000e+02   4.0000000e-02   3.0000000e-02   1.0000000e-09
   5.0000000e+02   1.4000000e+02   4.0000000e-02   3.0000000e-02   1.0000000e-09
   5.0000000e+02   1.4000000e+02   4.0000000e-02   3.0000000e-02   1.0000000e-09
   5.0000000e+02   1.4000000e+02   4.0000000e-02   3.0000000e-02   1.0000000e-09
   5.0000000e+02   1.4000000e+02   4.0000000e-02   3.0000000e-02   1.0000000e-09
   5.0000000e+02   1.4000000e+02   4.0000000e-02   3.0000000e-02   1.0000000e-09
   5.0000000e+02   1.4000000e+02   4.0000000e-02   3.0000000e-02   1.0000000e-09
   5.0000000e+02   1.4000000e+02   4.0000000e-02   3.0000000e-02   1.0000000e-09
   5.0000000e+02   1.4000000e+02   4.0000000e-02   3.0000000e-02   1.0000000e-09
   5.0000000e+02   1.4000000e+02   4.0000000e-02   3.0000000e-02   1.0000000e-09
   5.0000000e+02   1.4000000e+02   4.0000000e-02   3.0000000e-02   1.0000000e-09
   5.0000000e+02   1.4000000e+02   4.0000000e-02   3.0000000e-02   1.0000000e-09
   5.0000000e+02   1.4000000e+02   4.0000000e-02   3.0000000e-02   1.0000000e-09
   5.0000000e+02   1.4000000e+02   4.0000000e-02   3.0000000e-02   1.0000000e-09
   5.0000000e+02   1.4000000e+02   4.0000000e-02   3.0000000e-02   1.0000000e-09
   5.0000000e+02   1.4000000e+02   4.0000000e-02   3.0000000e-02   1.0000000e-09
   5.0000000e+02   1.4000000e+02   4.0000000e-02   3.0000000e-02   1.0000000e-09
   5.0000000e+02   1.4000000e+02   4.0000000e-02   3.0000000e-02   1.0000000e-09
   5.0000000e+02   1.4000000e+02   4.0000000e-02   3.0000000e-02   1.0000000e-09
   5.0000000e+02   1.4000000e+02   4.0000000e-02   3.0000000e-02   1.0000000e-09
   5.0000000e+02   1.4000000e+02   4.0000000e-02   3.0000000e-02   1.0000000e-09
   5.0000000e+02   1.4000000e+02   4.0000000e-02   3.0000000e-02   1.0000000e-09
   5.0000000e+02   1.4000000e+02   4.0000000e-02   3.0000000e-02   1.0000000e-09
   5.0000000e+02   1.4000000e+02   4.0000000e-02   3.0000000e-02   1.0000000e-09
   5.0000000e+02   1.4000000e+02   4.0000000e-02   3.0000000e-02   1.0000000e-09
   5.0000000e+02   1.4000000e+02   4.0000000e-02   3.0000000e-02   1.0000000e-09
   5.0000000e+02   1.4000000e+02   4.0000000e-02   3.0000000e-02   1.0000000e-09
   5.0000000e+02   1.4000000e+02   4.0000000e-02   3.0000000e-02   1.0000000e-09
   5.0000000e+02   1.4000000e+02   4.0000000e-02   3.0000000e-02   1.0000000e-09
   5.0000000e+02   1.4000000e+02   4.0000000e-02   3.0000000e-02   1.0000000e-09
   5.0000000e+02   1.4000000e+02   4.0000000e-02   3.0000000e-02   1.0000000e-09
   5.0000000e+02   1.4000000e+02   4.0000000e-02   3.0000000e-02   1.0000000e-09
   5.0000000e+02   1.4000000e+02   4.0000000e-02   3.0000000e-02   1.0000000e-09
   5.0000000e+02   1.4000000e+02   4.0000000e-02   3.0000000e-02   1.0000000e-09
   5.0000000e+02   1.4000000e+02   4.0000000e-02   3.0000000e-02   1.0000000e-09
   5.0000000e+02   1.4000000e+02   4.0000000e-02   3.0000000e-02   1.0000000e-09
   5.0000000e+02   1.4000000e+02   4.0000000e-02   3.0000000e-02   1.0000000e-09
   5.0000000e+02   1.4000000e+02   4.0000000e-02   3.0000000e-02   1.0000000e-09
   5.0000000e+02   1.4000000e+02   4.0000000e-02   3.0000000e-02   1.0000000e-09
   5.0000000e+02   1.4000000e+02   4.0000000e-02   3.0000000e-02   1.0000000e-09
   5.0000000e+02   1.4000000e+02   4.0000000e-02   3.0000000e-02   1.0000000e-09
   5.0000000e+02   1.4000000e+02   4.0000000e-02   3.0000000e-02   1.0000000e-09
   5.0000000e+02   1.4000000e+02   4.0000000e-02   3.0000000e-02   1.0000000e-09
   5.0000000e+02   1.4000000e+02   4.0000000e-02   3.0000000e-02   1.0000000e-09
   5.0000000e+02   1.4000000e+02   4.0000000e-02   3.0000000e-02   1.0000000e-09
   5.0000000e+02   1.4000000e+02   4.0000000e-02   3.0000000e-02   1.0000000e-09
   5.0000000e+02   1.4000000e+02   4.0000000e-02   3.0000000e-02   1.0000000e-09
   5.0000000e+02   1.4000000e+02   4.0000000e-02   3.0000000e-02   1.0000000e-09
   5.0000000e+02   1.4000000e+02   4.0000000e-02   3.0000000e-02   1.0000000e-09
   5.0000000e+02   1.4000000e+02   4.0000000e-02   3.0000000e-02   1.0000000e-09
   5.0000000e+02   1.4000000e+02   4.0000000e-02   3.0000000e-02   1.0000000e-09
   5.0000000e+02   1.4000000e+02   4.0000000e-02   3.0000000e-02   1.0000000e-09
   5.0000000e+02   1.4000000e+02   4.0000000e-02   3.0000000e-02   1.0000000e-09
   5.0000000e+02   1.4000000e+02   4.0000000e-02   3.0000000e-02   1.0000000e-09
   5.0000000e+02   1.4000000e+02   4.0000000e-02   3.0000000e-02   1.0000000e-09
   5.0000000e+02   1.4000000e+02   4.0000000e-02   3.0000000e-02   1.0000000e-09
   5.0000000e+02   1.4000000e+02   4.0000000e-02   3.0000000e-02   1.0000000e-09
   5.0000000e+02   1.4000000e+02   4.0000000e-02   3.0000000e-02   1.0000000e-09
   5.0000000e+02   1.4000000e+02   4.0000000e-02   3.0000000e-02   1.0000000e-09
   5.0000000e+02   1.4000000e+02   4.0000000e-02   3.0000000e-02   1.0000000e-09
   5.0000000e+02   1.4000000e+02   4.0000000e-02   3.0000000e-02   1.0000000e-09
   5.0000000e+02   1.4000000e+02   4.0000000e-02   3.0000000e-02   1.0000000e-09
   5.0000000e+02   1.4000000e+02   4.0000000e-02   3.0000000e-02   1.0000000e-09
   5.0000000e+02   1.4000000e+02   4.0000000e-02   3.0000000e-02   1.0000000e-09
   5.0000000e+02   1.4000000e+02   4.0000000e-02   3.0000000e-02   1.0000000e-09
   5.0000000e+02   1.4000000e+02   4.0000000e-02   3.0000000e-02   1.0000000e-09
   5.0000000e+02   1.4000000e+02   4.0000000e-02   3.0000000e-02   1.0000000e-09
   5.0000000e+02   1.4000000e+02   4.0000000e-02   3.0000000e-02   1.0000000e-09
   5.0000000e+02   1.4000000e+02   4.0000000e-02   3.0000000e-02   1.0000000e-09
   5.0000000e+02   1.4000000e+02   4.0000000e-02   3.0000000e-02   1.0000000e-09
   5.0000000e+02   1.4000000e+02   4.0000000e-02   3.0000000e-02   1.0000000e-09
   5.0000000e+02   1.4000000e+02   4.0000000e-02   3.0000000e-02   1.0000000e-09
   5.0000000e+02   1.4000000e+02   4.0000000e-02   3.0000000e-02   1.0000000e-09
   5.0000000e+02   1.4000000e+02   4.0000000e-02   3.0000000e-02   1.0000000e-09
   5.0000000e+02   1.4000000e+02   4.0000000e-02   3.0000000e-02   1.0000000e-09
   5.0000000e+02   1.4000000e+02   4.0000000e-02   3.0000000e-02   1.0000000e-09
   5.0000000e+02   1.4000000e+02   4.0000000e-02   3.0000000e-02   1.0000000e-09
   5.0000000e+02   1.4000000e+02   4.0000000e-02   3.0000000e-02   1.0000000e-09
   5.0000000e+02   1.4000000e+02   4.0000000e-02   3.0000000e-02   1.0000000e-09
   5.0000000e+02   1.4000000e+02   4.0000000e-02   3.0000000e-02   1.0000000e-09
   5.0000000e+02   1.4000000e+02   4.0000000e-02   3.0000000e-02   1.0000000e-09
   5.0000000e+02   1.4000000e+02   4.0000000e-02   3.0000000e-02   1.0000000e-09
   5.0000000e+02   1.4000000e+02   4.0000000e-02   3.0000000e-02   1.0000000e-09
   5.0000000e+02   1.4000000e+02   4.0000000e-02   3.0000000e-02   1.0000000e-09
   5.0000000e+02   1.4000000e+02   4.0000000e-02   3.0000000e-02   1.0000000e-09
   5.0000000e+02   1.4000000e+02   4.0000000e-02   3.0000000e-02   1.0000000e-09
   5.0000000e+02   1.4000000e+02   4.0000000e-02   3.0000000e-02   1.0000000e-09
   5.0000000e+02   1.4000000e+02   4.0000000e-02   3.0000000e-02   1.0000000e-09
   5.0000000e+02   1.4000000e+02   4.0000000e-02   3.0000000e-02   1.0000000e-09
   5.0000000e+02   1.4000000e+02   4.0000000e-02   3.0000000e-02   1.0000000e-09
   5.0000000e+02   1.4000000e+02   4.0000000e-02   3.0000000e-02   1.0000000e-09
   5.0000000e+02   1.4000000e+02   4.0000000e-02   3.0000000e-02   1.0000000e-09
   5.0000000e+02   1.4000000e+02   4.0000000e-02   3.0000000e-02   1.0000000e-09
   5.0000000e+02   1.4000000e+02   4.0000000e-02   3.0000000e-02   1.0000000e-09
   5.0000000e+02   1.4000000e+02   4.0000000e-02   3.0000000e-02   1.0000000e-09
   5.0000000e+02   1.4000000e+02   4.0000000e-02   3.0000000e-02   1.0000000e-09
   5.0000000e+02   1.4000000e+02   4.0000000e-02   3.0000000e-02   1.0000000e-09
   5.0000000e+02   1.4000000e+02   4.0000000e-02   3.0000000e-02   1.0000000e-09
   5.0000000e+02   1.4000000e+02   4.0000000e-02   3.0000000e-02   1.0000000e-09
   5.0000000e+02   1.4000000e+02   4.0000000e-02   3.0000000e-02   1.0000000e-09
   5.0000000e+02   1.4000000e+02   4.0000000e-02   3.0000000e-02   1.0000000e-09
   5.0000000e+02   1.4000000e+02   4.0000000e-02   3.0000000e-02   1.0000000e-09
   5.0000000e+02   1.4000000e+02   4.0000000e-02   3.0000000e-02   1.0000000e-09
   5.0000000e+02   1.4000000e+02   4.0000000e-02   3.0000000e-02   1.0000000e-09
   5.0000000e+02   1.4000000e+02   4.0000000e-02   3.0000000e-02   1.0000000e-09
   5.0000000e+02   1.4000000e+02   4.0000000e-02   3.0000000e-02   1.0000000e-09
   5.0000000e+02   1.4000000e+02   4.0000000e-02   3.0000000e-02   1.0000000e-09
   5.0000000e+02   1.4000000e+02   4.0000000e-02   3.0000000e-02   1.0000000e-09
   5.0000000e+02   1.4000000e+02   4.0000000e-02   3.0000000e-02   1.0000000e-09
   5.0000000e+02   1.4000000e+02   4.0000000e-02   3.0000000e-02   1.0000000e-09
   5.0000000e+02   1.4000000e+02   4.0000000e-02   3.0000000e-02   1.0000000e-09
   5.0000000e+02   1.4000000e+02   4.0000000e-02   3.0000000e-02   1.0000000e-09
   5.0000000e+02   1.4000000e+02   4.0000000e-02   3.0000000e-02   1.0000000e-09
   5.0000000e+02   1.4000000e+02   4.0000000e-02   3.0000000e-02   1.0000000e-09
   5.0000000e+02   1.4000000e+02   4.0000000e-02   3.0000000e-02   1.0000000e-09
   5.0000000e+02   1.4000000e+02   4.0000000e-02   3.0000000e-02   1.0000000e-09
   5.0000000e+02   1.4000000e+02   4.0000000e-02   3.0000000e-02   1.0000000e-09
   5.0000000e+02   1.4000000e+02   4.0000000e-02   3.0000000e-02   1.0000000e-09
   5.0000000e+02   1.4000000e+02   4.0000000e-02   3.0000000e-02   1.0000000e-09
   5.0000000e+02   1.4000000e+02   4.0000000e-02   3.0000000e-02   1.0000000e-09
   5.0000000e+02   1.4000000e+02   4.0000000e-02   3.0000000e-02   1.0000000e-09
   5.0000000e+02   1.4000000e+02   4.0000000e-02   3.0000000e-02   1.0000000e-09
   5.0000000e+02   1.4000000e+02   4.0000000e-02   3.0000000e-02   1.0000000e-09
   5.0000000e+02   1.4000000e+02   4.0000000e-02   3.0000000e-02   1.0000000e-09
   5.0000000e+02   1.4000000e+02   4.0000000e-02   3.0000000e-02   1.0000000e-09
   5.0000000e+02   1.4000000e+02   4.0000000e-02   3.0000000e-02   1.0000000e-09
   5.0000000e+02   1.4000000e+02   4.0000000e-02   3.0000000e-02   1.0000000e-09
   5.0000000e+02   1.4000000e+02   4.0000000e-02   3.0000000e-02   1.0000000e-09
   5.0000000e+02   1.4000000e+02   4.0000000e-02   3.0000000e-02   1.0000000e-09
   5.0000000e+02   1.4000000e+02   4.0000000e-02   3.0000000e-02   1.0000000e-09
   5.0000000e+02   1.4000000e+02   4.0000000e-02   3.0000000e-02   1.0000000e-09
   5.0000000e+02   1.4000000e+02   4.0000000e-02   3.0000000e-02   1.0000000e-09
   5.0000000e+02   1.4000000e+02   4.0000000e-02   3.0000000e-02   1.0000000e-09
   5.0000000e+02   1.4000000e+02   4.0000000e-02   3.0000000e-02   1.0000000e-09
   5.0000000e+02   1.4000000e+02   4.0000000e-02   3.0000000e-02   1.0000000e-09
   5.0000000e+02   1.4000000e+02   4.0000000e-02   3.0000000e-02   1.0000000e-09
   5.0000000e+02   1.4000000e+02   4.0000000e-02   3.0000000e-02   1.0000000e-09
   5.0000000e+02   1.4000000e+02   4.0000000e-02   3.0000000e-02   1.0000000e-09
   5.0000000e+02   1.4000000e+02   4.0000000e-02   3.0000000e-02   1.0000000e-09
   5.0000000e+02   1.4000000e+02   4.0000000e-02   3.0000000e-02   1.0000000e-09
   5.0000000e+02   1.4000000e+02   4.0000000e-02   3.0000000e-02   1.0000000e-09
   5.0000000e+02   1.4000000e+02   4.0000000e-02   3.0000000e-02   1.0000000e-09
   5.0000000e+02   1.4000000e+02   4.0000000e-02   3.0000000e-02   1.0000000e-09
   5.0000000e+02   1.4000000e+02   4.0000000e-02   3.0000000e-02   1.0000000e-09
   5.0000000e+02   1.4000000e+02   4.0000000e-02   3.0000000e-02   1.0000000e-09
   5.0000000e+02   1.4000000e+02   4.0000000e-02   3.0000000e-02   1.0000000e-09
   5.0000000e+02   1.4000000e+02   4.0000000e-02   3.0000000e-02   1.0000000e-09
   5.0000000e+02   1.4000000e+02   4.0000000e-02   3.0000000e-02   1.0000000e-09
   5.0000000e+02   1.4000000e+02   4.0000000e-02   3.0000000e-02   1.0000000e-09
   5.0000000e+02   1.4000000e+02   4.0000000e-02   3.0000000e-02   1.0000000e-09
   5.0000000e+02   1.4000000e+02   4.0000000e-02   3.0000000e-02   1.0000000e-09
   5.0000000e+02   1.4000000e+02   4.0000000e-02   3.0000000e-02   1.0000000e-09
   5.0000000e+02   1.4000000e+02   4.0000000e-02   3.0000000e-02   1.0000000e-09
   5.0000000e+02   1.4000000e+02   4.0000000e-02   3.0000000e-02   1.0000000e-09
   5.0000000e+02   1.4000000e+02   4.0000000e-02   3.0000000e-02   1.0000000e-09
   5.0000000e+02   1.4000000e+02   4.0000000e-02   3.0000000e-02   1.0000000e-09
   5.0000000e+02   1.4000000e+02   4.0000000e-02   3.0000000e-02   1.0000000e-09
   5.0000000e+02   1.4000000e+02   4.0000000e-02   3.0000000e-02   1.0000000e-09
   5.0000000e+02   1.4000000e+02   4.0000000e-02   3.0000000e-02   1.0000000e-09
   5.0000000e+02   1.4000000e+02   4.0000000e-02   3.0000000e-02   1.0000000e-09
   5.0000000e+02   1.4000000e+02   4.0000000e-02   3.0000000e-02   1.0000000e-09
   5.0000000e+02   1.4000000e+02   4.0000000e-02   3.0000000e-02   1.0000000e-09
   5.0000000e+02   1.4000000e+02   4.0000000e-02   3.0000000e-02   1.0000000e-09
   5.0000000e+02   1.4000000e+02   4.0000000e-02   3.0000000e-02   1.0000000e-09
   5.0000000e+02   1.4000000e+02   4.0000000e-02   3.0000000e-02   1.0000000e-09
   5.0000000e+02   1.4000000e+02   4.0000000e-02   3.0000000e-02   1.0000000e-09
   5.0000000e+02   1.4000000e+02   4.0000000e-02   3.0000000e-02   1.0000000e-09
   5.0000000e+02   1.4000000e+02   4.0000000e-02   3.0000000e-02   1.0000000e-09
   5.0000000e+02   1.4000000e+02   4.0000000e-02   3.0000000e-02   1.0000000e-09
   5.0000000e+02   1.4000000e+02   4.0000000e-02   3.0000000e-02   1.0000000e-09
   5.0000000e+02   1.4000000e+02   4.0000000e-02   3.0000000e-02   1.0000000e-09
   5.0000000e+02   1.4000000e+02   4.0000000e-02   3.0000000e-02   1.0000000e-09
   5.0000000e+02   1.4000000e+02   4.0000000e-02   3.0000000e-02   1.0000000e-09
   5.0000000e+02   1.4000000e+02   4.0000000e-02   3.0000000e-02   1.0000000e-09
   5.0000000e+02   1.4000000e+02   4.0000000e-02   3.0000000e-02   1.0000000e-09
   5.0000000e+02   1.4000000e+02   4.0000000e-02   3.0000000e-02   1.0000000e-09
   5.0000000e+02   1.4000000e+02   4.0000000e-02   3.0000000e-02   1.0000000e-09
   5.0000000e+02   1.4000000e+02   4.0000000e-02   3.0000000e-02   1.0000000e-09
   5.0000000e+02   1.4000000e+02   4.0000000e-02   3.0000000e-02   1.0000000e-09
   5.0000000e+02   1.4000000e+02   4.0000000e-02   3.0000000e-02   1.0000000e-09
   5.0000000e+02   1.4000000e+02   4.0000000e-02   3.0000000e-02   1.0000000e-09
   5.0000000e+02   1.4000000e+02   4.0000000e-02   3.0000000e-02   1.0000000e-09
   5.0000000e+02   1.4000000e+02   4.0000000e-02   3.0000000e-02   1.0000000e-09
   5.0000000e+02   1.4000000e+02   4.0000000e-02   3.0000000e-02   1.0000000e-09
   5.0000000e+02   1.4000000e+02   4.0000000e-02   3.0000000e-02   1.0000000e-09
   5.0000000e+02   1.4000000e+02   4.0000000e-02   3.0000000e-02   1.0000000e-09
   5.0000000e+02   1.4000000e+02   4.0000000e-02   3.0000000e-02   1.0000000e-09
   5.0000000e+02   1.4000000e+02   4.0000000e-02   3.0000000e-02   1.0000000e-09
   5.0000000e+02   1.4000000e+02   4.0000000e-02   3.0000000e-02   1.0000000e-09
   5.0000000e+02   1.4000000e+02   4.0000000e-02   3.0000000e-02   1.0000000e-09
   5.0000000e+02   1.4000000e+02   4.0000000e-02   3.0000000e-02   1.0000000e-09
   5.0000000e+02   1.4000000e+02   4.0000000e-02   3.0000000e-02   1.0000000e-09
   5.0000000e+02   1.4000000e+02   4.0000000e-02   3.0000000e-02   1.0000000e-09
   5.0000000e+02   1.4000000e+02   4.0000000e-02   3.0000000e-02   1.0000000e-09
   5.0000000e+02   1.4000000e+02   4.0000000e-02   3.0000000e-02   1.0000000e-09
   5.0000000e+02   1.4000000e+02   4.0000000e-02   3.0000000e-02   1.0000000e-09
   5.0000000e+02   1.4000000e+02   4.0000000e-02   3.0000000e-02   1.0000000e-09
   5.0000000e+02   1.4000000e+02   4.0000000e-02   3.0000000e-02   1.0000000e-09
   5.0000000e+02   1.4000000e+02   4.0000000e-02   3.0000000e-02   1.0000000e-09
   5.0000000e+02   1.4000000e+02   4.0000000e-02   3.0000000e-02   1.0000000e-09
   5.0000000e+02   1.4000000e+02   4.0000000e-02   3.0000000e-02   1.0000000e-09
   5.0000000e+02   1.4000000e+02   4.0000000e-02   3.0000000e-02   1.0000000e-09
   5.0000000e+02   1.4000000e+02   4.0000000e-02   3.0000000e-02   1.0000000e-09
   5.0000000e+02   1.4000000e+02   4.0000000e-02   3.0000000e-02   1.0000000e-09
   5.0000000e+02   1.4000000e+02   4.0000000e-02   3.0000000e-02   1.0000000e-09
   5.0000000e+02   1.4000000e+02   4.0000000e-02   3.0000000e-02   1.0000000e-09
   5.0000000e+02   1.4000000e+02   4.0000000e-02   3.0000000e-02   1.0000000e-09
   5.0000000e+02   1.4000000e+02   4.0000000e-02   3.0000000e-02   1.0000000e-09
   5.0000000e+02   1.4000000e+02   4.0000000e-02   3.0000000e-02   1.0000000e-09
   5.0000000e+02   1.4000000e+02   4.0000000e-02   3.0000000e-02   1.0000000e-09
   5.0000000e+02   1.4000000e+02   4.0000000e-02   3.0000000e-02   1.0000000e-09
   5.0000000e+02   1.4000000e+02   4.0000000e-02   3.0000000e-02   1.0000000e-09
   5.0000000e+02   1.4000000e+02   4.0000000e-02   3.0000000e-02   1.0000000e-09
   5.0000000e+02   1.4000000e+02   4.0000000e-02   3.0000000e-02   1.0000000e-09
   5.0000000e+02   1.4000000e+02   4.0000000e-02   3.0000000e-02   1.0000000e-09
   5.0000000e+02   1.4000000e+02   4.0000000e-02   3.0000000e-02   1.0000000e-09
   5.0000000e+02   1.4000000e+02   4.0000000e-02   3.0000000e-02   1.0000000e-09
   5.0000000e+02   1.4000000e+02   4.0000000e-02   3.0000000e-02   1.0000000e-09
   5.0000000e+02   1.4000000e+02   4.0000000e-02   3.0000000e-02   1.0000000e-09
   5.0000000e+02   1.4000000e+02   4.0000000e-02   3.0000000e-02   1.0000000e-09
   5.0000000e+02   1.4000000e+02   1.3002280e-02   3.0000000e-02   1.0000000e-09
   5.0000000e+02   1.4000000e+02   4.0000000e-02   3.0000000e-02   1.0000000e-09
   5.0000000e+02   1.4000000e+02   4.0000000e-02   3.0000000e-02   1.0000000e-09
   5.0000000e+02   1.4000000e+02   4.0000000e-02   3.0000000e-02   1.0000000e-09
   5.0000000e+02   1.4000000e+02   4.0000000e-02   3.0000000e-02   1.0000000e-09
   5.0000000e+02   1.4000000e+02   4.0000000e-02   3.0000000e-02   1.0000000e-09
   5.0000000e+02   1.4000000e+02   3.1006360e-02   3.0000000e-02   1.0000000e-09
   5.0000000e+02   1.4000000e+02   4.0000000e-02   3.0000000e-02   1.0000000e-09
   5.0000000e+02   1.4000000e+02   4.0000000e-02   3.0000000e-02   1.0000000e-09
   5.0000000e+02   1.4000000e+02   4.0000000e-02   3.0000000e-02   1.0000000e-09
   5.0000000e+02   1.4000000e+02   4.0000000e-02   3.0000000e-02   1.0000000e-09
   5.0000000e+02   1.4000000e+02   4.0000000e-02   3.0000000e-02   1.0000000e-09
   5.0000000e+02   1.4000000e+02   4.0000000e-02   3.0000000e-02   1.0000000e-09
   5.0000000e+02   1.4000000e+02   4.0000000e-02   3.0000000e-02   1.0000000e-09
   5.0000000e+02   1.4000000e+02   4.0000000e-02   3.0000000e-02   1.0000000e-09
   5.0000000e+02   1.4000000e+02   4.0000000e-02   3.0000000e-02   1.0000000e-09
   5.0000000e+02   1.4000000e+02   4.0000000e-02   3.0000000e-02   1.0000000e-09
   5.0000000e+02   1.4000000e+02   4.0000000e-02   3.0000000e-02   1.0000000e-09
   5.0000000e+02   1.4000000e+02   4.0000000e-02   3.0000000e-02   1.0000000e-09
   5.0000000e+02   1.4000000e+02   4.0000000e-02   3.0000000e-02   1.0000000e-09
   5.0000000e+02   1.4000000e+02   4.0000000e-02   3.0000000e-02   1.0000000e-09
   5.0000000e+02   1.4000000e+02   4.0000000e-02   3.0000000e-02   1.0000000e-09
   5.0000000e+02   1.4000000e+02   4.0000000e-02   3.0000000e-02   1.0000000e-09
   5.0000000e+02   1.4000000e+02   4.0000000e-02   3.0000000e-02   1.0000000e-09
   5.0000000e+02   1.4000000e+02   4.0000000e-02   3.0000000e-02   1.0000000e-09
   5.0000000e+02   1.4000000e+02   4.0000000e-02   3.0000000e-02   1.0000000e-09
   5.0000000e+02   1.4000000e+02   4.0000000e-02   3.0000000e-02   1.0000000e-09
   5.0000000e+02   1.4000000e+02   4.0000000e-02   3.0000000e-02   1.0000000e-09
   5.0000000e+02   1.4000000e+02   4.0000000e-02   3.0000000e-02   1.0000000e-09
   5.0000000e+02   1.4000000e+02   4.0000000e-02   3.0000000e-02   1.0000000e-09
   5.0000000e+02   1.4000000e+02   4.0000000e-02   3.0000000e-02   1.0000000e-09
   5.0000000e+02   1.4000000e+02   4.0000000e-02   3.0000000e-02   1.0000000e-09
   5.0000000e+02   1.4000000e+02   4.0000000e-02   3.0000000e-02   1.0000000e-09
   5.0000000e+02   1.4000000e+02   4.0000000e-02   3.0000000e-02   1.0000000e-09
   5.0000000e+02   1.4000000e+02   4.0000000e-02   3.0000000e-02   1.0000000e-09
   5.0000000e+02   1.4000000e+02   4.0000000e-02   3.0000000e-02   1.0000000e-09
   5.0000000e+02   1.4000000e+02   4.0000000e-02   3.0000000e-02   1.0000000e-09
   5.0000000e+02   1.4000000e+02   4.0000000e-02   3.0000000e-02   1.0000000e-09
   5.0000000e+02   1.4000000e+02   4.0000000e-02   3.0000000e-02   1.0000000e-09
   5.0000000e+02   1.4000000e+02   4.0000000e-02   3.0000000e-02   1.0000000e-09
   5.0000000e+02   1.4000000e+02   4.0000000e-02   3.0000000e-02   1.0000000e-09
   5.0000000e+02   1.4000000e+02   4.0000000e-02   3.0000000e-02   1.0000000e-09
   5.0000000e+02   1.4000000e+02   4.0000000e-02   3.0000000e-02   1.0000000e-09
   5.0000000e+02   1.4000000e+02   4.0000000e-02   3.0000000e-02   1.0000000e-09
   5.0000000e+02   1.4000000e+02   4.0000000e-02   3.0000000e-02   1.0000000e-09
   5.0000000e+02   1.4000000e+02   4.0000000e-02   3.0000000e-02   1.0000000e-09
   5.0000000e+02   1.4000000e+02   4.0000000e-02   3.0000000e-02   1.0000000e-09
   5.0000000e+02   1.4000000e+02   4.0000000e-02   3.0000000e-02   1.0000000e-09
   5.0000000e+02   1.4000000e+02   4.0000000e-02   3.0000000e-02   1.0000000e-09
   5.0000000e+02   1.4000000e+02   4.0000000e-02   3.0000000e-02   1.0000000e-09
   5.0000000e+02   1.4000000e+02   4.0000000e-02   3.0000000e-02   1.0000000e-09
   5.0000000e+02   1.4000000e+02   4.0000000e-02   3.0000000e-02   1.0000000e-09
   5.0000000e+02   1.4000000e+02   4.0000000e-02   3.0000000e-02   1.0000000e-09
   5.0000000e+02   1.4000000e+02   4.0000000e-02   3.0000000e-02   1.0000000e-09
   5.0000000e+02   1.4000000e+02   4.0000000e-02   3.0000000e-02   1.0000000e-09
   5.0000000e+02   1.4000000e+02   4.0000000e-02   3.0000000e-02   1.0000000e-09
   5.0000000e+02   1.4000000e+02   4.0000000e-02   3.0000000e-02   1.0000000e-09
   5.0000000e+02   1.4000000e+02   4.0000000e-02   3.0000000e-02   1.0000000e-09
   5.0000000e+02   1.4000000e+02   4.0000000e-02   3.0000000e-02   1.0000000e-09
   5.0000000e+02   1.4000000e+02   4.0000000e-02   3.0000000e-02   1.0000000e-09
   5.0000000e+02   1.4000000e+02   4.0000000e-02   3.0000000e-02   1.0000000e-09
   5.0000000e+02   1.4000000e+02   4.0000000e-02   3.0000000e-02   1.0000000e-09
   5.0000000e+02   1.4000000e+02   4.0000000e-02   3.0000000e-02   1.0000000e-09
   5.0000000e+02   1.4000000e+02   4.0000000e-02   3.0000000e-02   1.0000000e-09
   5.0000000e+02   1.4000000e+02   4.0000000e-02   3.0000000e-02   1.0000000e-09
   5.0000000e+02   1.4000000e+02   4.0000000e-02   3.0000000e-02   1.0000000e-09
   5.0000000e+02   1.4000000e+02   4.0000000e-02   3.0000000e-02   1.0000000e-09
   5.0000000e+02   1.4000000e+02   4.0000000e-02   3.0000000e-02   1.0000000e-09
   5.0000000e+02   1.4000000e+02   4.0000000e-02   3.0000000e-02   1.0000000e-09
   5.0000000e+02   1.4000000e+02   4.0000000e-02   3.0000000e-02   1.0000000e-09
   5.0000000e+02   1.4000000e+02   1.3005340e-02   3.0000000e-02   1.0000000e-09
   5.0000000e+02   1.4000000e+02   4.0000000e-02   3.0000000e-02   1.0000000e-09
   5.0000000e+02   1.4000000e+02   4.0000000e-02   3.0000000e-02   1.0000000e-09
   5.0000000e+02   1.4000000e+02   4.0000000e-02   3.0000000e-02   1.0000000e-09
   5.0000000e+02   1.4000000e+02   4.0000000e-02   3.0000000e-02   1.0000000e-09
   5.0000000e+02   1.4000000e+02   4.0000000e-02   3.0000000e-02   1.0000000e-09
   5.0000000e+02   1.4000000e+02   1.3001740e-02   3.0000000e-02   1.0000000e-09
   5.0000000e+02   1.4000000e+02   4.0000000e-02   3.0000000e-02   1.0000000e-09
   5.0000000e+02   1.4000000e+02   4.0000000e-02   3.0000000e-02   1.0000000e-09
   5.0000000e+02   1.4000000e+02   4.0000000e-02   3.0000000e-02   1.0000000e-09
   5.0000000e+02   1.4000000e+02   4.0000000e-02   3.0000000e-02   1.0000000e-09
   5.0000000e+02   1.4000000e+02   4.0000000e-02   3.0000000e-02   1.0000000e-09
   5.0000000e+02   1.4000000e+02   4.0000000e-02   3.0000000e-02   1.0000000e-09
   5.0000000e+02   1.4000000e+02   4.0000000e-02   3.0000000e-02   1.0000000e-09
   5.0000000e+02   1.4000000e+02   4.0000000e-02   3.0000000e-02   1.0000000e-09
   5.0000000e+02   1.4000000e+02   4.0000000e-02   3.0000000e-02   1.0000000e-09
   5.0000000e+02   1.4000000e+02   4.0000000e-02   3.0000000e-02   1.0000000e-09
   5.0000000e+02   1.4000000e+02   4.0000000e-02   3.0000000e-02   1.0000000e-09
   5.0000000e+02   1.4000000e+02   4.0000000e-02   3.0000000e-02   1.0000000e-09
   5.0000000e+02   1.4000000e+02   4.0000000e-02   3.0000000e-02   1.0000000e-09
   5.0000000e+02   1.4000000e+02   4.0000000e-02   3.0000000e-02   1.0000000e-09
   5.0000000e+02   1.4000000e+02   4.0000000e-02   3.0000000e-02   1.0000000e-09
   5.0000000e+02   1.4000000e+02   4.0000000e-02   3.0000000e-02   1.0000000e-09
   5.0000000e+02   1.4000000e+02   4.0000000e-02   3.0000000e-02   1.0000000e-09
   5.0000000e+02   1.4000000e+02   4.0000000e-02   3.0000000e-02   1.0000000e-09
   5.0000000e+02   1.4000000e+02   4.0000000e-02   3.0000000e-02   1.0000000e-09
   5.0000000e+02   1.4000000e+02   4.0000000e-02   3.0000000e-02   1.0000000e-09
   5.0000000e+02   1.4000000e+02   4.0000000e-02   3.0000000e-02   1.0000000e-09
   5.0000000e+02   1.4000000e+02   4.0000000e-02   3.0000000e-02   1.0000000e-09
   5.0000000e+02   1.4000000e+02   4.0000000e-02   3.0000000e-02   1.0000000e-09
   5.0000000e+02   1.4000000e+02   4.0000000e-02   3.0000000e-02   1.0000000e-09
   5.0000000e+02   1.4000000e+02   4.0000000e-02   3.0000000e-02   1.0000000e-09
   5.0000000e+02   1.4000000e+02   4.0000000e-02   3.0000000e-02   1.0000000e-09
   5.0000000e+02   1.4000000e+02   4.0000000e-02   3.0000000e-02   1.0000000e-09
   5.0000000e+02   1.4000000e+02   4.0000000e-02   3.0000000e-02   1.0000000e-09
   5.0000000e+02   1.4000000e+02   4.0000000e-02   3.0000000e-02   1.0000000e-09
   5.0000000e+02   1.4000000e+02   4.0000000e-02   3.0000000e-02   1.0000000e-09
   5.0000000e+02   1.4000000e+02   4.0000000e-02   3.0000000e-02   1.0000000e-09
   5.0000000e+02   1.4000000e+02   4.0000000e-02   3.0000000e-02   1.0000000e-09
   5.0000000e+02   1.4000000e+02   4.0000000e-02   3.0000000e-02   1.0000000e-09
   5.0000000e+02   1.4000000e+02   4.0000000e-02   3.0000000e-02   1.0000000e-09
   5.0000000e+02   1.4000000e+02   4.0000000e-02   3.0000000e-02   1.0000000e-09
   5.0000000e+02   1.4000000e+02   4.0000000e-02   3.0000000e-02   1.0000000e-09
   5.0000000e+02   1.4000000e+02   4.0000000e-02   3.0000000e-02   1.0000000e-09
   5.0000000e+02   1.4000000e+02   4.0000000e-02   3.0000000e-02   1.0000000e-09
   5.0000000e+02   1.4000000e+02   4.0000000e-02   3.0000000e-02   1.0000000e-09
   5.0000000e+02   1.4000000e+02   4.0000000e-02   3.0000000e-02   1.0000000e-09
   5.0000000e+02   1.4000000e+02   4.0000000e-02   3.0000000e-02   1.0000000e-09
   5.0000000e+02   1.4000000e+02   4.0000000e-02   3.0000000e-02   1.0000000e-09
   5.0000000e+02   1.4000000e+02   4.0000000e-02   3.0000000e-02   1.0000000e-09
   5.0000000e+02   1.4000000e+02   4.0000000e-02   3.0000000e-02   1.0000000e-09
   5.0000000e+02   1.4000000e+02   4.0000000e-02   3.0000000e-02   1.0000000e-09
   5.0000000e+02   1.4000000e+02   4.0000000e-02   3.0000000e-02   1.0000000e-09
   5.0000000e+02   1.4000000e+02   4.0000000e-02   3.0000000e-02   1.0000000e-09
   5.0000000e+02   1.4000000e+02   4.0000000e-02   3.0000000e-02   1.0000000e-09
   5.0000000e+02   1.4000000e+02   3.1001740e-02   3.0000000e-02   1.0000000e-09
   5.0000000e+02   1.4000000e+02   4.0000000e-02   3.0000000e-02   1.0000000e-09
   5.0000000e+02   1.4000000e+02   8.4510040e-03   3.0000000e-02   1.0000000e-09
   5.0000000e+02   1.4000000e+02   4.0000000e-02   3.0000000e-02   1.0000000e-09
   5.0000000e+02   1.4000000e+02   4.0000000e-02   3.0000000e-02   1.0000000e-09
   5.0000000e+02   1.4000000e+02   8.4510040e-03   3.0000000e-02   1.0000000e-09
   5.0000000e+02   1.4000000e+02   4.0000000e-03   3.0000000e-02   1.0000000e-09
   5.0000000e+02   1.4000000e+02   8.4510040e-03   3.0000000e-02   1.0000000e-09
   5.0000000e+02   1.4000000e+02   8.4510040e-03   3.0000000e-02   1.0000000e-09
   5.0000000e+02   1.4000000e+02   4.0000000e-02   3.0000000e-02   1.0000000e-09
   5.0000000e+02   1.4000000e+02   4.0000000e-02   3.0000000e-02   1.0000000e-09
   5.0000000e+02   1.4000000e+02   8.4510040e-03   3.0000000e-02   1.0000000e-09
   5.0000000e+02   1.4000000e+02   8.4510040e-03   3.0000000e-02   1.0000000e-09
   5.0000000e+02   1.4000000e+02   4.0018600e-03   3.0000000e-02   1.0000000e-09
   5.0000000e+02   1.4000000e+02   8.4510040e-03   3.0000000e-02   1.0000000e-09
   5.0000000e+02   1.4000000e+02   4.0000000e-03   3.0000000e-02   1.0000000e-09
   5.0000000e+02   1.4000000e+02   8.4510040e-03   3.0000000e-02   1.0000000e-09
   5.0000000e+02   1.4000000e+02   4.0000000e-03   3.0000000e-02   1.0000000e-09
   5.0000000e+02   1.4000000e+02   8.4510040e-03   3.0000000e-02   1.0000000e-09
   5.0000000e+02   1.4000000e+02   4.0000000e-03   3.0000000e-02   1.0000000e-09
   5.0000000e+02   1.4000000e+02   8.4510040e-03   3.0000000e-02   1.0000000e-09
   5.0000000e+02   1.4000000e+02   4.0000000e-03   3.0000000e-02   1.0000000e-09
   5.0000000e+02   1.4000000e+02   4.0000000e-02   3.0000000e-02   1.0000000e-09
   5.0000000e+02   1.4000000e+02   8.4510040e-03   3.0000000e-02   1.0000000e-09
   5.0000000e+02   1.4000000e+02   4.0000000e-03   3.0000000e-02   1.0000000e-09
   5.0000000e+02   1.4000000e+02   8.4510040e-03   3.0000000e-02   1.0000000e-09
   5.0000000e+02   1.4000000e+02   4.0000000e-03   3.0000000e-02   1.0000000e-09
   5.0000000e+02   1.4000000e+02   8.4510040e-03   3.0000000e-02   1.0000000e-09
   5.0000000e+02   1.4000000e+02   4.0000000e-03   3.0000000e-02   1.0000000e-09
   5.0000000e+02   1.4000000e+02   8.4510040e-03   3.0000000e-02   1.0000000e-09
   5.0000000e+02   1.4000000e+02   4.0000000e-03   3.0000000e-02   1.0000000e-09
   5.0000000e+02   1.4000000e+02   8.4510040e-03   3.0000000e-02   1.0000000e-09
   5.0000000e+02   1.4000000e+02   4.0000000e-03   3.0000000e-02   1.0000000e-09
   5.0000000e+02   1.4000000e+02   8.4510040e-03   3.0000000e-02   1.0000000e-09
   5.0000000e+02   1.4000000e+02   4.0000000e-03   3.0000000e-02   1.0000000e-09
   5.0000000e+02   1.4000000e+02   8.4510040e-03   3.0000000e-02   1.0000000e-09
   5.0000000e+02   1.4000000e+02   4.0000000e-03   3.0000000e-02   1.0000000e-09
   5.0000000e+02   1.4000000e+02   8.4510040e-03   3.0000000e-02   1.0000000e-09
   5.0000000e+02   1.4000000e+02   4.0000000e-03   3.0000000e-02   1.0000000e-09
   5.0000000e+02   1.4000000e+02   8.4510040e-03   3.0000000e-02   1.0000000e-09
   5.0000000e+02   1.4000000e+02   4.0000000e-03   3.0000000e-02   1.0000000e-09
   5.0000000e+02   1.4000000e+02   8.4510040e-03   3.0000000e-02   1.0000000e-09
   5.0000000e+02   1.4000000e+02   4.0000000e-03   3.0000000e-02   1.0000000e-09
   5.0000000e+02   1.4000000e+02   8.4510040e-03   3.0000000e-02   1.0000000e-09
   5.0000000e+02   1.4000000e+02   4.0000000e-03   3.0000000e-02   1.0000000e-09
   5.0000000e+02   1.4000000e+02   8.4510040e-03   3.0000000e-02   1.0000000e-09
   5.0000000e+02   1.4000000e+02   4.0000000e-03   3.0000000e-02   1.0000000e-09
   5.0000000e+02   1.4000000e+02   8.4510040e-03   3.0000000e-02   1.0000000e-09
   5.0000000e+02   1.4000000e+02   4.0000000e-03   3.0000000e-02   1.0000000e-09
   5.0000000e+02   1.4000000e+02   8.4510040e-03   3.0000000e-02   1.0000000e-09
   5.0000000e+02   1.4000000e+02   4.0000000e-03   3.0000000e-02   1.0000000e-09
   5.0000000e+02   1.4000000e+02   8.4510040e-03   3.0000000e-02   1.0000000e-09
   5.0000000e+02   1.4000000e+02   4.0000000e-03   3.0000000e-02   1.0000000e-09
   5.0000000e+02   1.4000000e+02   8.4510040e-03   3.0000000e-02   1.0000000e-09
   5.0000000e+02   1.4000000e+02   4.0000000e-03   3.0000000e-02   1.0000000e-09
   5.0000000e+02   1.4000000e+02   8.4510040e-03   3.0000000e-02   1.0000000e-09
   5.0000000e+02   1.4000000e+02   4.0000000e-03   3.0000000e-02   1.0000000e-09
   5.0000000e+02   1.4000000e+02   8.4510040e-03   3.0000000e-02   1.0000000e-09
   5.0000000e+02   1.4000000e+02   4.0000000e-03   3.0000000e-02   1.0000000e-09
   5.0000000e+02   1.4000000e+02   8.4510040e-03   3.0000000e-02   1.0000000e-09
   5.0000000e+02   1.4000000e+02   4.0000000e-03   3.0000000e-02   1.0000000e-09
   5.0000000e+02   1.4000000e+02   8.4510040e-03   3.0000000e-02   1.0000000e-09
   5.0000000e+02   1.4000000e+02   4.0000000e-03   3.0000000e-02   1.0000000e-09
   5.0000000e+02   1.4000000e+02   8.4510040e-03   3.0000000e-02   1.0000000e-09
   5.0000000e+02   1.4000000e+02   4.0000000e-03   3.0000000e-02   1.0000000e-09
   5.0000000e+02   1.4000000e+02   8.4510040e-03   3.0000000e-02   1.0000000e-09
   5.0000000e+02   1.4000000e+02   4.0000000e-03   3.0000000e-02   1.0000000e-09
   5.0000000e+02   1.4000000e+02   8.4510040e-03   3.0000000e-02   1.0000000e-09
   5.0000000e+02   1.4000000e+02   4.0000000e-03   3.0000000e-02   1.0000000e-09
   5.0000000e+02   1.4000000e+02   8.4510040e-03   3.0000000e-02   1.0000000e-09
   5.0000000e+02   1.4000000e+02   4.0000000e-03   3.0000000e-02   1.0000000e-09
   5.0000000e+02   1.4000000e+02   8.4510040e-03   3.0000000e-02   1.0000000e-09
   5.0000000e+02   1.4000000e+02   4.0000000e-03   3.0000000e-02   1.0000000e-09
   5.0000000e+02   1.4000000e+02   8.4510040e-03   3.0000000e-02   1.0000000e-09
   5.0000000e+02   1.4000000e+02   4.0000000e-03   3.0000000e-02   1.0000000e-09
   5.0000000e+02   1.4000000e+02   8.4510040e-03   3.0000000e-02   1.0000000e-09
   5.0000000e+02   1.4000000e+02   4.0000000e-03   3.0000000e-02   1.0000000e-09
   5.0000000e+02   1.4000000e+02   8.4510040e-03   3.0000000e-02   1.0000000e-09
   5.0000000e+02   1.4000000e+02   4.0000000e-03   3.0000000e-02   1.0000000e-09
   5.0000000e+02   1.4000000e+02   8.4510040e-03   3.0000000e-02   1.0000000e-09
   5.0000000e+02   1.4000000e+02   4.0000000e-03   3.0000000e-02   1.0000000e-09
   5.0000000e+02   1.4000000e+02   8.4510040e-03   3.0000000e-02   1.0000000e-09
   5.0000000e+02   1.4000000e+02   4.0000000e-03   3.0000000e-02   1.0000000e-09
   5.0000000e+02   1.4000000e+02   8.4510040e-03   3.0000000e-02   1.0000000e-09
   5.0000000e+02   1.4000000e+02   4.0000000e-03   3.0000000e-02   1.0000000e-09
   5.0000000e+02   1.4000000e+02   8.4510040e-03   3.0000000e-02   1.0000000e-09
   5.0000000e+02   1.4000000e+02   4.0000000e-03   3.0000000e-02   1.0000000e-09
   5.0000000e+02   1.4000000e+02   8.4510040e-03   3.0000000e-02   1.0000000e-09
   5.0000000e+02   1.4000000e+02   4.0000000e-03   3.0000000e-02   1.0000000e-09
   5.0000000e+02   1.4000000e+02   8.4510040e-03   3.0000000e-02   1.0000000e-09
   5.0000000e+02   1.4000000e+02   4.0000000e-03   3.0000000e-02   1.0000000e-09
   5.0000000e+02   1.4000000e+02   8.4510040e-03   3.0000000e-02   1.0000000e-09
   5.0000000e+02   1.4000000e+02   4.0000000e-03   3.0000000e-02   1.0000000e-09
   5.0000000e+02   1.4000000e+02   8.4510040e-03   3.0000000e-02   1.0000000e-09
   5.0000000e+02   1.4000000e+02   4.0000000e-03   3.0000000e-02   1.0000000e-09
   5.0000000e+02   1.4000000e+02   8.4510040e-03   3.0000000e-02   1.0000000e-09
   5.0000000e+02   1.4000000e+02   4.0000000e-03   3.0000000e-02   1.0000000e-09
   5.0000000e+02   1.4000000e+02   8.4510040e-03   3.0000000e-02   1.0000000e-09
   5.0000000e+02   1.4000000e+02   4.0000000e-03   3.0000000e-02   1.0000000e-09
   5.0000000e+02   1.4000000e+02   8.4510040e-03   3.0000000e-02   1.0000000e-09
   5.0000000e+02   1.4000000e+02   4.0000000e-03   3.0000000e-02   1.0000000e-09
   5.0000000e+02   1.4000000e+02   8.4510040e-03   3.0000000e-02   1.0000000e-09
   5.0000000e+02   1.4000000e+02   4.0000000e-03   3.0000000e-02   1.0000000e-09
   5.0000000e+02   1.4000000e+02   8.4510040e-03   3.0000000e-02   1.0000000e-09
   5.0000000e+02   1.4000000e+02   4.0000000e-03   3.0000000e-02   1.0000000e-09
   5.0000000e+02   1.4000000e+02   8.4510040e-03   3.0000000e-02   1.0000000e-09
   5.0000000e+02   1.4000000e+02   4.0000000e-03   3.0000000e-02   1.0000000e-09
   5.0000000e+02   1.4000000e+02   8.4510040e-03   3.0000000e-02   1.0000000e-09
   5.0000000e+02   1.4000000e+02   4.0000000e-03   3.0000000e-02   1.0000000e-09
   5.0000000e+02   1.4000000e+02   8.4510040e-03   3.0000000e-02   1.0000000e-09
   5.0000000e+02   1.3000000e+02   4.0000000e-03   3.0000000e-02   3.0000000e-02
   5.0000000e+02   1.4000000e+02   8.4510040e-03   3.0000000e-02   1.0000000e-09
   5.0000000e+02   1.3000000e+02   4.0000000e-03   3.0000000e-02   3.0000000e-02
   5.0000000e+02   1.4000000e+02   8.4510040e-03   3.0000000e-02   1.0000000e-09
   5.0000000e+02   1.3000000e+02   4.0000000e-03   3.0000000e-02   3.0000000e-02
   5.0000000e+02   1.4000000e+02   8.4510040e-03   3.0000000e-02   1.0000000e-09
   5.0000000e+02   1.3000000e+02   4.0000000e-03   3.0000000e-02   3.0000000e-02
   5.0000000e+02   1.4000000e+02   8.4510040e-03   3.0000000e-02   1.0000000e-09
   5.0000000e+02   1.3000000e+02   4.0000000e-03   3.0000000e-02   3.0000000e-02
   5.0000000e+02   1.4000000e+02   8.4510040e-03   3.0000000e-02   1.0000000e-09
   5.0000000e+02   1.3000000e+02   4.0000000e-03   3.0000000e-02   3.0000000e-02
   5.0000000e+02   1.4000000e+02   8.4510040e-03   3.0000000e-02   1.0000000e-09
   5.0000000e+02   1.4000000e+02   1.2998260e-02   3.0000000e-02   1.0000000e-09
   5.0000000e+02   1.3000000e+02   4.0000000e-03   3.0000000e-02   3.0000000e-02
   5.0000000e+02   1.3000000e+02   4.0000000e-03   3.0000000e-02   3.0000000e-02
   5.0000000e+02   1.3000000e+02   4.0000000e-03   3.0000000e-02   3.0000000e-02
   5.0000000e+02   1.4000000e+02   3.0998260e-02   3.0000000e-02   1.0000000e-09
   5.0000000e+02   1.3000000e+02   4.0000000e-03   3.0000000e-02   3.0000000e-02
   5.0000000e+02   1.3000000e+02   4.0000000e-03   3.0000000e-02   3.0000000e-02
   5.0000000e+02   1.4000000e+02   4.0000000e-02   3.0000000e-02   1.0000000e-09
   5.0000000e+02   1.4000000e+02   4.0000000e-02   3.0000000e-02   1.0000000e-09
   5.0000000e+02   1.3000000e+02   4.0000000e-03   3.0000000e-02   3.0000000e-02
   5.0000000e+02   1.3000000e+02   4.0000000e-03   3.0000000e-02   3.0000000e-02
   5.0000000e+02   1.4000000e+02   4.0000000e-02   3.0000000e-02   1.0000000e-09
   5.0000000e+02   1.4000000e+02   4.0000000e-02   3.0000000e-02   1.0000000e-09
   5.0000000e+02   1.4000000e+02   2.1998140e-02   3.0000000e-02   1.0000000e-09
   5.0000000e+02   1.4000000e+02   4.0000000e-02   3.0000000e-02   1.0000000e-09
   5.0000000e+02   1.4000000e+02   3.9998140e-02   3.0000000e-02   1.0000000e-09
   5.0000000e+02   1.4000000e+02   4.0000000e-02   3.0000000e-02   1.0000000e-09
   5.0000000e+02   1.4000000e+02   4.0000000e-02   3.0000000e-02   1.0000000e-09
   5.0000000e+02   1.4000000e+02   4.0000000e-02   3.0000000e-02   1.0000000e-09
   5.0000000e+02   1.4000000e+02   4.0000000e-02   3.0000000e-02   1.0000000e-09
   5.0000000e+02   1.4000000e+02   4.0000000e-02   3.0000000e-02   1.0000000e-09
   5.0000000e+02   1.4000000e+02   4.0000000e-02   3.0000000e-02   1.0000000e-09
   5.0000000e+02   1.4000000e+02   4.0000000e-02   3.0000000e-02   1.0000000e-09
   5.0000000e+02   1.4000000e+02   4.0000000e-02   3.0000000e-02   1.0000000e-09
   5.0000000e+02   1.4000000e+02   4.0000000e-02   3.0000000e-02   1.0000000e-09
   5.0000000e+02   1.4000000e+02   4.0000000e-02   3.0000000e-02   1.0000000e-09
   5.0000000e+02   1.4000000e+02   4.0000000e-02   3.0000000e-02   1.0000000e-09
   5.0000000e+02   1.4000000e+02   4.0000000e-02   3.0000000e-02   1.0000000e-09
   5.0000000e+02   1.4000000e+02   4.0000000e-02   3.0000000e-02   1.0000000e-09
   5.0000000e+02   1.4000000e+02   4.0000000e-02   3.0000000e-02   1.0000000e-09
   5.0000000e+02   1.4000000e+02   4.0000000e-02   3.0000000e-02   1.0000000e-09
   5.0000000e+02   1.4000000e+02   4.0000000e-02   3.0000000e-02   1.0000000e-09
   5.0000000e+02   1.4000000e+02   4.0000000e-02   3.0000000e-02   1.0000000e-09
   5.0000000e+02   1.4000000e+02   4.0000000e-02   3.0000000e-02   1.0000000e-09
   5.0000000e+02   1.4000000e+02   4.0000000e-02   3.0000000e-02   1.0000000e-09
   5.0000000e+02   1.4000000e+02   4.0000000e-02   3.0000000e-02   1.0000000e-09
   5.0000000e+02   1.4000000e+02   4.0000000e-02   3.0000000e-02   1.0000000e-09
   5.0000000e+02   1.4000000e+02   4.0000000e-02   3.0000000e-02   1.0000000e-09
   5.0000000e+02   1.4000000e+02   4.0000000e-02   3.0000000e-02   1.0000000e-09
   5.0000000e+02   1.4000000e+02   4.0000000e-02   3.0000000e-02   1.0000000e-09
   5.0000000e+02   1.4000000e+02   4.0000000e-02   3.0000000e-02   1.0000000e-09
   5.0000000e+02   1.4000000e+02   4.0000000e-02   3.0000000e-02   1.0000000e-09
   5.0000000e+02   1.4000000e+02   4.0000000e-02   3.0000000e-02   1.0000000e-09
   5.0000000e+02   1.4000000e+02   4.0000000e-02   3.0000000e-02   1.0000000e-09
   5.0000000e+02   1.4000000e+02   4.0000000e-02   3.0000000e-02   1.0000000e-09
   5.0000000e+02   1.4000000e+02   4.0000000e-02   3.0000000e-02   1.0000000e-09
   5.0000000e+02   1.4000000e+02   4.0000000e-02   3.0000000e-02   1.0000000e-09
   5.0000000e+02   1.4000000e+02   4.0000000e-02   3.0000000e-02   1.0000000e-09
   5.0000000e+02   1.4000000e+02   4.0000000e-02   3.0000000e-02   1.0000000e-09
   5.0000000e+02   1.4000000e+02   4.0000000e-02   3.0000000e-02   1.0000000e-09
   5.0000000e+02   1.4000000e+02   4.0000000e-02   3.0000000e-02   1.0000000e-09
   5.0000000e+02   1.4000000e+02   4.0000000e-02   3.0000000e-02   1.0000000e-09
   5.0000000e+02   1.4000000e+02   4.0000000e-02   3.0000000e-02   1.0000000e-09
   5.0000000e+02   1.4000000e+02   4.0000000e-02   3.0000000e-02   1.0000000e-09
   5.0000000e+02   1.4000000e+02   4.0000000e-02   3.0000000e-02   1.0000000e-09
   5.0000000e+02   1.4000000e+02   4.0000000e-02   3.0000000e-02   1.0000000e-09
   5.0000000e+02   1.4000000e+02   4.0000000e-02   3.0000000e-02   1.0000000e-09
   5.0000000e+02   1.4000000e+02   4.0000000e-02   3.0000000e-02   1.0000000e-09
   5.0000000e+02   1.4000000e+02   4.0000000e-02   3.0000000e-02   1.0000000e-09
   5.0000000e+02   1.3000000e+02   4.0000000e-03   3.0000000e-02   3.0000000e-02
   5.0000000e+02   1.4000000e+02   4.0000000e-02   3.0000000e-02   1.0000000e-09
   5.0000000e+02   1.4000000e+02   4.0000000e-02   3.0000000e-02   1.0000000e-09
   5.0000000e+02   1.4000000e+02   4.0000000e-02   3.0000000e-02   1.0000000e-09
   5.0000000e+02   1.4000000e+02   4.0000000e-02   3.0000000e-02   1.0000000e-09
   5.0000000e+02   1.4000000e+02   4.0000000e-02   3.0000000e-02   1.0000000e-09
   5.0000000e+02   1.4000000e+02   4.0000000e-02   3.0000000e-02   1.0000000e-09
   5.0000000e+02   1.4000000e+02   4.0000000e-02   3.0000000e-02   1.0000000e-09
   5.0000000e+02   1.4000000e+02   4.0000000e-02   3.0000000e-02   1.0000000e-09
   5.0000000e+02   1.4000000e+02   4.0000000e-02   3.0000000e-02   1.0000000e-09
   5.0000000e+02   1.4000000e+02   4.0000000e-02   3.0000000e-02   1.0000000e-09
   5.0000000e+02   1.4000000e+02   4.0000000e-02   3.0000000e-02   1.0000000e-09
   5.0000000e+02   1.4000000e+02   4.0000000e-02   3.0000000e-02   1.0000000e-09
   5.0000000e+02   1.4000000e+02   4.0000000e-02   3.0000000e-02   1.0000000e-09
   5.0000000e+02   1.4000000e+02   4.0000000e-02   3.0000000e-02   1.0000000e-09
   5.0000000e+02   1.4000000e+02   4.0000000e-02   3.0000000e-02   1.0000000e-09
   5.0000000e+02   1.4000000e+02   4.0000000e-02   3.0000000e-02   1.0000000e-09
   5.0000000e+02   1.4000000e+02   4.0000000e-02   3.0000000e-02   1.0000000e-09
   5.0000000e+02   1.4000000e+02   4.0000000e-02   3.0000000e-02   1.0000000e-09
   5.0000000e+02   1.4000000e+02   4.0000000e-02   3.0000000e-02   1.0000000e-09
   5.0000000e+02   1.4000000e+02   4.0000000e-02   3.0000000e-02   1.0000000e-09
   5.0000000e+02   1.4000000e+02   4.0000000e-02   3.0000000e-02   1.0000000e-09
   5.0000000e+02   1.4000000e+02   4.0000000e-02   3.0000000e-02   1.0000000e-09
   5.0000000e+02   1.4000000e+02   4.0000000e-02   3.0000000e-02   1.0000000e-09
   5.0000000e+02   1.4000000e+02   4.0000000e-02   3.0000000e-02   1.0000000e-09
   5.0000000e+02   1.4000000e+02   4.0000000e-02   3.0000000e-02   1.0000000e-09
   5.0000000e+02   1.4000000e+02   4.0000000e-02   3.0000000e-02   1.0000000e-09
   5.0000000e+02   1.4000000e+02   4.0000000e-02   3.0000000e-02   1.0000000e-09
   5.0000000e+02   1.4000000e+02   4.0000000e-02   3.0000000e-02   1.0000000e-09
   5.0000000e+02   1.4000000e+02   4.0000000e-02   3.0000000e-02   1.0000000e-09
   5.0000000e+02   1.4000000e+02   4.0000000e-02   3.0000000e-02   1.0000000e-09
   5.0000000e+02   1.4000000e+02   4.0000000e-02   3.0000000e-02   1.0000000e-09
   5.0000000e+02   1.4000000e+02   4.0000000e-02   3.0000000e-02   1.0000000e-09
   5.0000000e+02   1.4000000e+02   4.0000000e-02   3.0000000e-02   1.0000000e-09
   5.0000000e+02   1.4000000e+02   4.0000000e-02   3.0000000e-02   1.0000000e-09
   5.0000000e+02   1.4000000e+02   4.0000000e-02   3.0000000e-02   1.0000000e-09
   5.0000000e+02   1.4000000e+02   4.0000000e-02   3.0000000e-02   1.0000000e-09
   5.0000000e+02   1.4000000e+02   4.0000000e-02   3.0000000e-02   1.0000000e-09
   5.0000000e+02   1.4000000e+02   4.0000000e-02   3.0000000e-02   1.0000000e-09
   5.0000000e+02   1.4000000e+02   4.0000000e-02   3.0000000e-02   1.0000000e-09
   5.0000000e+02   1.4000000e+02   4.0000000e-02   3.0000000e-02   1.0000000e-09
   5.0000000e+02   1.4000000e+02   4.0000000e-02   3.0000000e-02   1.0000000e-09
   5.0000000e+02   1.4000000e+02   4.0000000e-02   3.0000000e-02   1.0000000e-09
   5.0000000e+02   1.4000000e+02   4.0000000e-02   3.0000000e-02   1.0000000e-09
   5.0000000e+02   1.4000000e+02   4.0000000e-02   3.0000000e-02   1.0000000e-09
   5.0000000e+02   1.4000000e+02   4.0000000e-02   3.0000000e-02   1.0000000e-09
   5.0000000e+02   1.4000000e+02   4.0000000e-02   3.0000000e-02   1.0000000e-09
   5.0000000e+02   1.4000000e+02   4.0000000e-02   3.0000000e-02   1.0000000e-09
   5.0000000e+02   1.4000000e+02   4.0000000e-02   3.0000000e-02   1.0000000e-09
   5.0000000e+02   1.4000000e+02   4.0000000e-02   3.0000000e-02   1.0000000e-09
   5.0000000e+02   1.4000000e+02   4.0000000e-02   3.0000000e-02   1.0000000e-09
   5.0000000e+02   1.4000000e+02   4.0000000e-02   3.0000000e-02   1.0000000e-09
   5.0000000e+02   1.4000000e+02   4.0000000e-02   3.0000000e-02   1.0000000e-09
   5.0000000e+02   1.4000000e+02   4.0000000e-02   3.0000000e-02   1.0000000e-09
   5.0000000e+02   1.4000000e+02   4.0000000e-02   3.0000000e-02   1.0000000e-09
   5.0000000e+02   1.4000000e+02   4.0000000e-02   3.0000000e-02   1.0000000e-09
   5.0000000e+02   1.4000000e+02   4.0000000e-02   3.0000000e-02   1.0000000e-09
   5.0000000e+02   1.4000000e+02   4.0000000e-02   3.0000000e-02   1.0000000e-09
   5.0000000e+02   1.4000000e+02   4.0000000e-02   3.0000000e-02   1.0000000e-09
   5.0000000e+02   1.4000000e+02   4.0000000e-02   3.0000000e-02   1.0000000e-09
   5.0000000e+02   1.4000000e+02   4.0000000e-02   3.0000000e-02   1.0000000e-09
   5.0000000e+02   1.4000000e+02   4.0000000e-02   3.0000000e-02   1.0000000e-09
   5.0000000e+02   1.4000000e+02   4.0000000e-02   3.0000000e-02   1.0000000e-09
   5.0000000e+02   1.4000000e+02   4.0000000e-02   3.0000000e-02   1.0000000e-09
   5.0000000e+02   1.4000000e+02   4.0000000e-02   3.0000000e-02   1.0000000e-09
   5.0000000e+02   1.4000000e+02   4.0000000e-02   3.0000000e-02   1.0000000e-09
   5.0000000e+02   1.4000000e+02   4.0000000e-02   3.0000000e-02   1.0000000e-09
   5.0000000e+02   1.4000000e+02   4.0000000e-02   3.0000000e-02   1.0000000e-09
   5.0000000e+02   1.4000000e+02   1.2997540e-02   3.0000000e-02   1.0000000e-09
   5.0000000e+02   1.4000000e+02   4.0000000e-02   3.0000000e-02   1.0000000e-09
   5.0000000e+02   1.4000000e+02   4.0000000e-02   3.0000000e-02   1.0000000e-09
   5.0000000e+02   1.4000000e+02   4.0000000e-02   3.0000000e-02   1.0000000e-09
   5.0000000e+02   1.4000000e+02   4.0000000e-02   3.0000000e-02   1.0000000e-09
   5.0000000e+02   1.4000000e+02   4.0000000e-02   3.0000000e-02   1.0000000e-09
   5.0000000e+02   1.4000000e+02   4.0000000e-02   3.0000000e-02   1.0000000e-09
   5.0000000e+02   1.4000000e+02   4.0000000e-02   3.0000000e-02   1.0000000e-09
   5.0000000e+02   1.4000000e+02   4.0000000e-02   3.0000000e-02   1.0000000e-09
   5.0000000e+02   1.4000000e+02   4.0000000e-02   3.0000000e-02   1.0000000e-09
   5.0000000e+02   1.4000000e+02   4.0000000e-02   3.0000000e-02   1.0000000e-09
   5.0000000e+02   1.4000000e+02   4.0000000e-02   3.0000000e-02   1.0000000e-09
   5.0000000e+02   1.4000000e+02   4.0000000e-02   3.0000000e-02   1.0000000e-09
   5.0000000e+02   1.4000000e+02   4.0000000e-02   3.0000000e-02   1.0000000e-09
   5.0000000e+02   1.4000000e+02   4.0000000e-02   3.0000000e-02   1.0000000e-09
   5.0000000e+02   1.4000000e+02   4.0000000e-02   3.0000000e-02   1.0000000e-09
   5.0000000e+02   1.4000000e+02   4.0000000e-02   3.0000000e-02   1.0000000e-09
   5.0000000e+02   1.4000000e+02   4.0000000e-02   3.0000000e-02   1.0000000e-09
   5.0000000e+02   1.4000000e+02   4.0000000e-02   3.0000000e-02   1.0000000e-09
   5.0000000e+02   1.4000000e+02   4.0000000e-02   3.0000000e-02   1.0000000e-09
   5.0000000e+02   1.4000000e+02   4.0000000e-02   3.0000000e-02   1.0000000e-09
   5.0000000e+02   1.4000000e+02   4.0000000e-02   3.0000000e-02   1.0000000e-09
   5.0000000e+02   1.4000000e+02   4.0000000e-02   3.0000000e-02   1.0000000e-09
   5.0000000e+02   1.4000000e+02   4.0000000e-02   3.0000000e-02   1.0000000e-09
   5.0000000e+02   1.4000000e+02   4.0000000e-02   3.0000000e-02   1.0000000e-09
   5.0000000e+02   1.4000000e+02   4.0000000e-02   3.0000000e-02   1.0000000e-09
   5.0000000e+02   1.4000000e+02   4.0000000e-02   3.0000000e-02   1.0000000e-09
   5.0000000e+02   1.4000000e+02   4.0000000e-02   3.0000000e-02   1.0000000e-09
   5.0000000e+02   1.4000000e+02   4.0000000e-02   3.0000000e-02   1.0000000e-09
   5.0000000e+02   1.4000000e+02   4.0000000e-02   3.0000000e-02   1.0000000e-09
   5.0000000e+02   1.4000000e+02   4.0000000e-02   3.0000000e-02   1.0000000e-09
   5.0000000e+02   1.4000000e+02   4.0000000e-02   3.0000000e-02   1.0000000e-09
   5.0000000e+02   1.4000000e+02   4.0000000e-02   3.0000000e-02   1.0000000e-09
   5.0000000e+02   1.4000000e+02   4.0000000e-02   3.0000000e-02   1.0000000e-09
   5.0000000e+02   1.4000000e+02   4.0000000e-02   3.0000000e-02   1.0000000e-09
   5.0000000e+02   1.4000000e+02   4.0000000e-02   3.0000000e-02   1.0000000e-09
   5.0000000e+02   1.4000000e+02   4.0000000e-02   3.0000000e-02   1.0000000e-09
   5.0000000e+02   1.4000000e+02   4.0000000e-02   3.0000000e-02   1.0000000e-09
   5.0000000e+02   1.4000000e+02   4.0000000e-02   3.0000000e-02   1.0000000e-09
   5.0000000e+02   1.4000000e+02   4.0000000e-02   3.0000000e-02   1.0000000e-09
   5.0000000e+02   1.4000000e+02   4.0000000e-02   3.0000000e-02   1.0000000e-09
   5.0000000e+02   1.4000000e+02   4.0000000e-02   3.0000000e-02   1.0000000e-09
   5.0000000e+02   1.4000000e+02   4.0000000e-02   3.0000000e-02   1.0000000e-09
   5.0000000e+02   1.4000000e+02   4.0000000e-02   3.0000000e-02   1.0000000e-09
   5.0000000e+02   1.4000000e+02   4.0000000e-02   3.0000000e-02   1.0000000e-09
   5.0000000e+02   1.4000000e+02   4.0000000e-02   3.0000000e-02   1.0000000e-09
   5.0000000e+02   1.4000000e+02   4.0000000e-02   3.0000000e-02   1.0000000e-09
   5.0000000e+02   1.4000000e+02   4.0000000e-02   3.0000000e-02   1.0000000e-09
   5.0000000e+02   1.4000000e+02   4.0000000e-02   3.0000000e-02   1.0000000e-09
   5.0000000e+02   1.4000000e+02   4.0000000e-02   3.0000000e-02   1.0000000e-09
   5.0000000e+02   1.4000000e+02   4.0000000e-02   3.0000000e-02   1.0000000e-09
   5.0000000e+02   1.4000000e+02   4.0000000e-02   3.0000000e-02   1.0000000e-09
   5.0000000e+02   1.4000000e+02   4.0000000e-02   3.0000000e-02   1.0000000e-09
   5.0000000e+02   1.4000000e+02   4.0000000e-02   3.0000000e-02   1.0000000e-09
   5.0000000e+02   1.4000000e+02   4.0000000e-02   3.0000000e-02   1.0000000e-09
   5.0000000e+02   1.4000000e+02   4.0000000e-02   3.0000000e-02   1.0000000e-09
   5.0000000e+02   1.4000000e+02   4.0000000e-02   3.0000000e-02   1.0000000e-09
   5.0000000e+02   1.4000000e+02   4.0000000e-02   3.0000000e-02   1.0000000e-09
   5.0000000e+02   1.4000000e+02   4.0000000e-02   3.0000000e-02   1.0000000e-09
   5.0000000e+02   1.4000000e+02   4.0000000e-02   3.0000000e-02   1.0000000e-09
   5.0000000e+02   1.4000000e+02   4.0000000e-02   3.0000000e-02   1.0000000e-09
   5.0000000e+02   1.4000000e+02   4.0000000e-02   3.0000000e-02   1.0000000e-09
   5.0000000e+02   1.4000000e+02   4.0000000e-02   3.0000000e-02   1.0000000e-09
   5.0000000e+02   1.4000000e+02   4.0000000e-02   3.0000000e-02   1.0000000e-09
   5.0000000e+02   1.4000000e+02   4.0000000e-02   3.0000000e-02   1.0000000e-09
   5.0000000e+02   1.4000000e+02   4.0000000e-02   3.0000000e-02   1.0000000e-09
   5.0000000e+02   1.4000000e+02   4.0000000e-02   3.0000000e-02   1.0000000e-09
   5.0000000e+02   1.4000000e+02   4.0000000e-02   3.0000000e-02   1.0000000e-09
   5.0000000e+02   1.4000000e+02   4.0000000e-02   3.0000000e-02   1.0000000e-09
   5.0000000e+02   1.4000000e+02   4.0000000e-02   3.0000000e-02   1.0000000e-09
   5.0000000e+02   1.4000000e+02   4.0000000e-02   3.0000000e-02   1.0000000e-09
   5.0000000e+02   1.4000000e+02   4.0000000e-02   3.0000000e-02   1.0000000e-09
   5.0000000e+02   1.4000000e+02   4.0000000e-02   3.0000000e-02   1.0000000e-09
   5.0000000e+02   1.4000000e+02   4.0000000e-02   3.0000000e-02   1.0000000e-09
   5.0000000e+02   1.4000000e+02   4.0000000e-02   3.0000000e-02   1.0000000e-09
   5.0000000e+02   1.4000000e+02   4.0000000e-02   3.0000000e-02   1.0000000e-09
   5.0000000e+02   1.4000000e+02   4.0000000e-02   3.0000000e-02   1.0000000e-09
   5.0000000e+02   1.4000000e+02   4.0000000e-02   3.0000000e-02   1.0000000e-09
   5.0000000e+02   1.4000000e+02   4.0000000e-02   3.0000000e-02   1.0000000e-09
   5.0000000e+02   1.4000000e+02   4.0000000e-02   3.0000000e-02   1.0000000e-09
   5.0000000e+02   1.4000000e+02   4.0000000e-02   3.0000000e-02   1.0000000e-09
   5.0000000e+02   1.4000000e+02   4.0000000e-02   3.0000000e-02   1.0000000e-09
   5.0000000e+02   1.4000000e+02   4.0000000e-02   3.0000000e-02   1.0000000e-09
   5.0000000e+02   1.4000000e+02   4.0000000e-02   3.0000000e-02   1.0000000e-09
   5.0000000e+02   1.4000000e+02   4.0000000e-02   3.0000000e-02   1.0000000e-09
   5.0000000e+02   1.4000000e+02   4.0000000e-02   3.0000000e-02   1.0000000e-09
   5.0000000e+02   1.4000000e+02   4.0000000e-02   3.0000000e-02   1.0000000e-09
   5.0000000e+02   1.4000000e+02   4.0000000e-02   3.0000000e-02   1.0000000e-09
   5.0000000e+02   1.4000000e+02   4.0000000e-02   3.0000000e-02   1.0000000e-09
   5.0000000e+02   1.4000000e+02   4.0000000e-02   3.0000000e-02   1.0000000e-09
   5.0000000e+02   1.4000000e+02   4.0000000e-02   3.0000000e-02   1.0000000e-09
   5.0000000e+02   1.4000000e+02   4.0000000e-02   3.0000000e-02   1.0000000e-09
   5.0000000e+02   1.4000000e+02   4.0000000e-02   3.0000000e-02   1.0000000e-09
   5.0000000e+02   1.4000000e+02   4.0000000e-02   3.0000000e-02   1.0000000e-09
   5.0000000e+02   1.4000000e+02   4.0000000e-02   3.0000000e-02   1.0000000e-09
   5.0000000e+02   1.4000000e+02   4.0000000e-02   3.0000000e-02   1.0000000e-09
   5.0000000e+02   1.4000000e+02   4.0000000e-02   3.0000000e-02   1.0000000e-09
   5.0000000e+02   1.4000000e+02   4.0000000e-02   3.0000000e-02   1.0000000e-09
   5.0000000e+02   1.4000000e+02   4.0000000e-02   3.0000000e-02   1.0000000e-09
   5.0000000e+02   1.4000000e+02   4.0000000e-02   3.0000000e-02   1.0000000e-09
   5.0000000e+02   1.4000000e+02   4.0000000e-02   3.0000000e-02   1.0000000e-09
   5.0000000e+02   1.4000000e+02   4.0000000e-02   3.0000000e-02   1.0000000e-09
   5.0000000e+02   1.4000000e+02   4.0000000e-02   3.0000000e-02   1.0000000e-09
   5.0000000e+02   1.4000000e+02   4.0000000e-02   3.0000000e-02   1.0000000e-09
   5.0000000e+02   1.4000000e+02   4.0000000e-02   3.0000000e-02   1.0000000e-09
   5.0000000e+02   1.4000000e+02   4.0000000e-02   3.0000000e-02   1.0000000e-09
   5.0000000e+02   1.4000000e+02   4.0000000e-02   3.0000000e-02   1.0000000e-09
   5.0000000e+02   1.4000000e+02   4.0000000e-02   3.0000000e-02   1.0000000e-09
   5.0000000e+02   1.4000000e+02   4.0000000e-02   3.0000000e-02   1.0000000e-09
   5.0000000e+02   1.4000000e+02   4.0000000e-02   3.0000000e-02   1.0000000e-09
   5.0000000e+02   1.4000000e+02   4.0000000e-03   3.0000000e-02   1.0000000e-09
   5.0000000e+02   1.4000000e+02   4.0000000e-02   3.0000000e-02   1.0000000e-09
   5.0000000e+02   1.4000000e+02   4.0000000e-02   3.0000000e-02   1.0000000e-09
   5.0000000e+02   1.4000000e+02   4.0000000e-02   3.0000000e-02   1.0000000e-09
   5.0000000e+02   1.4000000e+02   4.0000000e-03   3.0000000e-02   1.0000000e-09
   5.0000000e+02   1.4000000e+02   4.0000000e-02   3.0000000e-02   1.0000000e-09
   5.0000000e+02   1.4000000e+02   4.0000000e-02   3.0000000e-02   1.0000000e-09
   5.0000000e+02   1.4000000e+02   4.0000000e-02   3.0000000e-02   1.0000000e-09
   5.0000000e+02   1.4000000e+02   4.0000000e-02   3.0000000e-02   1.0000000e-09
   5.0000000e+02   1.4000000e+02   4.0000000e-02   3.0000000e-02   1.0000000e-09
   5.0000000e+02   1.4000000e+02   4.0000000e-02   3.0000000e-02   1.0000000e-09
   5.0000000e+02   1.4000000e+02   4.0000000e-02   3.0000000e-02   1.0000000e-09
   5.0000000e+02   1.4000000e+02   4.0000000e-02   3.0000000e-02   1.0000000e-09
   5.0000000e+02   1.4000000e+02   4.0000000e-02   3.0000000e-02   1.0000000e-09
   5.0000000e+02   1.4000000e+02   4.0000000e-02   3.0000000e-02   1.0000000e-09
   5.0000000e+02   1.4000000e+02   4.0000000e-02   3.0000000e-02   1.0000000e-09
   5.0000000e+02   1.4000000e+02   4.0000000e-02   3.0000000e-02   1.0000000e-09
   5.0000000e+02   1.4000000e+02   4.0000000e-02   3.0000000e-02   1.0000000e-09
   5.0000000e+02   1.4000000e+02   4.0000000e-02   3.0000000e-02   1.0000000e-09
   5.0000000e+02   1.4000000e+02   4.0000000e-02   3.0000000e-02   1.0000000e-09
   5.0000000e+02   1.4000000e+02   4.0000000e-02   3.0000000e-02   1.0000000e-09
   5.0000000e+02   1.4000000e+02   4.0000000e-02   3.0000000e-02   1.0000000e-09
   5.0000000e+02   1.4000000e+02   4.0000000e-02   3.0000000e-02   1.0000000e-09
   5.0000000e+02   1.4000000e+02   4.0000000e-02   3.0000000e-02   1.0000000e-09
   5.0000000e+02   1.4000000e+02   4.0000000e-02   3.0000000e-02   1.0000000e-09
   5.0000000e+02   1.4000000e+02   4.0000000e-02   3.0000000e-02   1.0000000e-09
   5.0000000e+02   1.4000000e+02   4.0000000e-02   3.0000000e-02   1.0000000e-09
   5.0000000e+02   1.4000000e+02   4.0000000e-02   3.0000000e-02   1.0000000e-09
   5.0000000e+02   1.4000000e+02   4.0000000e-02   3.0000000e-02   1.0000000e-09
   5.0000000e+02   1.4000000e+02   4.0000000e-02   3.0000000e-02   1.0000000e-09
   5.0000000e+02   1.4000000e+02   4.0000000e-02   3.0000000e-02   1.0000000e-09
   5.0000000e+02   1.4000000e+02   4.0000000e-02   3.0000000e-02   1.0000000e-09
   5.0000000e+02   1.4000000e+02   4.0000000e-02   3.0000000e-02   1.0000000e-09
   5.0000000e+02   1.4000000e+02   4.0000000e-02   3.0000000e-02   1.0000000e-09
   5.0000000e+02   1.4000000e+02   4.0000000e-02   3.0000000e-02   1.0000000e-09
   5.0000000e+02   1.4000000e+02   4.0000000e-02   3.0000000e-02   1.0000000e-09
   5.0000000e+02   1.4000000e+02   4.0000000e-02   3.0000000e-02   1.0000000e-09
   5.0000000e+02   1.4000000e+02   4.0000000e-02   3.0000000e-02   1.0000000e-09
   5.0000000e+02   1.4000000e+02   4.0000000e-02   3.0000000e-02   1.0000000e-09
   5.0000000e+02   1.4000000e+02   4.0000000e-02   3.0000000e-02   1.0000000e-09
   5.0000000e+02   1.4000000e+02   4.0000000e-02   3.0000000e-02   1.0000000e-09
   5.0000000e+02   1.4000000e+02   4.0000000e-02   3.0000000e-02   1.0000000e-09
   5.0000000e+02   1.4000000e+02   4.0000000e-02   3.0000000e-02   1.0000000e-09
   5.0000000e+02   1.4000000e+02   4.0000000e-02   3.0000000e-02   1.0000000e-09
   5.0000000e+02   1.4000000e+02   4.0000000e-02   3.0000000e-02   1.0000000e-09
   5.0000000e+02   1.4000000e+02   4.0000000e-02   3.0000000e-02   1.0000000e-09
   5.0000000e+02   1.4000000e+02   4.0000000e-02   3.0000000e-02   1.0000000e-09
   5.0000000e+02   1.4000000e+02   4.0000000e-02   3.0000000e-02   1.0000000e-09
   5.0000000e+02   1.4000000e+02   4.0000000e-02   3.0000000e-02   1.0000000e-09
   5.0000000e+02   1.4000000e+02   4.0000000e-02   3.0000000e-02   1.0000000e-09
   5.0000000e+02   1.4000000e+02   4.0000000e-02   3.0000000e-02   1.0000000e-09
   5.0000000e+02   1.4000000e+02   4.0000000e-02   3.0000000e-02   1.0000000e-09
   5.0000000e+02   1.4000000e+02   4.0000000e-02   3.0000000e-02   1.0000000e-09
   5.0000000e+02   1.4000000e+02   4.0000000e-02   3.0000000e-02   1.0000000e-09
   5.0000000e+02   1.4000000e+02   4.0000000e-02   3.0000000e-02   1.0000000e-09
   5.0000000e+02   1.4000000e+02   4.0000000e-02   3.0000000e-02   1.0000000e-09
   5.0000000e+02   1.4000000e+02   4.0000000e-02   3.0000000e-02   1.0000000e-09
   5.0000000e+02   1.4000000e+02   4.0000000e-02   3.0000000e-02   1.0000000e-09
   5.0000000e+02   1.4000000e+02   4.0000000e-02   3.0000000e-02   1.0000000e-09
   5.0000000e+02   1.4000000e+02   4.0000000e-02   3.0000000e-02   1.0000000e-09
   5.0000000e+02   1.4000000e+02   4.0000000e-02   3.0000000e-02   1.0000000e-09
   5.0000000e+02   1.4000000e+02   4.0000000e-02   3.0000000e-02   1.0000000e-09
   5.0000000e+02   1.4000000e+02   4.0000000e-02   3.0000000e-02   1.0000000e-09
   5.0000000e+02   1.4000000e+02   4.0000000e-02   3.0000000e-02   1.0000000e-09
   5.0000000e+02   1.4000000e+02   4.0000000e-02   3.0000000e-02   1.0000000e-09
   5.0000000e+02   1.4000000e+02   4.0000000e-02   3.0000000e-02   1.0000000e-09
   5.0000000e+02   1.4000000e+02   4.0000000e-02   3.0000000e-02   1.0000000e-09
   5.0000000e+02   1.4000000e+02   4.0000000e-02   3.0000000e-02   1.0000000e-09
   5.0000000e+02   1.4000000e+02   4.0000000e-02   3.0000000e-02   1.0000000e-09
   5.0000000e+02   1.4000000e+02   4.0000000e-02   3.0000000e-02   1.0000000e-09
   5.0000000e+02   1.4000000e+02   4.0000000e-02   3.0000000e-02   1.0000000e-09
   5.0000000e+02   1.4000000e+02   4.0000000e-02   3.0000000e-02   1.0000000e-09
   5.0000000e+02   1.4000000e+02   4.0000000e-02   3.0000000e-02   1.0000000e-09
   5.0000000e+02   1.4000000e+02   4.0000000e-02   3.0000000e-02   1.0000000e-09
   5.0000000e+02   1.4000000e+02   4.0021000e-03   3.0000000e-02   1.0000000e-09
   5.0000000e+02   1.4000000e+02   4.0000000e-02   3.0000000e-02   1.0000000e-09
   5.0000000e+02   1.4000000e+02   2.2002160e-02   3.0000000e-02   1.0000000e-09
   5.0000000e+02   1.4000000e+02   4.0000000e-02   3.0000000e-02   1.0000000e-09
   5.0000000e+02   1.4000000e+02   4.0000000e-02   3.0000000e-02   1.0000000e-09
   5.0000000e+02   1.4000000e+02   4.0000000e-02   3.0000000e-02   1.0000000e-09
   5.0000000e+02   1.4000000e+02   4.0000000e-02   3.0000000e-02   1.0000000e-09
   5.0000000e+02   1.4000000e+02   4.0000000e-02   3.0000000e-02   1.0000000e-09
   5.0000000e+02   1.4000000e+02   4.0000000e-02   3.0000000e-02   1.0000000e-09
   5.0000000e+02   1.4000000e+02   4.0000000e-02   3.0000000e-02   1.0000000e-09
   5.0000000e+02   1.4000000e+02   4.0000000e-02   3.0000000e-02   1.0000000e-09
   5.0000000e+02   1.4000000e+02   4.0000000e-02   3.0000000e-02   1.0000000e-09
   5.0000000e+02   1.4000000e+02   4.0000000e-02   3.0000000e-02   1.0000000e-09
   5.0000000e+02   1.4000000e+02   4.0000000e-02   3.0000000e-02   1.0000000e-09
   5.0000000e+02   1.4000000e+02   4.0000000e-02   3.0000000e-02   1.0000000e-09
   5.0000000e+02   1.4000000e+02   4.0000000e-02   3.0000000e-02   1.0000000e-09
   5.0000000e+02   1.4000000e+02   4.0000000e-02   3.0000000e-02   1.0000000e-09
   5.0000000e+02   1.4000000e+02   4.0000000e-02   3.0000000e-02   1.0000000e-09
   5.0000000e+02   1.4000000e+02   4.0000000e-02   3.0000000e-02   1.0000000e-09
   5.0000000e+02   1.4000000e+02   4.0000000e-02   3.0000000e-02   1.0000000e-09
   5.0000000e+02   1.4000000e+02   4.0000000e-02   3.0000000e-02   1.0000000e-09
   5.0000000e+02   1.4000000e+02   4.0000000e-02   3.0000000e-02   1.0000000e-09
   5.0000000e+02   1.4000000e+02   4.0000000e-02   3.0000000e-02   1.0000000e-09
   5.0000000e+02   1.4000000e+02   4.0000000e-02   3.0000000e-02   1.0000000e-09
   5.0000000e+02   1.4000000e+02   4.0000000e-02   3.0000000e-02   1.0000000e-09
   5.0000000e+02   1.4000000e+02   4.0000000e-02   3.0000000e-02   1.0000000e-09
   5.0000000e+02   1.4000000e+02   4.0000000e-02   3.0000000e-02   1.0000000e-09
   5.0000000e+02   1.4000000e+02   4.0000000e-02   3.0000000e-02   1.0000000e-09
   5.0000000e+02   1.4000000e+02   4.0000000e-02   3.0000000e-02   1.0000000e-09
   5.0000000e+02   1.4000000e+02   4.0000000e-02   3.0000000e-02   1.0000000e-09
   5.0000000e+02   1.4000000e+02   4.0000000e-02   3.0000000e-02   1.0000000e-09
   5.0000000e+02   1.4000000e+02   4.0000000e-02   3.0000000e-02   1.0000000e-09
   5.0000000e+02   1.4000000e+02   4.0000000e-02   3.0000000e-02   1.0000000e-09
   5.0000000e+02   1.4000000e+02   4.0000000e-02   3.0000000e-02   1.0000000e-09
   5.0000000e+02   1.4000000e+02   4.0000000e-02   3.0000000e-02   1.0000000e-09
   5.0000000e+02   1.4000000e+02   4.0000000e-02   3.0000000e-02   1.0000000e-09
   5.0000000e+02   1.4000000e+02   4.0000000e-02   3.0000000e-02   1.0000000e-09
   5.0000000e+02   1.4000000e+02   4.0000000e-02   3.0000000e-02   1.0000000e-09
   5.0000000e+02   1.4000000e+02   4.0000000e-02   3.0000000e-02   1.0000000e-09
   5.0000000e+02   1.4000000e+02   4.0000000e-02   3.0000000e-02   1.0000000e-09
   5.0000000e+02   1.4000000e+02   4.0000000e-02   3.0000000e-02   1.0000000e-09
   5.0000000e+02   1.4000000e+02   4.0000000e-02   3.0000000e-02   1.0000000e-09
   5.0000000e+02   1.4000000e+02   4.0000000e-02   3.0000000e-02   1.0000000e-09
   5.0000000e+02   1.4000000e+02   4.0000000e-02   3.0000000e-02   1.0000000e-09
   5.0000000e+02   1.4000000e+02   4.0000000e-02   3.0000000e-02   1.0000000e-09
   5.0000000e+02   1.4000000e+02   4.0000000e-02   3.0000000e-02   1.0000000e-09
   5.0000000e+02   1.4000000e+02   4.0000000e-02   3.0000000e-02   1.0000000e-09
   5.0000000e+02   1.4000000e+02   4.0000000e-02   3.0000000e-02   1.0000000e-09
   5.0000000e+02   1.4000000e+02   4.0000000e-02   3.0000000e-02   1.0000000e-09
   5.0000000e+02   1.4000000e+02   4.0000000e-02   3.0000000e-02   1.0000000e-09
   5.0000000e+02   1.4000000e+02   4.0000000e-02   3.0000000e-02   1.0000000e-09
   5.0000000e+02   1.4000000e+02   4.0000000e-02   3.0000000e-02   1.0000000e-09
   5.0000000e+02   1.4000000e+02   4.0000000e-03   3.0000000e-02   1.0000000e-09
   5.0000000e+02   1.4000000e+02   4.0000000e-03   3.0000000e-02   1.0000000e-09
   5.0000000e+02   1.4000000e+02   4.0000000e-02   3.0000000e-02   1.0000000e-09
   5.0000000e+02   1.4000000e+02   4.0000000e-02   3.0000000e-02   1.0000000e-09
   5.0000000e+02   1.4000000e+02   4.0000000e-03   3.0000000e-02   1.0000000e-09
   5.0000000e+02   1.4000000e+02   4.0000000e-03   3.0000000e-02   1.0000000e-09
   5.0000000e+02   1.4000000e+02   3.1002340e-02   3.0000000e-02   1.0000000e-09
   5.0000000e+02   1.4000000e+02   4.0000000e-02   3.0000000e-02   1.0000000e-09
   5.0000000e+02   1.4000000e+02   4.0000000e-03   3.0000000e-02   1.0000000e-09
   5.0000000e+02   1.4000000e+02   4.0000000e-03   3.0000000e-02   1.0000000e-09
   5.0000000e+02   1.4000000e+02   4.0000000e-03   3.0000000e-02   1.0000000e-09
   5.0000000e+02   1.4000000e+02   4.0000000e-03   3.0000000e-02   1.0000000e-09
   5.0000000e+02   1.4000000e+02   4.0000000e-03   3.0000000e-02   1.0000000e-09
   5.0000000e+02   1.4000000e+02   4.0000000e-03   3.0000000e-02   1.0000000e-09
   5.0000000e+02   1.4000000e+02   4.0000000e-03   3.0000000e-02   1.0000000e-09
   5.0000000e+02   1.4000000e+02   4.0000000e-03   3.0000000e-02   1.0000000e-09
   5.0000000e+02   1.4000000e+02   4.0000000e-03   3.0000000e-02   1.0000000e-09
   5.0000000e+02   1.4000000e+02   4.0000000e-03   3.0000000e-02   1.0000000e-09
   5.0000000e+02   1.4000000e+02   4.0000000e-03   3.0000000e-02   1.0000000e-09
   5.0000000e+02   1.4000000e+02   4.0000000e-02   3.0000000e-02   1.0000000e-09
   5.0000000e+02   1.4000000e+02   4.0000000e-03   3.0000000e-02   1.0000000e-09
   5.0000000e+02   1.4000000e+02   4.0000000e-02   3.0000000e-02   1.0000000e-09
   5.0000000e+02   1.4000000e+02   4.0000000e-03   3.0000000e-02   1.0000000e-09
   5.0000000e+02   1.4000000e+02   4.0000000e-02   3.0000000e-02   1.0000000e-09
   5.0000000e+02   1.4000000e+02   4.0000000e-03   3.0000000e-02   1.0000000e-09
   5.0000000e+02   1.4000000e+02   4.0000000e-02   3.0000000e-02   1.0000000e-09
   5.0000000e+02   1.4000000e+02   4.0000000e-03   3.0000000e-02   1.0000000e-09
   5.0000000e+02   1.4000000e+02   4.0000000e-02   3.0000000e-02   1.0000000e-09
   5.0000000e+02   1.4000000e+02   4.0000000e-03   3.0000000e-02   1.0000000e-09
   5.0000000e+02   1.4000000e+02   4.0000000e-02   3.0000000e-02   1.0000000e-09
   5.0000000e+02   1.4000000e+02   4.0000000e-03   3.0000000e-02   1.0000000e-09
   5.0000000e+02   1.4000000e+02   4.0000000e-02   3.0000000e-02   1.0000000e-09
   5.0000000e+02   1.4000000e+02   4.0000000e-03   3.0000000e-02   1.0000000e-09
   5.0000000e+02   1.4000000e+02   4.0000000e-02   3.0000000e-02   1.0000000e-09
   5.0000000e+02   1.4000000e+02   4.0000000e-03   3.0000000e-02   1.0000000e-09
   5.0000000e+02   1.4000000e+02   4.0000000e-02   3.0000000e-02   1.0000000e-09
   5.0000000e+02   1.4000000e+02   4.0000000e-03   3.0000000e-02   1.0000000e-09
   5.0000000e+02   1.4000000e+02   4.0000000e-02   3.0000000e-02   1.0000000e-09
   5.0000000e+02   1.4000000e+02   4.0000000e-03   3.0000000e-02   1.0000000e-09
   5.0000000e+02   1.4000000e+02   4.0000000e-02   3.0000000e-02   1.0000000e-09
   5.0000000e+02   1.4000000e+02   4.0000000e-03   3.0000000e-02   1.0000000e-09
   5.0000000e+02   1.4000000e+02   4.0000000e-02   3.0000000e-02   1.0000000e-09
   5.0000000e+02   1.4000000e+02   4.0000000e-03   3.0000000e-02   1.0000000e-09
   5.0000000e+02   1.4000000e+02   4.0000000e-02   3.0000000e-02   1.0000000e-09
   5.0000000e+02   1.4000000e+02   4.0000000e-03   3.0000000e-02   1.0000000e-09
   5.0000000e+02   1.4000000e+02   4.0000000e-02   3.0000000e-02   1.0000000e-09
   5.0000000e+02   1.4000000e+02   4.0000000e-03   3.0000000e-02   1.0000000e-09
   5.0000000e+02   1.4000000e+02   4.0000000e-02   3.0000000e-02   1.0000000e-09
   5.0000000e+02   1.4000000e+02   4.0000000e-03   3.0000000e-02   1.0000000e-09
   5.0000000e+02   1.4000000e+02   4.0000000e-02   3.0000000e-02   1.0000000e-09
   5.0000000e+02   1.4000000e+02   4.0000000e-03   3.0000000e-02   1.0000000e-09
   5.0000000e+02   1.4000000e+02   4.0000000e-02   3.0000000e-02   1.0000000e-09
   5.0000000e+02   1.4000000e+02   4.0000000e-03   3.0000000e-02   1.0000000e-09
   5.0000000e+02   1.4000000e+02   4.0000000e-02   3.0000000e-02   1.0000000e-09
   5.0000000e+02   1.4000000e+02   4.0000000e-03   3.0000000e-02   1.0000000e-09
   5.0000000e+02   1.4000000e+02   4.0000000e-02   3.0000000e-02   1.0000000e-09
   5.0000000e+02   1.4000000e+02   4.0000000e-03   3.0000000e-02   1.0000000e-09
   5.0000000e+02   1.4000000e+02   4.0000000e-02   3.0000000e-02   1.0000000e-09
   5.0000000e+02   1.4000000e+02   4.0000000e-03   3.0000000e-02   1.0000000e-09
   5.0000000e+02   1.4000000e+02   4.0000000e-02   3.0000000e-02   1.0000000e-09
   5.0000000e+02   1.4000000e+02   4.0000000e-03   3.0000000e-02   1.0000000e-09
   5.0000000e+02   1.4000000e+02   4.0000000e-02   3.0000000e-02   1.0000000e-09
   5.0000000e+02   1.4000000e+02   4.0000000e-03   3.0000000e-02   1.0000000e-09
   5.0000000e+02   1.4000000e+02   4.0000000e-02   3.0000000e-02   1.0000000e-09
   5.0000000e+02   1.4000000e+02   4.0000000e-03   3.0000000e-02   1.0000000e-09
   5.0000000e+02   1.4000000e+02   4.0000000e-02   3.0000000e-02   1.0000000e-09
   5.0000000e+02   1.4000000e+02   4.0000000e-03   3.0000000e-02   1.0000000e-09
   5.0000000e+02   1.4000000e+02   4.0000000e-02   3.0000000e-02   1.0000000e-09
   5.0000000e+02   1.4000000e+02   4.0000000e-03   3.0000000e-02   1.0000000e-09
   5.0000000e+02   1.4000000e+02   4.0000000e-02   3.0000000e-02   1.0000000e-09
   5.0000000e+02   1.4000000e+02   4.0000000e-03   3.0000000e-02   1.0000000e-09
   5.0000000e+02   1.4000000e+02   4.0000000e-02   3.0000000e-02   1.0000000e-09
   5.0000000e+02   1.4000000e+02   4.0000000e-03   3.0000000e-02   1.0000000e-09
   5.0000000e+02   1.4000000e+02   4.0000000e-02   3.0000000e-02   1.0000000e-09
   5.0000000e+02   1.4000000e+02   4.0000000e-03   3.0000000e-02   1.0000000e-09
   5.0000000e+02   1.4000000e+02   4.0000000e-02   3.0000000e-02   1.0000000e-09
   5.0000000e+02   1.4000000e+02   4.0000000e-03   3.0000000e-02   1.0000000e-09
   5.0000000e+02   1.4000000e+02   4.0000000e-02   3.0000000e-02   1.0000000e-09
   5.0000000e+02   1.4000000e+02   4.0000000e-03   3.0000000e-02   1.0000000e-09
   5.0000000e+02   1.4000000e+02   4.0000000e-02   3.0000000e-02   1.0000000e-09
   5.0000000e+02   1.4000000e+02   4.0000000e-03   3.0000000e-02   1.0000000e-09
   5.0000000e+02   1.4000000e+02   4.0000000e-02   3.0000000e-02   1.0000000e-09
   5.0000000e+02   1.4000000e+02   4.0000000e-03   3.0000000e-02   1.0000000e-09
   5.0000000e+02   1.4000000e+02   4.0000000e-02   3.0000000e-02   1.0000000e-09
   5.0000000e+02   1.4000000e+02   4.0000000e-03   3.0000000e-02   1.0000000e-09
   5.0000000e+02   1.4000000e+02   4.0000000e-02   3.0000000e-02   1.0000000e-09
   5.0000000e+02   1.4000000e+02   4.0000000e-03   3.0000000e-02   1.0000000e-09
   5.0000000e+02   1.4000000e+02   4.0000000e-02   3.0000000e-02   1.0000000e-09
   5.0000000e+02   1.4000000e+02   4.0000000e-03   3.0000000e-02   1.0000000e-09
   5.0000000e+02   1.4000000e+02   4.0000000e-02   3.0000000e-02   1.0000000e-09
   5.0000000e+02   1.4000000e+02   4.0000000e-03   3.0000000e-02   1.0000000e-09
   5.0000000e+02   1.4000000e+02   4.0000000e-02   3.0000000e-02   1.0000000e-09
   5.0000000e+02   1.4000000e+02   4.0000000e-03   3.0000000e-02   1.0000000e-09
   5.0000000e+02   1.4000000e+02   4.0000000e-02   3.0000000e-02   1.0000000e-09
   5.0000000e+02   1.4000000e+02   4.0000000e-03   3.0000000e-02   1.0000000e-09
   5.0000000e+02   1.4000000e+02   4.0000000e-02   3.0000000e-02   1.0000000e-09
   5.0000000e+02   1.3000000e+02   4.0000000e-03   3.0000000e-02   3.0000000e-02
   5.0000000e+02   1.4000000e+02   4.0000000e-02   3.0000000e-02   1.0000000e-09
   5.0000000e+02   1.3000000e+02   4.0000000e-03   3.0000000e-02   3.0000000e-02
   5.0000000e+02   1.4000000e+02   4.0000000e-02   3.0000000e-02   1.0000000e-09
   5.0000000e+02   1.3000000e+02   4.0000000e-03   3.0000000e-02   3.0000000e-02
   5.0000000e+02   1.4000000e+02   4.0000000e-02   3.0000000e-02   1.0000000e-09
   5.0000000e+02   1.3000000e+02   4.0000000e-03   3.0000000e-02   3.0000000e-02
   5.0000000e+02   1.4000000e+02   4.0000000e-02   3.0000000e-02   1.0000000e-09
   5.0000000e+02   1.3000000e+02   4.0000000e-03   3.0000000e-02   3.0000000e-02
   5.0000000e+02   1.4000000e+02   4.0000000e-02   3.0000000e-02   1.0000000e-09
   5.0000000e+02   1.3000000e+02   4.0000000e-03   3.0000000e-02   3.0000000e-02
   5.0000000e+02   1.4000000e+02   4.0000000e-02   3.0000000e-02   1.0000000e-09
   5.0000000e+02   1.3000000e+02   4.0000000e-03   3.0000000e-02   3.0000000e-02
   5.0000000e+02   1.4000000e+02   4.0000000e-02   3.0000000e-02   1.0000000e-09
   5.0000000e+02   1.3000000e+02   4.0000000e-03   3.0000000e-02   3.0000000e-02
   5.0000000e+02   1.4000000e+02   4.0000000e-02   3.0000000e-02   1.0000000e-09
   5.0000000e+02   1.3000000e+02   4.0000000e-03   3.0000000e-02   3.0000000e-02
   5.0000000e+02   1.4000000e+02   4.0000000e-02   3.0000000e-02   1.0000000e-09
   5.0000000e+02   1.3000000e+02   4.0000000e-03   3.0000000e-02   3.0000000e-02
   5.0000000e+02   1.4000000e+02   4.0000000e-02   3.0000000e-02   1.0000000e-09
   5.0000000e+02   1.3000000e+02   4.0000000e-03   3.0000000e-02   3.0000000e-02
   5.0000000e+02   1.4000000e+02   4.0000000e-02   3.0000000e-02   1.0000000e-09
   5.0000000e+02   1.3000000e+02   4.0000000e-03   3.0000000e-02   3.0000000e-02
   5.0000000e+02   1.4000000e+02   1.2996640e-02   3.0000000e-02   1.0000000e-09
   5.0000000e+02   1.3000000e+02   4.0000000e-03   3.0000000e-02   3.0000000e-02
   5.0000000e+02   1.4000000e+02   2.1997900e-02   3.0000000e-02   1.0000000e-09
   5.0000000e+02   1.3000000e+02   4.0000000e-03   3.0000000e-02   3.0000000e-02
   5.0000000e+02   1.3000000e+02   4.0000000e-03   3.0000000e-02   3.0000000e-02
   5.0000000e+02   1.4000000e+02   4.0000000e-02   3.0000000e-02   1.0000000e-09
   5.0000000e+02   1.4000000e+02   4.0000000e-02   3.0000000e-02   1.0000000e-09
   5.0000000e+02   1.3000000e+02   4.0000000e-03   3.0000000e-02   3.0000000e-02
   5.0000000e+02   1.3000000e+02   4.0000000e-03   3.0000000e-02   3.0000000e-02
   5.0000000e+02   1.4000000e+02   4.0000000e-02   3.0000000e-02   1.0000000e-09
   5.0000000e+02   1.4000000e+02   4.0000000e-02   3.0000000e-02   1.0000000e-09
   5.0000000e+02   1.4000000e+02   1.2997780e-02   3.0000000e-02   1.0000000e-09
   5.0000000e+02   1.4000000e+02   4.0000000e-02   3.0000000e-02   1.0000000e-09
   5.0000000e+02   1.4000000e+02   3.0997780e-02   3.0000000e-02   1.0000000e-09
   5.0000000e+02   1.4000000e+02   4.0000000e-02   3.0000000e-02   1.0000000e-09
   5.0000000e+02   1.4000000e+02   4.0000000e-02   3.0000000e-02   1.0000000e-09
   5.0000000e+02   1.4000000e+02   4.0000000e-02   3.0000000e-02   1.0000000e-09
   5.0000000e+02   1.4000000e+02   4.0000000e-02   3.0000000e-02   1.0000000e-09
   5.0000000e+02   1.4000000e+02   4.0000000e-02   3.0000000e-02   1.0000000e-09
   5.0000000e+02   1.4000000e+02   4.0000000e-02   3.0000000e-02   1.0000000e-09
   5.0000000e+02   1.4000000e+02   4.0000000e-02   3.0000000e-02   1.0000000e-09
   5.0000000e+02   1.4000000e+02   4.0000000e-02   3.0000000e-02   1.0000000e-09
   5.0000000e+02   1.4000000e+02   4.0000000e-02   3.0000000e-02   1.0000000e-09
   5.0000000e+02   1.4000000e+02   4.0000000e-02   3.0000000e-02   1.0000000e-09
   5.0000000e+02   1.4000000e+02   4.0000000e-02   3.0000000e-02   1.0000000e-09
   5.0000000e+02   1.4000000e+02   4.0000000e-02   3.0000000e-02   1.0000000e-09
   5.0000000e+02   1.4000000e+02   4.0000000e-02   3.0000000e-02   1.0000000e-09
   5.0000000e+02   1.4000000e+02   4.0000000e-02   3.0000000e-02   1.0000000e-09
   5.0000000e+02   1.4000000e+02   4.0000000e-02   3.0000000e-02   1.0000000e-09
   5.0000000e+02   1.4000000e+02   4.0000000e-02   3.0000000e-02   1.0000000e-09
   5.0000000e+02   1.4000000e+02   4.0000000e-02   3.0000000e-02   1.0000000e-09
   5.0000000e+02   1.4000000e+02   4.0000000e-02   3.0000000e-02   1.0000000e-09
   5.0000000e+02   1.4000000e+02   4.0000000e-02   3.0000000e-02   1.0000000e-09
   5.0000000e+02   1.4000000e+02   4.0000000e-02   3.0000000e-02   1.0000000e-09
   5.0000000e+02   1.4000000e+02   4.0000000e-02   3.0000000e-02   1.0000000e-09
   5.0000000e+02   1.4000000e+02   4.0000000e-02   3.0000000e-02   1.0000000e-09
   5.0000000e+02   1.4000000e+02   4.0000000e-02   3.0000000e-02   1.0000000e-09
   5.0000000e+02   1.4000000e+02   4.0000000e-02   3.0000000e-02   1.0000000e-09
   5.0000000e+02   1.4000000e+02   4.0000000e-02   3.0000000e-02   1.0000000e-09
   5.0000000e+02   1.4000000e+02   4.0000000e-02   3.0000000e-02   1.0000000e-09
   5.0000000e+02   1.4000000e+02   4.0000000e-02   3.0000000e-02   1.0000000e-09
   5.0000000e+02   1.4000000e+02   4.0000000e-02   3.0000000e-02   1.0000000e-09
   5.0000000e+02   1.4000000e+02   4.0000000e-02   3.0000000e-02   1.0000000e-09
   5.0000000e+02   1.4000000e+02   4.0000000e-02   3.0000000e-02   1.0000000e-09
   5.0000000e+02   1.4000000e+02   4.0000000e-02   3.0000000e-02   1.0000000e-09
   5.0000000e+02   1.4000000e+02   4.0000000e-02   3.0000000e-02   1.0000000e-09
   5.0000000e+02   1.4000000e+02   4.0000000e-02   3.0000000e-02   1.0000000e-09
   5.0000000e+02   1.4000000e+02   4.0000000e-02   3.0000000e-02   1.0000000e-09
   5.0000000e+02   1.4000000e+02   4.0000000e-02   3.0000000e-02   1.0000000e-09
   5.0000000e+02   1.4000000e+02   4.0000000e-02   3.0000000e-02   1.0000000e-09
   5.0000000e+02   1.4000000e+02   4.0000000e-02   3.0000000e-02   1.0000000e-09
   5.0000000e+02   1.4000000e+02   4.0000000e-02   3.0000000e-02   1.0000000e-09
   5.0000000e+02   1.4000000e+02   4.0000000e-02   3.0000000e-02   1.0000000e-09
   5.0000000e+02   1.4000000e+02   4.0000000e-02   3.0000000e-02   1.0000000e-09
   5.0000000e+02   1.4000000e+02   4.0000000e-02   3.0000000e-02   1.0000000e-09
   5.0000000e+02   1.4000000e+02   4.0000000e-02   3.0000000e-02   1.0000000e-09
   5.0000000e+02   1.4000000e+02   4.0000000e-02   3.0000000e-02   1.0000000e-09
   5.0000000e+02   1.4000000e+02   4.0000000e-02   3.0000000e-02   1.0000000e-09
   5.0000000e+02   1.4000000e+02   4.0000000e-02   3.0000000e-02   1.0000000e-09
   5.0000000e+02   1.3000000e+02   4.0000000e-03   3.0000000e-02   3.0000000e-02
   5.0000000e+02   1.4000000e+02   4.0000000e-02   3.0000000e-02   1.0000000e-09
   5.0000000e+02   1.4000000e+02   4.0000000e-02   3.0000000e-02   1.0000000e-09
   5.0000000e+02   1.4000000e+02   4.0000000e-02   3.0000000e-02   1.0000000e-09
   5.0000000e+02   1.4000000e+02   4.0000000e-02   3.0000000e-02   1.0000000e-09
   5.0000000e+02   1.4000000e+02   4.0000000e-02   3.0000000e-02   1.0000000e-09
   5.0000000e+02   1.4000000e+02   4.0000000e-02   3.0000000e-02   1.0000000e-09
   5.0000000e+02   1.4000000e+02   4.0000000e-02   3.0000000e-02   1.0000000e-09
   5.0000000e+02   1.4000000e+02   4.0000000e-02   3.0000000e-02   1.0000000e-09
   5.0000000e+02   1.4000000e+02   4.0000000e-02   3.0000000e-02   1.0000000e-09
   5.0000000e+02   1.4000000e+02   4.0000000e-02   3.0000000e-02   1.0000000e-09
   5.0000000e+02   1.4000000e+02   4.0000000e-02   3.0000000e-02   1.0000000e-09
   5.0000000e+02   1.4000000e+02   4.0000000e-02   3.0000000e-02   1.0000000e-09
   5.0000000e+02   1.4000000e+02   4.0000000e-02   3.0000000e-02   1.0000000e-09
   5.0000000e+02   1.4000000e+02   4.0000000e-02   3.0000000e-02   1.0000000e-09
   5.0000000e+02   1.4000000e+02   4.0000000e-02   3.0000000e-02   1.0000000e-09
   5.0000000e+02   1.4000000e+02   4.0000000e-02   3.0000000e-02   1.0000000e-09
   5.0000000e+02   1.4000000e+02   4.0000000e-02   3.0000000e-02   1.0000000e-09
   5.0000000e+02   1.4000000e+02   4.0000000e-02   3.0000000e-02   1.0000000e-09
   5.0000000e+02   1.4000000e+02   4.0000000e-02   3.0000000e-02   1.0000000e-09
   5.0000000e+02   1.4000000e+02   4.0000000e-02   3.0000000e-02   1.0000000e-09
   5.0000000e+02   1.4000000e+02   4.0000000e-02   3.0000000e-02   1.0000000e-09
   5.0000000e+02   1.4000000e+02   4.0000000e-02   3.0000000e-02   1.0000000e-09
   5.0000000e+02   1.4000000e+02   4.0000000e-02   3.0000000e-02   1.0000000e-09
   5.0000000e+02   1.4000000e+02   4.0000000e-02   3.0000000e-02   1.0000000e-09
   5.0000000e+02   1.4000000e+02   4.0000000e-02   3.0000000e-02   1.0000000e-09
   5.0000000e+02   1.4000000e+02   4.0000000e-02   3.0000000e-02   1.0000000e-09
   5.0000000e+02   1.4000000e+02   4.0000000e-02   3.0000000e-02   1.0000000e-09
   5.0000000e+02   1.4000000e+02   4.0000000e-02   3.0000000e-02   1.0000000e-09
   5.0000000e+02   1.4000000e+02   4.0000000e-02   3.0000000e-02   1.0000000e-09
   5.0000000e+02   1.4000000e+02   4.0000000e-02   3.0000000e-02   1.0000000e-09
   5.0000000e+02   1.4000000e+02   4.0000000e-02   3.0000000e-02   1.0000000e-09
   5.0000000e+02   1.4000000e+02   4.0000000e-02   3.0000000e-02   1.0000000e-09
   5.0000000e+02   1.4000000e+02   4.0000000e-02   3.0000000e-02   1.0000000e-09
   5.0000000e+02   1.4000000e+02   4.0000000e-02   3.0000000e-02   1.0000000e-09
   5.0000000e+02   1.4000000e+02   4.0000000e-02   3.0000000e-02   1.0000000e-09
   5.0000000e+02   1.4000000e+02   4.0000000e-02   3.0000000e-02   1.0000000e-09
   5.0000000e+02   1.4000000e+02   4.0000000e-02   3.0000000e-02   1.0000000e-09
   5.0000000e+02   1.4000000e+02   4.0000000e-02   3.0000000e-02   1.0000000e-09
   5.0000000e+02   1.4000000e+02   4.0000000e-02   3.0000000e-02   1.0000000e-09
   5.0000000e+02   1.4000000e+02   4.0000000e-02   3.0000000e-02   1.0000000e-09
   5.0000000e+02   1.4000000e+02   4.0000000e-02   3.0000000e-02   1.0000000e-09
   5.0000000e+02   1.4000000e+02   4.0000000e-02   3.0000000e-02   1.0000000e-09
   5.0000000e+02   1.4000000e+02   4.0000000e-02   3.0000000e-02   1.0000000e-09
   5.0000000e+02   1.4000000e+02   4.0000000e-02   3.0000000e-02   1.0000000e-09
   5.0000000e+02   1.4000000e+02   4.0000000e-02   3.0000000e-02   1.0000000e-09
   5.0000000e+02   1.4000000e+02   4.0000000e-02   3.0000000e-02   1.0000000e-09
   5.0000000e+02   1.4000000e+02   4.0000000e-02   3.0000000e-02   1.0000000e-09
   5.0000000e+02   1.4000000e+02   4.0000000e-02   3.0000000e-02   1.0000000e-09
   5.0000000e+02   1.4000000e+02   4.0000000e-02   3.0000000e-02   1.0000000e-09
   5.0000000e+02   1.4000000e+02   4.0000000e-02   3.0000000e-02   1.0000000e-09
   5.0000000e+02   1.4000000e+02   4.0000000e-02   3.0000000e-02   1.0000000e-09
   5.0000000e+02   1.4000000e+02   4.0000000e-02   3.0000000e-02   1.0000000e-09
   5.0000000e+02   1.4000000e+02   4.0000000e-02   3.0000000e-02   1.0000000e-09
   5.0000000e+02   1.4000000e+02   4.0000000e-02   3.0000000e-02   1.0000000e-09
   5.0000000e+02   1.4000000e+02   4.0000000e-02   3.0000000e-02   1.0000000e-09
   5.0000000e+02   1.4000000e+02   4.0000000e-02   3.0000000e-02   1.0000000e-09
   5.0000000e+02   1.4000000e+02   4.0000000e-02   3.0000000e-02   1.0000000e-09
   5.0000000e+02   1.4000000e+02   4.0000000e-02   3.0000000e-02   1.0000000e-09
   5.0000000e+02   1.4000000e+02   4.0000000e-02   3.0000000e-02   1.0000000e-09
   5.0000000e+02   1.4000000e+02   4.0000000e-02   3.0000000e-02   1.0000000e-09
   5.0000000e+02   1.4000000e+02   4.0000000e-02   3.0000000e-02   1.0000000e-09
   5.0000000e+02   1.4000000e+02   4.0000000e-02   3.0000000e-02   1.0000000e-09
   5.0000000e+02   1.4000000e+02   4.0000000e-02   3.0000000e-02   1.0000000e-09
   5.0000000e+02   1.4000000e+02   4.0000000e-02   3.0000000e-02   1.0000000e-09
   5.0000000e+02   1.4000000e+02   4.0000000e-02   3.0000000e-02   1.0000000e-09
   5.0000000e+02   1.4000000e+02   4.0000000e-02   3.0000000e-02   1.0000000e-09
   5.0000000e+02   1.4000000e+02   4.0000000e-02   3.0000000e-02   1.0000000e-09
   5.0000000e+02   1.4000000e+02   4.0000000e-02   3.0000000e-02   1.0000000e-09
   5.0000000e+02   1.4000000e+02   4.0000000e-02   3.0000000e-02   1.0000000e-09
   5.0000000e+02   1.4000000e+02   4.0000000e-02   3.0000000e-02   1.0000000e-09
   5.0000000e+02   1.4000000e+02   4.0000000e-02   3.0000000e-02   1.0000000e-09
   5.0000000e+02   1.4000000e+02   4.0000000e-02   3.0000000e-02   1.0000000e-09
   5.0000000e+02   1.4000000e+02   4.0000000e-02   3.0000000e-02   1.0000000e-09
   5.0000000e+02   1.4000000e+02   4.0000000e-02   3.0000000e-02   1.0000000e-09
   5.0000000e+02   1.4000000e+02   4.0000000e-02   3.0000000e-02   1.0000000e-09
   5.0000000e+02   1.4000000e+02   4.0000000e-02   3.0000000e-02   1.0000000e-09
   5.0000000e+02   1.4000000e+02   4.0000000e-02   3.0000000e-02   1.0000000e-09
   5.0000000e+02   1.4000000e+02   4.0000000e-02   3.0000000e-02   1.0000000e-09
   5.0000000e+02   1.4000000e+02   4.0000000e-02   3.0000000e-02   1.0000000e-09
   5.0000000e+02   1.4000000e+02   4.0000000e-02   3.0000000e-02   1.0000000e-09
   5.0000000e+02   1.4000000e+02   4.0000000e-02   3.0000000e-02   1.0000000e-09
   5.0000000e+02   1.4000000e+02   4.0000000e-02   3.0000000e-02   1.0000000e-09
   5.0000000e+02   1.4000000e+02   4.0000000e-02   3.0000000e-02   1.0000000e-09
   5.0000000e+02   1.4000000e+02   4.0000000e-02   3.0000000e-02   1.0000000e-09
   5.0000000e+02   1.4000000e+02   4.0000000e-02   3.0000000e-02   1.0000000e-09
   5.0000000e+02   1.4000000e+02   4.0000000e-02   3.0000000e-02   1.0000000e-09
   5.0000000e+02   1.4000000e+02   4.0000000e-02   3.0000000e-02   1.0000000e-09
   5.0000000e+02   1.4000000e+02   4.0000000e-02   3.0000000e-02   1.0000000e-09
   5.0000000e+02   1.4000000e+02   4.0000000e-02   3.0000000e-02   1.0000000e-09
   5.0000000e+02   1.4000000e+02   4.0000000e-02   3.0000000e-02   1.0000000e-09
   5.0000000e+02   1.4000000e+02   4.0000000e-02   3.0000000e-02   1.0000000e-09
   5.0000000e+02   1.4000000e+02   4.0000000e-02   3.0000000e-02   1.0000000e-09
   5.0000000e+02   1.4000000e+02   4.0000000e-02   3.0000000e-02   1.0000000e-09
   5.0000000e+02   1.4000000e+02   4.0000000e-02   3.0000000e-02   1.0000000e-09
   5.0000000e+02   1.4000000e+02   4.0000000e-02   3.0000000e-02   1.0000000e-09
   5.0000000e+02   1.4000000e+02   4.0000000e-02   3.0000000e-02   1.0000000e-09
   5.0000000e+02   1.4000000e+02   4.0000000e-02   3.0000000e-02   1.0000000e-09
   5.0000000e+02   1.4000000e+02   4.0000000e-02   3.0000000e-02   1.0000000e-09
   5.0000000e+02   1.4000000e+02   4.0000000e-02   3.0000000e-02   1.0000000e-09
   5.0000000e+02   1.4000000e+02   4.0000000e-02   3.0000000e-02   1.0000000e-09
   5.0000000e+02   1.4000000e+02   4.0000000e-02   3.0000000e-02   1.0000000e-09
   5.0000000e+02   1.4000000e+02   4.0000000e-02   3.0000000e-02   1.0000000e-09
   5.0000000e+02   1.4000000e+02   4.0000000e-02   3.0000000e-02   1.0000000e-09
   5.0000000e+02   1.4000000e+02   4.0000000e-02   3.0000000e-02   1.0000000e-09
   5.0000000e+02   1.4000000e+02   4.0000000e-02   3.0000000e-02   1.0000000e-09
   5.0000000e+02   1.4000000e+02   4.0000000e-02   3.0000000e-02   1.0000000e-09
   5.0000000e+02   1.4000000e+02   4.0000000e-02   3.0000000e-02   1.0000000e-09
   5.0000000e+02   1.4000000e+02   4.0000000e-02   3.0000000e-02   1.0000000e-09
   5.0000000e+02   1.4000000e+02   4.0000000e-02   3.0000000e-02   1.0000000e-09
   5.0000000e+02   1.4000000e+02   4.0000000e-02   3.0000000e-02   1.0000000e-09
   5.0000000e+02   1.4000000e+02   4.0000000e-02   3.0000000e-02   1.0000000e-09
   5.0000000e+02   1.4000000e+02   4.0000000e-02   3.0000000e-02   1.0000000e-09
   5.0000000e+02   1.4000000e+02   4.0000000e-02   3.0000000e-02   1.0000000e-09
   5.0000000e+02   1.4000000e+02   4.0000000e-02   3.0000000e-02   1.0000000e-09
   5.0000000e+02   1.4000000e+02   4.0000000e-02   3.0000000e-02   1.0000000e-09
   5.0000000e+02   1.4000000e+02   4.0000000e-02   3.0000000e-02   1.0000000e-09
   5.0000000e+02   1.4000000e+02   4.0000000e-02   3.0000000e-02   1.0000000e-09
   5.0000000e+02   1.4000000e+02   4.0000000e-02   3.0000000e-02   1.0000000e-09
   5.0000000e+02   1.4000000e+02   4.0000000e-02   3.0000000e-02   1.0000000e-09
   5.0000000e+02   1.4000000e+02   4.0000000e-02   3.0000000e-02   1.0000000e-09
   5.0000000e+02   1.4000000e+02   4.0000000e-02   3.0000000e-02   1.0000000e-09
   5.0000000e+02   1.4000000e+02   4.0000000e-02   3.0000000e-02   1.0000000e-09
   5.0000000e+02   1.4000000e+02   4.0000000e-02   3.0000000e-02   1.0000000e-09
   5.0000000e+02   1.4000000e+02   4.0000000e-02   3.0000000e-02   1.0000000e-09
   5.0000000e+02   1.4000000e+02   4.0000000e-02   3.0000000e-02   1.0000000e-09
   5.0000000e+02   1.4000000e+02   4.0000000e-02   3.0000000e-02   1.0000000e-09
   5.0000000e+02   1.4000000e+02   4.0000000e-02   3.0000000e-02   1.0000000e-09
   5.0000000e+02   1.4000000e+02   4.0000000e-02   3.0000000e-02   1.0000000e-09
   5.0000000e+02   1.4000000e+02   4.0000000e-02   3.0000000e-02   1.0000000e-09
   5.0000000e+02   1.4000000e+02   4.0000000e-02   3.0000000e-02   1.0000000e-09
   5.0000000e+02   1.4000000e+02   4.0000000e-02   3.0000000e-02   1.0000000e-09
   5.0000000e+02   1.4000000e+02   4.0000000e-02   3.0000000e-02   1.0000000e-09
   5.0000000e+02   1.4000000e+02   4.0000000e-02   3.0000000e-02   1.0000000e-09
   5.0000000e+02   1.4000000e+02   4.0000000e-02   3.0000000e-02   1.0000000e-09
   5.0000000e+02   1.4000000e+02   4.0000000e-02   3.0000000e-02   1.0000000e-09
   5.0000000e+02   1.4000000e+02   4.0000000e-02   3.0000000e-02   1.0000000e-09
   5.0000000e+02   1.4000000e+02   4.0000000e-02   3.0000000e-02   1.0000000e-09
   5.0000000e+02   1.4000000e+02   4.0000000e-02   3.0000000e-02   1.0000000e-09
   5.0000000e+02   1.4000000e+02   4.0000000e-02   3.0000000e-02   1.0000000e-09
   5.0000000e+02   1.4000000e+02   4.0000000e-02   3.0000000e-02   1.0000000e-09
   5.0000000e+02   1.4000000e+02   4.0000000e-02   3.0000000e-02   1.0000000e-09
   5.0000000e+02   1.4000000e+02   4.0000000e-02   3.0000000e-02   1.0000000e-09
   5.0000000e+02   1.4000000e+02   4.0000000e-02   3.0000000e-02   1.0000000e-09
   5.0000000e+02   1.4000000e+02   4.0000000e-02   3.0000000e-02   1.0000000e-09
   5.0000000e+02   1.4000000e+02   4.0000000e-02   3.0000000e-02   1.0000000e-09
   5.0000000e+02   1.4000000e+02   4.0000000e-02   3.0000000e-02   1.0000000e-09
   5.0000000e+02   1.4000000e+02   4.0000000e-02   3.0000000e-02   1.0000000e-09
   5.0000000e+02   1.4000000e+02   4.0000000e-02   3.0000000e-02   1.0000000e-09
   5.0000000e+02   1.4000000e+02   4.0000000e-02   3.0000000e-02   1.0000000e-09
   5.0000000e+02   1.4000000e+02   4.0000000e-02   3.0000000e-02   1.0000000e-09
   5.0000000e+02   1.4000000e+02   4.0000000e-02   3.0000000e-02   1.0000000e-09
   5.0000000e+02   1.4000000e+02   4.0000000e-02   3.0000000e-02   1.0000000e-09
   5.0000000e+02   1.4000000e+02   4.0000000e-02   3.0000000e-02   1.0000000e-09
   5.0000000e+02   1.4000000e+02   4.0000000e-02   3.0000000e-02   1.0000000e-09
   5.0000000e+02   1.4000000e+02   4.0000000e-02   3.0000000e-02   1.0000000e-09
   5.0000000e+02   1.4000000e+02   4.0000000e-02   3.0000000e-02   1.0000000e-09
   5.0000000e+02   1.4000000e+02   4.0000000e-02   3.0000000e-02   1.0000000e-09
   5.0000000e+02   1.4000000e+02   4.0000000e-02   3.0000000e-02   1.0000000e-09
   5.0000000e+02   1.4000000e+02   4.0000000e-02   3.0000000e-02   1.0000000e-09
   5.0000000e+02   1.4000000e+02   4.0000000e-03   3.0000000e-02   1.0000000e-09
   5.0000000e+02   1.4000000e+02   4.0000000e-02   3.0000000e-02   1.0000000e-09
   5.0000000e+02   1.4000000e+02   4.0000000e-03   3.0000000e-02   1.0000000e-09
   5.0000000e+02   1.4000000e+02   4.0000000e-02   3.0000000e-02   1.0000000e-09
   5.0000000e+02   1.4000000e+02   4.0000000e-03   3.0000000e-02   1.0000000e-09
   5.0000000e+02   1.4000000e+02   4.0000000e-02   3.0000000e-02   1.0000000e-09
   5.0000000e+02   1.4000000e+02   4.0000000e-03   3.0000000e-02   1.0000000e-09
   5.0000000e+02   1.4000000e+02   4.0000000e-02   3.0000000e-02   1.0000000e-09
   5.0000000e+02   1.4000000e+02   4.0000000e-03   3.0000000e-02   1.0000000e-09
   5.0000000e+02   1.4000000e+02   4.0000000e-02   3.0000000e-02   1.0000000e-09
   5.0000000e+02   1.4000000e+02   4.0000000e-02   3.0000000e-02   1.0000000e-09
   5.0000000e+02   1.4000000e+02   4.0000000e-02   3.0000000e-02   1.0000000e-09
   5.0000000e+02   1.4000000e+02   4.0000000e-03   3.0000000e-02   1.0000000e-09
   5.0000000e+02   1.4000000e+02   4.0000000e-02   3.0000000e-02   1.0000000e-09
   5.0000000e+02   1.4000000e+02   4.0000000e-02   3.0000000e-02   1.0000000e-09
   5.0000000e+02   1.4000000e+02   4.0000000e-02   3.0000000e-02   1.0000000e-09
   5.0000000e+02   1.4000000e+02   4.0000000e-03   3.0000000e-02   1.0000000e-09
   5.0000000e+02   1.4000000e+02   4.0000000e-02   3.0000000e-02   1.0000000e-09
   5.0000000e+02   1.4000000e+02   4.0000000e-02   3.0000000e-02   1.0000000e-09
   5.0000000e+02   1.4000000e+02   4.0000000e-02   3.0000000e-02   1.0000000e-09
   5.0000000e+02   1.4000000e+02   4.0000000e-02   3.0000000e-02   1.0000000e-09
   5.0000000e+02   1.4000000e+02   4.0000000e-02   3.0000000e-02   1.0000000e-09
   5.0000000e+02   1.4000000e+02   4.0000000e-02   3.0000000e-02   1.0000000e-09
   5.0000000e+02   1.4000000e+02   4.0000000e-02   3.0000000e-02   1.0000000e-09
   5.0000000e+02   1.4000000e+02   4.0000000e-02   3.0000000e-02   1.0000000e-09
   5.0000000e+02   1.4000000e+02   4.0000000e-02   3.0000000e-02   1.0000000e-09
   5.0000000e+02   1.4000000e+02   4.0000000e-02   3.0000000e-02   1.0000000e-09
   5.0000000e+02   1.4000000e+02   4.0000000e-02   3.0000000e-02   1.0000000e-09
   5.0000000e+02   1.4000000e+02   4.0000000e-02   3.0000000e-02   1.0000000e-09
   5.0000000e+02   1.4000000e+02   4.0000000e-02   3.0000000e-02   1.0000000e-09
   5.0000000e+02   1.4000000e+02   4.0000000e-02   3.0000000e-02   1.0000000e-09
   5.0000000e+02   1.4000000e+02   4.0000000e-02   3.0000000e-02   1.0000000e-09
   5.0000000e+02   1.4000000e+02   4.0000000e-02   3.0000000e-02   1.0000000e-09
   5.0000000e+02   1.4000000e+02   4.0000000e-02   3.0000000e-02   1.0000000e-09
   5.0000000e+02   1.4000000e+02   4.0000000e-02   3.0000000e-02   1.0000000e-09
   5.0000000e+02   1.4000000e+02   4.0000000e-02   3.0000000e-02   1.0000000e-09
   5.0000000e+02   1.4000000e+02   4.0000000e-02   3.0000000e-02   1.0000000e-09
   5.0000000e+02   1.4000000e+02   4.0000000e-02   3.0000000e-02   1.0000000e-09
   5.0000000e+02   1.4000000e+02   4.0000000e-02   3.0000000e-02   1.0000000e-09
   5.0000000e+02   1.4000000e+02   4.0000000e-02   3.0000000e-02   1.0000000e-09
   5.0000000e+02   1.4000000e+02   4.0000000e-02   3.0000000e-02   1.0000000e-09
   5.0000000e+02   1.4000000e+02   4.0000000e-02   3.0000000e-02   1.0000000e-09
   5.0000000e+02   1.4000000e+02   4.0000000e-02   3.0000000e-02   1.0000000e-09
   5.0000000e+02   1.4000000e+02   4.0000000e-02   3.0000000e-02   1.0000000e-09
   5.0000000e+02   1.4000000e+02   4.0000000e-02   3.0000000e-02   1.0000000e-09
   5.0000000e+02   1.4000000e+02   4.0000000e-02   3.0000000e-02   1.0000000e-09
   5.0000000e+02   1.4000000e+02   4.0000000e-02   3.0000000e-02   1.0000000e-09
   5.0000000e+02   1.4000000e+02   4.0000000e-02   3.0000000e-02   1.0000000e-09
   5.0000000e+02   1.4000000e+02   4.0000000e-02   3.0000000e-02   1.0000000e-09
   5.0000000e+02   1.4000000e+02   4.0000000e-02   3.0000000e-02   1.0000000e-09
   5.0000000e+02   1.4000000e+02   4.0000000e-02   3.0000000e-02   1.0000000e-09
   5.0000000e+02   1.4000000e+02   4.0000000e-02   3.0000000e-02   1.0000000e-09
   5.0000000e+02   1.4000000e+02   4.0000000e-02   3.0000000e-02   1.0000000e-09
   5.0000000e+02   1.4000000e+02   4.0000000e-02   3.0000000e-02   1.0000000e-09
   5.0000000e+02   1.4000000e+02   4.0000000e-02   3.0000000e-02   1.0000000e-09
   5.0000000e+02   1.4000000e+02   4.0000000e-02   3.0000000e-02   1.0000000e-09
   5.0000000e+02   1.4000000e+02   4.0000000e-02   3.0000000e-02   1.0000000e-09
   5.0000000e+02   1.4000000e+02   4.0000000e-02   3.0000000e-02   1.0000000e-09
   5.0000000e+02   1.4000000e+02   4.0000000e-02   3.0000000e-02   1.0000000e-09
   5.0000000e+02   1.4000000e+02   4.0000000e-02   3.0000000e-02   1.0000000e-09
   5.0000000e+02   1.4000000e+02   4.0000000e-02   3.0000000e-02   1.0000000e-09
   5.0000000e+02   1.4000000e+02   4.0000000e-02   3.0000000e-02   1.0000000e-09
   5.0000000e+02   1.4000000e+02   4.0000000e-02   3.0000000e-02   1.0000000e-09
   5.0000000e+02   1.4000000e+02   4.0000000e-02   3.0000000e-02   1.0000000e-09
   5.0000000e+02   1.4000000e+02   4.0000000e-02   3.0000000e-02   1.0000000e-09
   5.0000000e+02   1.4000000e+02   4.0000000e-02   3.0000000e-02   1.0000000e-09
   5.0000000e+02   1.4000000e+02   4.0000000e-02   3.0000000e-02   1.0000000e-09
   5.0000000e+02   1.4000000e+02   4.0000000e-02   3.0000000e-02   1.0000000e-09
   5.0000000e+02   1.4000000e+02   4.0000000e-02   3.0000000e-02   1.0000000e-09
   5.0000000e+02   1.4000000e+02   4.0000000e-02   3.0000000e-02   1.0000000e-09
   5.0000000e+02   1.4000000e+02   4.0000000e-02   3.0000000e-02   1.0000000e-09
   5.0000000e+02   1.4000000e+02   4.0000000e-02   3.0000000e-02   1.0000000e-09
   5.0000000e+02   1.4000000e+02   4.0000000e-02   3.0000000e-02   1.0000000e-09
   5.0000000e+02   1.4000000e+02   4.0000000e-02   3.0000000e-02   1.0000000e-09
   5.0000000e+02   1.4000000e+02   4.0000000e-03   3.0000000e-02   1.0000000e-09
   5.0000000e+02   1.4000000e+02   4.0000000e-02   3.0000000e-02   1.0000000e-09
   5.0000000e+02   1.4000000e+02   4.0000000e-03   3.0000000e-02   1.0000000e-09
   5.0000000e+02   1.4000000e+02   4.0000000e-02   3.0000000e-02   1.0000000e-09
   5.0000000e+02   1.4000000e+02   4.0000000e-03   3.0000000e-02   1.0000000e-09
   5.0000000e+02   1.4000000e+02   4.0000000e-02   3.0000000e-02   1.0000000e-09
   5.0000000e+02   1.4000000e+02   4.0000000e-02   3.0000000e-02   1.0000000e-09
   5.0000000e+02   1.4000000e+02   4.0000000e-02   3.0000000e-02   1.0000000e-09
   5.0000000e+02   1.4000000e+02   4.0000000e-02   3.0000000e-02   1.0000000e-09
   5.0000000e+02   1.4000000e+02   4.0000000e-02   3.0000000e-02   1.0000000e-09
   5.0000000e+02   1.4000000e+02   4.0000000e-02   3.0000000e-02   1.0000000e-09
   5.0000000e+02   1.4000000e+02   4.0000000e-02   3.0000000e-02   1.0000000e-09
   5.0000000e+02   1.4000000e+02   4.0000000e-02   3.0000000e-02   1.0000000e-09
   5.0000000e+02   1.4000000e+02   4.0000000e-02   3.0000000e-02   1.0000000e-09
   5.0000000e+02   1.4000000e+02   4.0000000e-02   3.0000000e-02   1.0000000e-09
   5.0000000e+02   1.4000000e+02   4.0000000e-02   3.0000000e-02   1.0000000e-09
   5.0000000e+02   1.4000000e+02   4.0000000e-02   3.0000000e-02   1.0000000e-09
   5.0000000e+02   1.4000000e+02   4.0000000e-02   3.0000000e-02   1.0000000e-09
   5.0000000e+02   1.4000000e+02   4.0000000e-02   3.0000000e-02   1.0000000e-09
   5.0000000e+02   1.4000000e+02   4.0000000e-02   3.0000000e-02   1.0000000e-09
   5.0000000e+02   1.4000000e+02   4.0000000e-02   3.0000000e-02   1.0000000e-09
   5.0000000e+02   1.4000000e+02   4.0000000e-02   3.0000000e-02   1.0000000e-09
   5.0000000e+02   1.4000000e+02   4.0000000e-02   3.0000000e-02   1.0000000e-09
   5.0000000e+02   1.4000000e+02   4.0000000e-02   3.0000000e-02   1.0000000e-09
   5.0000000e+02   1.4000000e+02   4.0000000e-02   3.0000000e-02   1.0000000e-09
   5.0000000e+02   1.4000000e+02   4.0000000e-02   3.0000000e-02   1.0000000e-09
   5.0000000e+02   1.4000000e+02   4.0000000e-02   3.0000000e-02   1.0000000e-09
   5.0000000e+02   1.4000000e+02   4.0000000e-02   3.0000000e-02   1.0000000e-09
   5.0000000e+02   1.4000000e+02   4.0000000e-02   3.0000000e-02   1.0000000e-09
   5.0000000e+02   1.4000000e+02   4.0000000e-02   3.0000000e-02   1.0000000e-09
   5.0000000e+02   1.4000000e+02   4.0000000e-02   3.0000000e-02   1.0000000e-09
   5.0000000e+02   1.4000000e+02   4.0000000e-02   3.0000000e-02   1.0000000e-09
   5.0000000e+02   1.4000000e+02   4.0000000e-02   3.0000000e-02   1.0000000e-09
   5.0000000e+02   1.4000000e+02   4.0000000e-02   3.0000000e-02   1.0000000e-09
   5.0000000e+02   1.4000000e+02   4.0000000e-02   3.0000000e-02   1.0000000e-09
   5.0000000e+02   1.4000000e+02   4.0000000e-02   3.0000000e-02   1.0000000e-09
   5.0000000e+02   1.4000000e+02   4.0000000e-02   3.0000000e-02   1.0000000e-09
   5.0000000e+02   1.4000000e+02   4.0000000e-02   3.0000000e-02   1.0000000e-09
   5.0000000e+02   1.4000000e+02   4.0000000e-02   3.0000000e-02   1.0000000e-09
   5.0000000e+02   1.4000000e+02   4.0000000e-02   3.0000000e-02   1.0000000e-09
   5.0000000e+02   1.4000000e+02   4.0000000e-02   3.0000000e-02   1.0000000e-09
   5.0000000e+02   1.4000000e+02   4.0000000e-02   3.0000000e-02   1.0000000e-09
   5.0000000e+02   1.4000000e+02   4.0000000e-02   3.0000000e-02   1.0000000e-09
   5.0000000e+02   1.4000000e+02   4.0000000e-02   3.0000000e-02   1.0000000e-09
   5.0000000e+02   1.4000000e+02   4.0000000e-02   3.0000000e-02   1.0000000e-09
   5.0000000e+02   1.4000000e+02   4.0000000e-02   3.0000000e-02   1.0000000e-09
   5.0000000e+02   1.4000000e+02   4.0000000e-02   3.0000000e-02   1.0000000e-09
   5.0000000e+02   1.4000000e+02   4.0000000e-02   3.0000000e-02   1.0000000e-09
   5.0000000e+02   1.4000000e+02   4.0000000e-02   3.0000000e-02   1.0000000e-09
   5.0000000e+02   1.4000000e+02   3.1002760e-02   3.0000000e-02   1.0000000e-09
   5.0000000e+02   1.4000000e+02   4.0000000e-02   3.0000000e-02   1.0000000e-09
   5.0000000e+02   1.4000000e+02   1.3002640e-02   3.0000000e-02   1.0000000e-09
   5.0000000e+02   1.4000000e+02   4.0000000e-02   3.0000000e-02   1.0000000e-09
   5.0000000e+02   1.4000000e+02   4.0000000e-02   3.0000000e-02   1.0000000e-09
   5.0000000e+02   1.4000000e+02   4.0000000e-02   3.0000000e-02   1.0000000e-09
   5.0000000e+02   1.4000000e+02   4.0000000e-03   3.0000000e-02   1.0000000e-09
   5.0000000e+02   1.4000000e+02   4.0000000e-02   3.0000000e-02   1.0000000e-09
   5.0000000e+02   1.4000000e+02   4.0000000e-02   3.0000000e-02   1.0000000e-09
   5.0000000e+02   1.4000000e+02   4.0000000e-02   3.0000000e-02   1.0000000e-09
   5.0000000e+02   1.4000000e+02   4.0000000e-03   3.0000000e-02   1.0000000e-09
   5.0000000e+02   1.4000000e+02   2.2002940e-02   3.0000000e-02   1.0000000e-09
   5.0000000e+02   1.4000000e+02   4.0027600e-03   3.0000000e-02   1.0000000e-09
   5.0000000e+02   1.4000000e+02   4.0000000e-02   3.0000000e-02   1.0000000e-09
   5.0000000e+02   1.4000000e+02   4.0000000e-03   3.0000000e-02   1.0000000e-09
   5.0000000e+02   1.4000000e+02   4.0000000e-03   3.0000000e-02   1.0000000e-09
   5.0000000e+02   1.4000000e+02   4.0000000e-03   3.0000000e-02   1.0000000e-09
   5.0000000e+02   1.4000000e+02   4.0000000e-02   3.0000000e-02   1.0000000e-09
   5.0000000e+02   1.4000000e+02   4.0000000e-03   3.0000000e-02   1.0000000e-09
   5.0000000e+02   1.4000000e+02   4.0000000e-02   3.0000000e-02   1.0000000e-09
   5.0000000e+02   1.4000000e+02   4.0000000e-03   3.0000000e-02   1.0000000e-09
   5.0000000e+02   1.4000000e+02   4.0000000e-02   3.0000000e-02   1.0000000e-09
   5.0000000e+02   1.4000000e+02   4.0000000e-03   3.0000000e-02   1.0000000e-09
   5.0000000e+02   1.4000000e+02   4.0000000e-02   3.0000000e-02   1.0000000e-09
   5.0000000e+02   1.4000000e+02   4.0000000e-03   3.0000000e-02   1.0000000e-09
   5.0000000e+02   1.4000000e+02   4.0000000e-02   3.0000000e-02   1.0000000e-09
   5.0000000e+02   1.4000000e+02   4.0000000e-03   3.0000000e-02   1.0000000e-09
   5.0000000e+02   1.4000000e+02   4.0000000e-03   3.0000000e-02   1.0000000e-09
   5.0000000e+02   1.4000000e+02   4.0000000e-03   3.0000000e-02   1.0000000e-09
   5.0000000e+02   1.4000000e+02   4.0000000e-03   3.0000000e-02   1.0000000e-09
   5.0000000e+02   1.4000000e+02   4.0000000e-03   3.0000000e-02   1.0000000e-09
   5.0000000e+02   1.4000000e+02   4.0000000e-03   3.0000000e-02   1.0000000e-09
   5.0000000e+02   1.4000000e+02   4.0000000e-03   3.0000000e-02   1.0000000e-09
   5.0000000e+02   1.4000000e+02   4.0000000e-03   3.0000000e-02   1.0000000e-09
   5.0000000e+02   1.4000000e+02   4.0000000e-03   3.0000000e-02   1.0000000e-09
   5.0000000e+02   1.4000000e+02   4.0000000e-03   3.0000000e-02   1.0000000e-09
   5.0000000e+02   1.4000000e+02   4.0000000e-03   3.0000000e-02   1.0000000e-09
   5.0000000e+02   1.4000000e+02   4.0000000e-03   3.0000000e-02   1.0000000e-09
   5.0000000e+02   1.4000000e+02   4.0000000e-03   3.0000000e-02   1.0000000e-09
   5.0000000e+02   1.4000000e+02   4.0000000e-03   3.0000000e-02   1.0000000e-09
   5.0000000e+02   1.4000000e+02   4.0000000e-03   3.0000000e-02   1.0000000e-09
   5.0000000e+02   1.4000000e+02   4.0000000e-03   3.0000000e-02   1.0000000e-09
   5.0000000e+02   1.4000000e+02   4.0000000e-03   3.0000000e-02   1.0000000e-09
   5.0000000e+02   1.4000000e+02   4.0000000e-03   3.0000000e-02   1.0000000e-09
   5.0000000e+02   1.4000000e+02   4.0000000e-03   3.0000000e-02   1.0000000e-09
   5.0000000e+02   1.4000000e+02   4.0000000e-03   3.0000000e-02   1.0000000e-09
   5.0000000e+02   1.4000000e+02   4.0000000e-03   3.0000000e-02   1.0000000e-09
   5.0000000e+02   1.4000000e+02   4.0000000e-03   3.0000000e-02   1.0000000e-09
   5.0000000e+02   1.4000000e+02   4.0000000e-03   3.0000000e-02   1.0000000e-09
   5.0000000e+02   1.4000000e+02   4.0000000e-03   3.0000000e-02   1.0000000e-09
   5.0000000e+02   1.4000000e+02   4.0000000e-03   3.0000000e-02   1.0000000e-09
   5.0000000e+02   1.4000000e+02   4.0000000e-03   3.0000000e-02   1.0000000e-09
   5.0000000e+02   1.4000000e+02   4.0000000e-03   3.0000000e-02   1.0000000e-09
   5.0000000e+02   1.4000000e+02   4.0000000e-03   3.0000000e-02   1.0000000e-09
   5.0000000e+02   1.4000000e+02   4.0000000e-03   3.0000000e-02   1.0000000e-09
   5.0000000e+02   1.4000000e+02   4.0000000e-03   3.0000000e-02   1.0000000e-09
   5.0000000e+02   1.4000000e+02   4.0000000e-03   3.0000000e-02   1.0000000e-09
   5.0000000e+02   1.4000000e+02   4.0000000e-03   3.0000000e-02   1.0000000e-09
   5.0000000e+02   1.4000000e+02   4.0000000e-03   3.0000000e-02   1.0000000e-09
   5.0000000e+02   1.4000000e+02   4.0000000e-03   3.0000000e-02   1.0000000e-09
   5.0000000e+02   1.4000000e+02   4.0000000e-03   3.0000000e-02   1.0000000e-09
   5.0000000e+02   1.4000000e+02   4.0000000e-03   3.0000000e-02   1.0000000e-09
   5.0000000e+02   1.4000000e+02   4.0000000e-03   3.0000000e-02   1.0000000e-09
   5.0000000e+02   1.4000000e+02   4.0000000e-03   3.0000000e-02   1.0000000e-09
   5.0000000e+02   1.4000000e+02   4.0000000e-03   3.0000000e-02   1.0000000e-09
   5.0000000e+02   1.4000000e+02   4.0000000e-03   3.0000000e-02   1.0000000e-09
   5.0000000e+02   1.4000000e+02   4.0000000e-03   3.0000000e-02   1.0000000e-09
   5.0000000e+02   1.4000000e+02   4.0000000e-03   3.0000000e-02   1.0000000e-09
   5.0000000e+02   1.4000000e+02   4.0000000e-03   3.0000000e-02   1.0000000e-09
   5.0000000e+02   1.4000000e+02   4.0000000e-03   3.0000000e-02   1.0000000e-09
   5.0000000e+02   1.4000000e+02   4.0000000e-03   3.0000000e-02   1.0000000e-09
   5.0000000e+02   1.4000000e+02   4.0000000e-03   3.0000000e-02   1.0000000e-09
   5.0000000e+02   1.4000000e+02   4.0000000e-03   3.0000000e-02   1.0000000e-09
   5.0000000e+02   1.4000000e+02   4.0000000e-03   3.0000000e-02   1.0000000e-09
   5.0000000e+02   1.4000000e+02   4.0000000e-03   3.0000000e-02   1.0000000e-09
   5.0000000e+02   1.4000000e+02   4.0000000e-03   3.0000000e-02   1.0000000e-09
   5.0000000e+02   1.4000000e+02   4.0000000e-03   3.0000000e-02   1.0000000e-09
   5.0000000e+02   1.4000000e+02   4.0000000e-03   3.0000000e-02   1.0000000e-09
   5.0000000e+02   1.4000000e+02   4.0000000e-03   3.0000000e-02   1.0000000e-09
   5.0000000e+02   1.4000000e+02   4.0000000e-03   3.0000000e-02   1.0000000e-09
   5.0000000e+02   1.4000000e+02   4.0000000e-03   3.0000000e-02   1.0000000e-09
   5.0000000e+02   1.4000000e+02   4.0000000e-03   3.0000000e-02   1.0000000e-09
   5.0000000e+02   1.4000000e+02   4.0000000e-03   3.0000000e-02   1.0000000e-09
   5.0000000e+02   1.4000000e+02   4.0000000e-03   3.0000000e-02   1.0000000e-09
   5.0000000e+02   1.4000000e+02   4.0000000e-03   3.0000000e-02   1.0000000e-09
   5.0000000e+02   1.4000000e+02   4.0000000e-03   3.0000000e-02   1.0000000e-09
   5.0000000e+02   1.4000000e+02   4.0000000e-03   3.0000000e-02   1.0000000e-09
   5.0000000e+02   1.4000000e+02   4.0000000e-03   3.0000000e-02   1.0000000e-09
   5.0000000e+02   1.4000000e+02   4.0000000e-03   3.0000000e-02   1.0000000e-09
   5.0000000e+02   1.4000000e+02   4.0000000e-03   3.0000000e-02   1.0000000e-09
   5.0000000e+02   1.4000000e+02   4.0000000e-03   3.0000000e-02   1.0000000e-09
   5.0000000e+02   1.4000000e+02   4.0000000e-03   3.0000000e-02   1.0000000e-09
   5.0000000e+02   1.4000000e+02   4.0000000e-03   3.0000000e-02   1.0000000e-09
   5.0000000e+02   1.4000000e+02   4.0000000e-03   3.0000000e-02   1.0000000e-09
   5.0000000e+02   1.4000000e+02   4.0000000e-03   3.0000000e-02   1.0000000e-09
   5.0000000e+02   1.4000000e+02   4.0000000e-03   3.0000000e-02   1.0000000e-09
   5.0000000e+02   1.4000000e+02   4.0000000e-03   3.0000000e-02   1.0000000e-09
   5.0000000e+02   1.4000000e+02   4.0000000e-03   3.0000000e-02   1.0000000e-09
   5.0000000e+02   1.4000000e+02   4.0000000e-03   3.0000000e-02   1.0000000e-09
   5.0000000e+02   1.4000000e+02   4.0000000e-03   3.0000000e-02   1.0000000e-09
   5.0000000e+02   1.3000000e+02   4.0000000e-03   3.0000000e-02   3.0000000e-02
   5.0000000e+02   1.4000000e+02   4.0000000e-03   3.0000000e-02   1.0000000e-09
   5.0000000e+02   1.3000000e+02   4.0000000e-03   3.0000000e-02   3.0000000e-02
   5.0000000e+02   1.4000000e+02   4.0000000e-03   3.0000000e-02   1.0000000e-09
   5.0000000e+02   1.3000000e+02   4.0000000e-03   3.0000000e-02   3.0000000e-02
   5.0000000e+02   1.4000000e+02   4.0000000e-03   3.0000000e-02   1.0000000e-09
   5.0000000e+02   1.3000000e+02   4.0000000e-03   3.0000000e-02   3.0000000e-02
   5.0000000e+02   1.4000000e+02   4.0000000e-03   3.0000000e-02   1.0000000e-09
   5.0000000e+02   1.3000000e+02   4.0000000e-03   3.0000000e-02   3.0000000e-02
   5.0000000e+02   1.4000000e+02   4.0000000e-03   3.0000000e-02   1.0000000e-09
   5.0000000e+02   1.3000000e+02   4.0000000e-03   3.0000000e-02   3.0000000e-02
   5.0000000e+02   1.3000000e+02   4.0000000e-03   3.0000000e-02   3.0000000e-02
   5.0000000e+02   1.3000000e+02   4.0000000e-03   3.0000000e-02   3.0000000e-02
   5.0000000e+02   1.3000000e+02   4.0000000e-03   3.0000000e-02   3.0000000e-02
   5.0000000e+02   1.3000000e+02   4.0000000e-03   3.0000000e-02   3.0000000e-02
   5.0000000e+02   1.3000000e+02   4.0000000e-03   3.0000000e-02   3.0000000e-02
   5.0000000e+02   1.3000000e+02   4.0000000e-03   3.0000000e-02   3.0000000e-02
   5.0000000e+02   1.3000000e+02   4.0000000e-03   3.0000000e-02   3.0000000e-02
   5.0000000e+02   1.3000000e+02   4.0000000e-03   3.0000000e-02   3.0000000e-02
   5.0000000e+02   1.3000000e+02   4.0000000e-03   3.0000000e-02   3.0000000e-02
   5.0000000e+02   1.3000000e+02   4.0000000e-03   3.0000000e-02   3.0000000e-02
   5.0000000e+02   1.3000000e+02   4.0000000e-03   3.0000000e-02   3.0000000e-02
   5.0000000e+02   1.3000000e+02   4.0000000e-03   3.0000000e-02   3.0000000e-02
   5.0000000e+02   1.3000000e+02   4.0000000e-03   3.0000000e-02   3.0000000e-02
   5.0000000e+02   1.3000000e+02   4.0000000e-03   3.0000000e-02   3.0000000e-02
   5.0000000e+02   1.4000000e+02   4.0000000e-02   3.0000000e-02   1.0000000e-09
   5.0000000e+02   1.4000000e+02   3.0997540e-02   3.0000000e-02   1.0000000e-09
   5.0000000e+02   1.3000000e+02   4.0000000e-03   3.0000000e-02   3.0000000e-02
   5.0000000e+02   1.3000000e+02   4.0000000e-03   3.0000000e-02   3.0000000e-02
   5.0000000e+02   1.4000000e+02   4.0000000e-02   3.0000000e-02   1.0000000e-09
   5.0000000e+02   1.3000000e+02   4.0000000e-03   3.0000000e-02   3.0000000e-02
   5.0000000e+02   1.4000000e+02   4.0000000e-02   3.0000000e-02   1.0000000e-09
   5.0000000e+02   1.3000000e+02   4.0000000e-03   3.0000000e-02   3.0000000e-02
   5.0000000e+02   1.4000000e+02   3.9996520e-02   3.0000000e-02   1.0000000e-09
   5.0000000e+02   1.4000000e+02   4.0000000e-02   3.0000000e-02   1.0000000e-09
   5.0000000e+02   1.4000000e+02   2.1997420e-02   3.0000000e-02   1.0000000e-09
   5.0000000e+02   1.4000000e+02   3.9997420e-02   3.0000000e-02   1.0000000e-09
   5.0000000e+02   1.4000000e+02   4.0000000e-02   3.0000000e-02   1.0000000e-09
   5.0000000e+02   1.4000000e+02   4.0000000e-02   3.0000000e-02   1.0000000e-09
   5.0000000e+02   1.4000000e+02   4.0000000e-02   3.0000000e-02   1.0000000e-09
   5.0000000e+02   1.4000000e+02   4.0000000e-02   3.0000000e-02   1.0000000e-09
   5.0000000e+02   1.4000000e+02   4.0000000e-02   3.0000000e-02   1.0000000e-09
   5.0000000e+02   1.4000000e+02   4.0000000e-02   3.0000000e-02   1.0000000e-09
   5.0000000e+02   1.4000000e+02   4.0000000e-02   3.0000000e-02   1.0000000e-09
   5.0000000e+02   1.4000000e+02   4.0000000e-02   3.0000000e-02   1.0000000e-09
   5.0000000e+02   1.4000000e+02   4.0000000e-02   3.0000000e-02   1.0000000e-09
   5.0000000e+02   1.4000000e+02   4.0000000e-02   3.0000000e-02   1.0000000e-09
   5.0000000e+02   1.4000000e+02   4.0000000e-02   3.0000000e-02   1.0000000e-09
   5.0000000e+02   1.4000000e+02   4.0000000e-02   3.0000000e-02   1.0000000e-09
   5.0000000e+02   1.4000000e+02   4.0000000e-02   3.0000000e-02   1.0000000e-09
   5.0000000e+02   1.4000000e+02   4.0000000e-02   3.0000000e-02   1.0000000e-09
   5.0000000e+02   1.4000000e+02   4.0000000e-02   3.0000000e-02   1.0000000e-09
   5.0000000e+02   1.4000000e+02   4.0000000e-02   3.0000000e-02   1.0000000e-09
   5.0000000e+02   1.4000000e+02   4.0000000e-02   3.0000000e-02   1.0000000e-09
   5.0000000e+02   1.4000000e+02   4.0000000e-02   3.0000000e-02   1.0000000e-09
   5.0000000e+02   1.4000000e+02   4.0000000e-02   3.0000000e-02   1.0000000e-09
   5.0000000e+02   1.4000000e+02   4.0000000e-02   3.0000000e-02   1.0000000e-09
   5.0000000e+02   1.4000000e+02   4.0000000e-02   3.0000000e-02   1.0000000e-09
   5.0000000e+02   1.4000000e+02   4.0000000e-02   3.0000000e-02   1.0000000e-09
   5.0000000e+02   1.4000000e+02   4.0000000e-02   3.0000000e-02   1.0000000e-09
   5.0000000e+02   1.4000000e+02   4.0000000e-02   3.0000000e-02   1.0000000e-09
   5.0000000e+02   1.4000000e+02   4.0000000e-02   3.0000000e-02   1.0000000e-09
   5.0000000e+02   1.4000000e+02   4.0000000e-02   3.0000000e-02   1.0000000e-09
   5.0000000e+02   1.4000000e+02   4.0000000e-02   3.0000000e-02   1.0000000e-09
   5.0000000e+02   1.4000000e+02   4.0000000e-02   3.0000000e-02   1.0000000e-09
   5.0000000e+02   1.4000000e+02   4.0000000e-02   3.0000000e-02   1.0000000e-09
   5.0000000e+02   1.4000000e+02   4.0000000e-02   3.0000000e-02   1.0000000e-09
   5.0000000e+02   1.4000000e+02   4.0000000e-02   3.0000000e-02   1.0000000e-09
   5.0000000e+02   1.4000000e+02   4.0000000e-02   3.0000000e-02   1.0000000e-09
   5.0000000e+02   1.4000000e+02   4.0000000e-02   3.0000000e-02   1.0000000e-09
   5.0000000e+02   1.4000000e+02   4.0000000e-02   3.0000000e-02   1.0000000e-09
   5.0000000e+02   1.4000000e+02   4.0000000e-02   3.0000000e-02   1.0000000e-09
   5.0000000e+02   1.4000000e+02   4.0000000e-02   3.0000000e-02   1.0000000e-09
   5.0000000e+02   1.4000000e+02   4.0000000e-02   3.0000000e-02   1.0000000e-09
   5.0000000e+02   1.4000000e+02   4.0000000e-02   3.0000000e-02   1.0000000e-09
   5.0000000e+02   1.4000000e+02   4.0000000e-02   3.0000000e-02   1.0000000e-09
   5.0000000e+02   1.4000000e+02   4.0000000e-02   3.0000000e-02   1.0000000e-09
   5.0000000e+02   1.4000000e+02   4.0000000e-02   3.0000000e-02   1.0000000e-09
   5.0000000e+02   1.4000000e+02   4.0000000e-02   3.0000000e-02   1.0000000e-09
   5.0000000e+02   1.4000000e+02   4.0000000e-02   3.0000000e-02   1.0000000e-09
   5.0000000e+02   1.4000000e+02   4.0000000e-02   3.0000000e-02   1.0000000e-09
   5.0000000e+02   1.4000000e+02   4.0000000e-02   3.0000000e-02   1.0000000e-09
   5.0000000e+02   1.4000000e+02   4.0000000e-02   3.0000000e-02   1.0000000e-09
   5.0000000e+02   1.4000000e+02   4.0000000e-02   3.0000000e-02   1.0000000e-09
   5.0000000e+02   1.4000000e+02   4.0000000e-02   3.0000000e-02   1.0000000e-09
   5.0000000e+02   1.4000000e+02   4.0000000e-02   3.0000000e-02   1.0000000e-09
   5.0000000e+02   1.4000000e+02   4.0000000e-02   3.0000000e-02   1.0000000e-09
   5.0000000e+02   1.4000000e+02   4.0000000e-02   3.0000000e-02   1.0000000e-09
   5.0000000e+02   1.4000000e+02   4.0000000e-02   3.0000000e-02   1.0000000e-09
   5.0000000e+02   1.4000000e+02   4.0000000e-02   3.0000000e-02   1.0000000e-09
   5.0000000e+02   1.4000000e+02   4.0000000e-02   3.0000000e-02   1.0000000e-09
   5.0000000e+02   1.4000000e+02   4.0000000e-02   3.0000000e-02   1.0000000e-09
   5.0000000e+02   1.4000000e+02   4.0000000e-02   3.0000000e-02   1.0000000e-09
   5.0000000e+02   1.4000000e+02   4.0000000e-02   3.0000000e-02   1.0000000e-09
   5.0000000e+02   1.4000000e+02   4.0000000e-02   3.0000000e-02   1.0000000e-09
   5.0000000e+02   1.4000000e+02   4.0000000e-02   3.0000000e-02   1.0000000e-09
   5.0000000e+02   1.4000000e+02   4.0000000e-02   3.0000000e-02   1.0000000e-09
   5.0000000e+02   1.4000000e+02   4.0000000e-02   3.0000000e-02   1.0000000e-09
   5.0000000e+02   1.4000000e+02   4.0000000e-02   3.0000000e-02   1.0000000e-09
   5.0000000e+02   1.4000000e+02   4.0000000e-02   3.0000000e-02   1.0000000e-09
   5.0000000e+02   1.4000000e+02   4.0000000e-02   3.0000000e-02   1.0000000e-09
   5.0000000e+02   1.4000000e+02   4.0000000e-02   3.0000000e-02   1.0000000e-09
   5.0000000e+02   1.4000000e+02   4.0000000e-02   3.0000000e-02   1.0000000e-09
   5.0000000e+02   1.4000000e+02   4.0000000e-02   3.0000000e-02   1.0000000e-09
   5.0000000e+02   1.4000000e+02   4.0000000e-02   3.0000000e-02   1.0000000e-09
   5.0000000e+02   1.4000000e+02   4.0000000e-02   3.0000000e-02   1.0000000e-09
   5.0000000e+02   1.4000000e+02   4.0000000e-02   3.0000000e-02   1.0000000e-09
   5.0000000e+02   1.4000000e+02   4.0000000e-02   3.0000000e-02   1.0000000e-09
   5.0000000e+02   1.4000000e+02   4.0000000e-02   3.0000000e-02   1.0000000e-09
   5.0000000e+02   1.4000000e+02   4.0000000e-02   3.0000000e-02   1.0000000e-09
   5.0000000e+02   1.4000000e+02   4.0000000e-02   3.0000000e-02   1.0000000e-09
   5.0000000e+02   1.4000000e+02   4.0000000e-02   3.0000000e-02   1.0000000e-09
   5.0000000e+02   1.4000000e+02   4.0000000e-02   3.0000000e-02   1.0000000e-09
   5.0000000e+02   1.4000000e+02   4.0000000e-02   3.0000000e-02   1.0000000e-09
   5.0000000e+02   1.4000000e+02   4.0000000e-02   3.0000000e-02   1.0000000e-09
   5.0000000e+02   1.4000000e+02   4.0000000e-02   3.0000000e-02   1.0000000e-09
   5.0000000e+02   1.4000000e+02   4.0000000e-02   3.0000000e-02   1.0000000e-09
   5.0000000e+02   1.4000000e+02   4.0000000e-02   3.0000000e-02   1.0000000e-09
   5.0000000e+02   1.4000000e+02   4.0000000e-02   3.0000000e-02   1.0000000e-09
   5.0000000e+02   1.4000000e+02   4.0000000e-02   3.0000000e-02   1.0000000e-09
   5.0000000e+02   1.4000000e+02   4.0000000e-02   3.0000000e-02   1.0000000e-09
   5.0000000e+02   1.4000000e+02   4.0000000e-02   3.0000000e-02   1.0000000e-09
   5.0000000e+02   1.4000000e+02   4.0000000e-02   3.0000000e-02   1.0000000e-09
   5.0000000e+02   1.4000000e+02   4.0000000e-02   3.0000000e-02   1.0000000e-09
   5.0000000e+02   1.4000000e+02   4.0000000e-02   3.0000000e-02   1.0000000e-09
   5.0000000e+02   1.4000000e+02   4.0000000e-02   3.0000000e-02   1.0000000e-09
   5.0000000e+02   1.4000000e+02   4.0000000e-02   3.0000000e-02   1.0000000e-09
   5.0000000e+02   1.4000000e+02   4.0000000e-02   3.0000000e-02   1.0000000e-09
   5.0000000e+02   1.4000000e+02   4.0000000e-02   3.0000000e-02   1.0000000e-09
   5.0000000e+02   1.4000000e+02   4.0000000e-02   3.0000000e-02   1.0000000e-09
   5.0000000e+02   1.4000000e+02   4.0000000e-02   3.0000000e-02   1.0000000e-09
   5.0000000e+02   1.4000000e+02   4.0000000e-02   3.0000000e-02   1.0000000e-09
   5.0000000e+02   1.4000000e+02   4.0000000e-02   3.0000000e-02   1.0000000e-09
   5.0000000e+02   1.4000000e+02   4.0000000e-02   3.0000000e-02   1.0000000e-09
   5.0000000e+02   1.4000000e+02   4.0000000e-02   3.0000000e-02   1.0000000e-09
   5.0000000e+02   1.4000000e+02   4.0000000e-02   3.0000000e-02   1.0000000e-09
   5.0000000e+02   1.4000000e+02   4.0000000e-02   3.0000000e-02   1.0000000e-09
   5.0000000e+02   1.4000000e+02   4.0000000e-02   3.0000000e-02   1.0000000e-09
   5.0000000e+02   1.4000000e+02   4.0000000e-02   3.0000000e-02   1.0000000e-09
   5.0000000e+02   1.4000000e+02   4.0000000e-02   3.0000000e-02   1.0000000e-09
   5.0000000e+02   1.4000000e+02   4.0000000e-02   3.0000000e-02   1.0000000e-09
   5.0000000e+02   1.4000000e+02   4.0000000e-02   3.0000000e-02   1.0000000e-09
   5.0000000e+02   1.4000000e+02   4.0000000e-02   3.0000000e-02   1.0000000e-09
   5.0000000e+02   1.4000000e+02   4.0000000e-02   3.0000000e-02   1.0000000e-09
   5.0000000e+02   1.4000000e+02   4.0000000e-02   3.0000000e-02   1.0000000e-09
   5.0000000e+02   1.4000000e+02   4.0000000e-02   3.0000000e-02   1.0000000e-09
   5.0000000e+02   1.4000000e+02   4.0000000e-02   3.0000000e-02   1.0000000e-09
   5.0000000e+02   1.4000000e+02   4.0000000e-02   3.0000000e-02   1.0000000e-09
   5.0000000e+02   1.4000000e+02   4.0000000e-02   3.0000000e-02   1.0000000e-09
   5.0000000e+02   1.4000000e+02   4.0000000e-02   3.0000000e-02   1.0000000e-09
   5.0000000e+02   1.4000000e+02   4.0000000e-02   3.0000000e-02   1.0000000e-09
   5.0000000e+02   1.4000000e+02   4.0000000e-02   3.0000000e-02   1.0000000e-09
   5.0000000e+02   1.4000000e+02   4.0000000e-02   3.0000000e-02   1.0000000e-09
   5.0000000e+02   1.4000000e+02   4.0000000e-02   3.0000000e-02   1.0000000e-09
   5.0000000e+02   1.4000000e+02   4.0000000e-02   3.0000000e-02   1.0000000e-09
   5.0000000e+02   1.4000000e+02   4.0000000e-02   3.0000000e-02   1.0000000e-09
   5.0000000e+02   1.4000000e+02   4.0000000e-02   3.0000000e-02   1.0000000e-09
   5.0000000e+02   1.4000000e+02   4.0000000e-02   3.0000000e-02   1.0000000e-09
   5.0000000e+02   1.4000000e+02   4.0000000e-02   3.0000000e-02   1.0000000e-09
   5.0000000e+02   1.4000000e+02   4.0000000e-02   3.0000000e-02   1.0000000e-09
   5.0000000e+02   1.4000000e+02   4.0000000e-02   3.0000000e-02   1.0000000e-09
   5.0000000e+02   1.4000000e+02   4.0000000e-02   3.0000000e-02   1.0000000e-09
   5.0000000e+02   1.4000000e+02   4.0000000e-02   3.0000000e-02   1.0000000e-09
   5.0000000e+02   1.4000000e+02   4.0000000e-02   3.0000000e-02   1.0000000e-09
   5.0000000e+02   1.4000000e+02   4.0000000e-02   3.0000000e-02   1.0000000e-09
   5.0000000e+02   1.4000000e+02   4.0000000e-02   3.0000000e-02   1.0000000e-09
   5.0000000e+02   1.4000000e+02   4.0000000e-02   3.0000000e-02   1.0000000e-09
   5.0000000e+02   1.4000000e+02   4.0000000e-02   3.0000000e-02   1.0000000e-09
   5.0000000e+02   1.4000000e+02   4.0000000e-02   3.0000000e-02   1.0000000e-09
   5.0000000e+02   1.4000000e+02   4.0000000e-02   3.0000000e-02   1.0000000e-09
   5.0000000e+02   1.4000000e+02   4.0000000e-02   3.0000000e-02   1.0000000e-09
   5.0000000e+02   1.4000000e+02   4.0000000e-02   3.0000000e-02   1.0000000e-09
   5.0000000e+02   1.4000000e+02   4.0000000e-02   3.0000000e-02   1.0000000e-09
   5.0000000e+02   1.4000000e+02   4.0000000e-02   3.0000000e-02   1.0000000e-09
   5.0000000e+02   1.4000000e+02   4.0000000e-02   3.0000000e-02   1.0000000e-09
   5.0000000e+02   1.4000000e+02   4.0000000e-02   3.0000000e-02   1.0000000e-09
   5.0000000e+02   1.4000000e+02   4.0000000e-02   3.0000000e-02   1.0000000e-09
   5.0000000e+02   1.4000000e+02   4.0000000e-02   3.0000000e-02   1.0000000e-09
   5.0000000e+02   1.4000000e+02   4.0000000e-02   3.0000000e-02   1.0000000e-09
   5.0000000e+02   1.4000000e+02   4.0000000e-02   3.0000000e-02   1.0000000e-09
   5.0000000e+02   1.4000000e+02   4.0000000e-02   3.0000000e-02   1.0000000e-09
   5.0000000e+02   1.4000000e+02   4.0000000e-02   3.0000000e-02   1.0000000e-09
   5.0000000e+02   1.4000000e+02   4.0000000e-02   3.0000000e-02   1.0000000e-09
   5.0000000e+02   1.4000000e+02   4.0000000e-02   3.0000000e-02   1.0000000e-09
   5.0000000e+02   1.4000000e+02   4.0000000e-02   3.0000000e-02   1.0000000e-09
   5.0000000e+02   1.4000000e+02   4.0000000e-02   3.0000000e-02   1.0000000e-09
   5.0000000e+02   1.4000000e+02   4.0000000e-02   3.0000000e-02   1.0000000e-09
   5.0000000e+02   1.4000000e+02   4.0000000e-02   3.0000000e-02   1.0000000e-09
   5.0000000e+02   1.4000000e+02   4.0000000e-02   3.0000000e-02   1.0000000e-09
   5.0000000e+02   1.4000000e+02   4.0000000e-02   3.0000000e-02   1.0000000e-09
   5.0000000e+02   1.4000000e+02   4.0000000e-02   3.0000000e-02   1.0000000e-09
   5.0000000e+02   1.4000000e+02   4.0000000e-02   3.0000000e-02   1.0000000e-09
   5.0000000e+02   1.4000000e+02   4.0000000e-02   3.0000000e-02   1.0000000e-09
   5.0000000e+02   1.4000000e+02   4.0000000e-02   3.0000000e-02   1.0000000e-09
   5.0000000e+02   1.4000000e+02   4.0000000e-02   3.0000000e-02   1.0000000e-09
   5.0000000e+02   1.4000000e+02   4.0000000e-02   3.0000000e-02   1.0000000e-09
   5.0000000e+02   1.4000000e+02   4.0000000e-02   3.0000000e-02   1.0000000e-09
   5.0000000e+02   1.4000000e+02   4.0000000e-02   3.0000000e-02   1.0000000e-09
   5.0000000e+02   1.4000000e+02   4.0000000e-02   3.0000000e-02   1.0000000e-09
   5.0000000e+02   1.4000000e+02   4.0000000e-02   3.0000000e-02   1.0000000e-09
   5.0000000e+02   1.4000000e+02   4.0000000e-02   3.0000000e-02   1.0000000e-09
   5.0000000e+02   1.4000000e+02   4.0000000e-02   3.0000000e-02   1.0000000e-09
   5.0000000e+02   1.4000000e+02   4.0000000e-02   3.0000000e-02   1.0000000e-09
   5.0000000e+02   1.4000000e+02   4.0000000e-02   3.0000000e-02   1.0000000e-09
   5.0000000e+02   1.4000000e+02   4.0000000e-02   3.0000000e-02   1.0000000e-09
   5.0000000e+02   1.4000000e+02   4.0000000e-02   3.0000000e-02   1.0000000e-09
   5.0000000e+02   1.4000000e+02   4.0000000e-02   3.0000000e-02   1.0000000e-09
   5.0000000e+02   1.4000000e+02   4.0000000e-02   3.0000000e-02   1.0000000e-09
   5.0000000e+02   1.4000000e+02   4.0000000e-02   3.0000000e-02   1.0000000e-09
   5.0000000e+02   1.4000000e+02   4.0000000e-02   3.0000000e-02   1.0000000e-09
   5.0000000e+02   1.4000000e+02   4.0000000e-02   3.0000000e-02   1.0000000e-09
   5.0000000e+02   1.4000000e+02   4.0000000e-02   3.0000000e-02   1.0000000e-09
   5.0000000e+02   1.4000000e+02   4.0000000e-02   3.0000000e-02   1.0000000e-09
   5.0000000e+02   1.4000000e+02   4.0000000e-02   3.0000000e-02   1.0000000e-09
   5.0000000e+02   1.4000000e+02   4.0000000e-02   3.0000000e-02   1.0000000e-09
   5.0000000e+02   1.4000000e+02   4.0000000e-02   3.0000000e-02   1.0000000e-09
   5.0000000e+02   1.4000000e+02   4.0000000e-02   3.0000000e-02   1.0000000e-09
   5.0000000e+02   1.4000000e+02   4.0000000e-02   3.0000000e-02   1.0000000e-09
   5.0000000e+02   1.4000000e+02   4.0000000e-02   3.0000000e-02   1.0000000e-09
   5.0000000e+02   1.4000000e+02   4.0000000e-02   3.0000000e-02   1.0000000e-09
   5.0000000e+02   1.4000000e+02   4.0000000e-02   3.0000000e-02   1.0000000e-09
   5.0000000e+02   1.4000000e+02   4.0000000e-02   3.0000000e-02   1.0000000e-09
   5.0000000e+02   1.4000000e+02   4.0000000e-02   3.0000000e-02   1.0000000e-09
   5.0000000e+02   1.4000000e+02   4.0000000e-02   3.0000000e-02   1.0000000e-09
   5.0000000e+02   1.4000000e+02   4.0000000e-02   3.0000000e-02   1.0000000e-09
   5.0000000e+02   1.4000000e+02   4.0000000e-02   3.0000000e-02   1.0000000e-09
   5.0000000e+02   1.4000000e+02   4.0000000e-02   3.0000000e-02   1.0000000e-09
   5.0000000e+02   1.4000000e+02   4.0000000e-02   3.0000000e-02   1.0000000e-09
   5.0000000e+02   1.4000000e+02   4.0000000e-02   3.0000000e-02   1.0000000e-09
   5.0000000e+02   1.4000000e+02   4.0000000e-02   3.0000000e-02   1.0000000e-09
   5.0000000e+02   1.4000000e+02   4.0000000e-02   3.0000000e-02   1.0000000e-09
   5.0000000e+02   1.4000000e+02   4.0000000e-02   3.0000000e-02   1.0000000e-09
   5.0000000e+02   1.4000000e+02   4.0000000e-02   3.0000000e-02   1.0000000e-09
   5.0000000e+02   1.4000000e+02   4.0000000e-02   3.0000000e-02   1.0000000e-09
   5.0000000e+02   1.4000000e+02   4.0000000e-02   3.0000000e-02   1.0000000e-09
   5.0000000e+02   1.4000000e+02   4.0000000e-02   3.0000000e-02   1.0000000e-09
   5.0000000e+02   1.4000000e+02   4.0000000e-02   3.0000000e-02   1.0000000e-09
   5.0000000e+02   1.4000000e+02   4.0000000e-03   3.0000000e-02   1.0000000e-09
   5.0000000e+02   1.4000000e+02   4.0000000e-02   3.0000000e-02   1.0000000e-09
   5.0000000e+02   1.4000000e+02   4.0000000e-03   3.0000000e-02   1.0000000e-09
   5.0000000e+02   1.4000000e+02   4.0000000e-02   3.0000000e-02   1.0000000e-09
   5.0000000e+02   1.4000000e+02   4.0000000e-03   3.0000000e-02   1.0000000e-09
   5.0000000e+02   1.4000000e+02   4.0000000e-02   3.0000000e-02   1.0000000e-09
   5.0000000e+02   1.4000000e+02   4.0000000e-03   3.0000000e-02   1.0000000e-09
   5.0000000e+02   1.4000000e+02   4.0000000e-02   3.0000000e-02   1.0000000e-09
   5.0000000e+02   1.4000000e+02   4.0000000e-02   3.0000000e-02   1.0000000e-09
   5.0000000e+02   1.4000000e+02   4.0000000e-02   3.0000000e-02   1.0000000e-09
   5.0000000e+02   1.4000000e+02   4.0000000e-02   3.0000000e-02   1.0000000e-09
   5.0000000e+02   1.4000000e+02   4.0000000e-02   3.0000000e-02   1.0000000e-09
   5.0000000e+02   1.4000000e+02   4.0000000e-02   3.0000000e-02   1.0000000e-09
   5.0000000e+02   1.4000000e+02   4.0000000e-02   3.0000000e-02   1.0000000e-09
   5.0000000e+02   1.4000000e+02   4.0000000e-02   3.0000000e-02   1.0000000e-09
   5.0000000e+02   1.4000000e+02   4.0000000e-02   3.0000000e-02   1.0000000e-09
   5.0000000e+02   1.4000000e+02   4.0000000e-02   3.0000000e-02   1.0000000e-09
   5.0000000e+02   1.4000000e+02   4.0000000e-02   3.0000000e-02   1.0000000e-09
   5.0000000e+02   1.4000000e+02   4.0000000e-02   3.0000000e-02   1.0000000e-09
   5.0000000e+02   1.4000000e+02   4.0000000e-02   3.0000000e-02   1.0000000e-09
   5.0000000e+02   1.4000000e+02   4.0000000e-02   3.0000000e-02   1.0000000e-09
   5.0000000e+02   1.4000000e+02   4.0000000e-02   3.0000000e-02   1.0000000e-09
   5.0000000e+02   1.4000000e+02   4.0000000e-02   3.0000000e-02   1.0000000e-09
   5.0000000e+02   1.4000000e+02   4.0000000e-02   3.0000000e-02   1.0000000e-09
   5.0000000e+02   1.4000000e+02   4.0000000e-02   3.0000000e-02   1.0000000e-09
   5.0000000e+02   1.4000000e+02   4.0000000e-02   3.0000000e-02   1.0000000e-09
   5.0000000e+02   1.4000000e+02   4.0000000e-02   3.0000000e-02   1.0000000e-09
   5.0000000e+02   1.4000000e+02   4.0000000e-02   3.0000000e-02   1.0000000e-09
   5.0000000e+02   1.4000000e+02   4.0000000e-02   3.0000000e-02   1.0000000e-09
   5.0000000e+02   1.4000000e+02   4.0000000e-02   3.0000000e-02   1.0000000e-09
   5.0000000e+02   1.4000000e+02   4.0000000e-02   3.0000000e-02   1.0000000e-09
   5.0000000e+02   1.4000000e+02   4.0000000e-02   3.0000000e-02   1.0000000e-09
   5.0000000e+02   1.4000000e+02   4.0000000e-02   3.0000000e-02   1.0000000e-09
   5.0000000e+02   1.4000000e+02   4.0000000e-02   3.0000000e-02   1.0000000e-09
   5.0000000e+02   1.4000000e+02   4.0000000e-02   3.0000000e-02   1.0000000e-09
   5.0000000e+02   1.4000000e+02   4.0000000e-02   3.0000000e-02   1.0000000e-09
   5.0000000e+02   1.4000000e+02   4.0000000e-02   3.0000000e-02   1.0000000e-09
   5.0000000e+02   1.4000000e+02   4.0000000e-02   3.0000000e-02   1.0000000e-09
   5.0000000e+02   1.4000000e+02   4.0000000e-02   3.0000000e-02   1.0000000e-09
   5.0000000e+02   1.4000000e+02   4.0000000e-02   3.0000000e-02   1.0000000e-09
   5.0000000e+02   1.4000000e+02   4.0000000e-02   3.0000000e-02   1.0000000e-09
   5.0000000e+02   1.4000000e+02   4.0000000e-02   3.0000000e-02   1.0000000e-09
   5.0000000e+02   1.4000000e+02   4.0000000e-02   3.0000000e-02   1.0000000e-09
   5.0000000e+02   1.4000000e+02   4.0000000e-02   3.0000000e-02   1.0000000e-09
   5.0000000e+02   1.4000000e+02   4.0000000e-02   3.0000000e-02   1.0000000e-09
   5.0000000e+02   1.4000000e+02   4.0000000e-02   3.0000000e-02   1.0000000e-09
   5.0000000e+02   1.4000000e+02   4.0000000e-02   3.0000000e-02   1.0000000e-09
   5.0000000e+02   1.4000000e+02   4.0000000e-02   3.0000000e-02   1.0000000e-09
   5.0000000e+02   1.4000000e+02   4.0000000e-02   3.0000000e-02   1.0000000e-09
   5.0000000e+02   1.4000000e+02   4.0000000e-02   3.0000000e-02   1.0000000e-09
   5.0000000e+02   1.4000000e+02   4.0000000e-02   3.0000000e-02   1.0000000e-09
   5.0000000e+02   1.4000000e+02   4.0000000e-02   3.0000000e-02   1.0000000e-09
   5.0000000e+02   1.4000000e+02   4.0000000e-02   3.0000000e-02   1.0000000e-09
   5.0000000e+02   1.4000000e+02   4.0000000e-02   3.0000000e-02   1.0000000e-09
   5.0000000e+02   1.4000000e+02   4.0000000e-02   3.0000000e-02   1.0000000e-09
   5.0000000e+02   1.4000000e+02   4.0000000e-02   3.0000000e-02   1.0000000e-09
   5.0000000e+02   1.4000000e+02   4.0000000e-02   3.0000000e-02   1.0000000e-09
   5.0000000e+02   1.4000000e+02   4.0000000e-02   3.0000000e-02   1.0000000e-09
   5.0000000e+02   1.4000000e+02   4.0000000e-02   3.0000000e-02   1.0000000e-09
   5.0000000e+02   1.4000000e+02   4.0000000e-02   3.0000000e-02   1.0000000e-09
   5.0000000e+02   1.4000000e+02   4.0000000e-02   3.0000000e-02   1.0000000e-09
   5.0000000e+02   1.4000000e+02   4.0000000e-02   3.0000000e-02   1.0000000e-09
   5.0000000e+02   1.4000000e+02   4.0000000e-02   3.0000000e-02   1.0000000e-09
   5.0000000e+02   1.4000000e+02   4.0000000e-02   3.0000000e-02   1.0000000e-09
   5.0000000e+02   1.4000000e+02   4.0000000e-02   3.0000000e-02   1.0000000e-09
   5.0000000e+02   1.4000000e+02   4.0000000e-02   3.0000000e-02   1.0000000e-09
   5.0000000e+02   1.4000000e+02   4.0000000e-02   3.0000000e-02   1.0000000e-09
   5.0000000e+02   1.4000000e+02   4.0000000e-02   3.0000000e-02   1.0000000e-09
   5.0000000e+02   1.4000000e+02   4.0000000e-02   3.0000000e-02   1.0000000e-09
   5.0000000e+02   1.4000000e+02   4.0000000e-02   3.0000000e-02   1.0000000e-09
   5.0000000e+02   1.4000000e+02   4.0000000e-02   3.0000000e-02   1.0000000e-09
   5.0000000e+02   1.4000000e+02   4.0000000e-02   3.0000000e-02   1.0000000e-09
   5.0000000e+02   1.4000000e+02   4.0031800e-03   3.0000000e-02   1.0000000e-09
   5.0000000e+02   1.4000000e+02   4.0000000e-02   3.0000000e-02   1.0000000e-09
   5.0000000e+02   1.4000000e+02   2.2003420e-02   3.0000000e-02   1.0000000e-09
   5.0000000e+02   1.4000000e+02   4.0000000e-02   3.0000000e-02   1.0000000e-09
   5.0000000e+02   1.4000000e+02   4.0000000e-02   3.0000000e-02   1.0000000e-09
   5.0000000e+02   1.4000000e+02   4.0000000e-02   3.0000000e-02   1.0000000e-09
   5.0000000e+02   1.4000000e+02   4.0000000e-02   3.0000000e-02   1.0000000e-09
   5.0000000e+02   1.4000000e+02   4.0000000e-02   3.0000000e-02   1.0000000e-09
   5.0000000e+02   1.4000000e+02   4.0000000e-02   3.0000000e-02   1.0000000e-09
   5.0000000e+02   1.4000000e+02   4.0000000e-02   3.0000000e-02   1.0000000e-09
   5.0000000e+02   1.4000000e+02   4.0000000e-02   3.0000000e-02   1.0000000e-09
   5.0000000e+02   1.4000000e+02   4.0000000e-02   3.0000000e-02   1.0000000e-09
   5.0000000e+02   1.4000000e+02   4.0000000e-02   3.0000000e-02   1.0000000e-09
   5.0000000e+02   1.4000000e+02   4.0000000e-02   3.0000000e-02   1.0000000e-09
   5.0000000e+02   1.4000000e+02   4.0000000e-02   3.0000000e-02   1.0000000e-09
   5.0000000e+02   1.4000000e+02   4.0000000e-02   3.0000000e-02   1.0000000e-09
   5.0000000e+02   1.4000000e+02   4.0000000e-02   3.0000000e-02   1.0000000e-09
   5.0000000e+02   1.4000000e+02   4.0000000e-02   3.0000000e-02   1.0000000e-09
   5.0000000e+02   1.4000000e+02   4.0000000e-02   3.0000000e-02   1.0000000e-09
   5.0000000e+02   1.4000000e+02   4.0000000e-02   3.0000000e-02   1.0000000e-09
   5.0000000e+02   1.4000000e+02   4.0000000e-02   3.0000000e-02   1.0000000e-09
   5.0000000e+02   1.4000000e+02   4.0000000e-02   3.0000000e-02   1.0000000e-09
   5.0000000e+02   1.4000000e+02   4.0000000e-02   3.0000000e-02   1.0000000e-09
   5.0000000e+02   1.4000000e+02   4.0000000e-02   3.0000000e-02   1.0000000e-09
   5.0000000e+02   1.4000000e+02   4.0000000e-02   3.0000000e-02   1.0000000e-09
   5.0000000e+02   1.4000000e+02   4.0000000e-02   3.0000000e-02   1.0000000e-09
   5.0000000e+02   1.4000000e+02   4.0000000e-02   3.0000000e-02   1.0000000e-09
   5.0000000e+02   1.4000000e+02   4.0000000e-02   3.0000000e-02   1.0000000e-09
   5.0000000e+02   1.4000000e+02   4.0000000e-02   3.0000000e-02   1.0000000e-09
   5.0000000e+02   1.4000000e+02   4.0000000e-02   3.0000000e-02   1.0000000e-09
   5.0000000e+02   1.4000000e+02   4.0000000e-02   3.0000000e-02   1.0000000e-09
   5.0000000e+02   1.4000000e+02   4.0000000e-02   3.0000000e-02   1.0000000e-09
   5.0000000e+02   1.4000000e+02   4.0000000e-02   3.0000000e-02   1.0000000e-09
   5.0000000e+02   1.4000000e+02   4.0000000e-02   3.0000000e-02   1.0000000e-09
   5.0000000e+02   1.4000000e+02   4.0000000e-02   3.0000000e-02   1.0000000e-09
   5.0000000e+02   1.4000000e+02   4.0000000e-02   3.0000000e-02   1.0000000e-09
   5.0000000e+02   1.4000000e+02   4.0000000e-02   3.0000000e-02   1.0000000e-09
   5.0000000e+02   1.4000000e+02   4.0000000e-02   3.0000000e-02   1.0000000e-09
   5.0000000e+02   1.4000000e+02   4.0000000e-02   3.0000000e-02   1.0000000e-09
   5.0000000e+02   1.4000000e+02   4.0000000e-02   3.0000000e-02   1.0000000e-09
   5.0000000e+02   1.4000000e+02   4.0000000e-02   3.0000000e-02   1.0000000e-09
   5.0000000e+02   1.4000000e+02   4.0000000e-02   3.0000000e-02   1.0000000e-09
   5.0000000e+02   1.4000000e+02   4.0000000e-02   3.0000000e-02   1.0000000e-09
   5.0000000e+02   1.4000000e+02   4.0000000e-02   3.0000000e-02   1.0000000e-09
   5.0000000e+02   1.4000000e+02   1.3006180e-02   3.0000000e-02   1.0000000e-09
   5.0000000e+02   1.4000000e+02   4.0000000e-02   3.0000000e-02   1.0000000e-09
   5.0000000e+02   1.4000000e+02   4.0000000e-02   3.0000000e-02   1.0000000e-09
   5.0000000e+02   1.4000000e+02   4.0000000e-02   3.0000000e-02   1.0000000e-09
   5.0000000e+02   1.4000000e+02   4.0000000e-02   3.0000000e-02   1.0000000e-09
   5.0000000e+02   1.4000000e+02   3.1003900e-02   3.0000000e-02   1.0000000e-09
   5.0000000e+02   1.4000000e+02   4.0000000e-02   3.0000000e-02   1.0000000e-09
   5.0000000e+02   1.4000000e+02   4.0000000e-03   3.0000000e-02   1.0000000e-09
   5.0000000e+02   1.4000000e+02   1.3003540e-02   3.0000000e-02   1.0000000e-09
   5.0000000e+02   1.4000000e+02   4.0000000e-03   3.0000000e-02   1.0000000e-09
   5.0000000e+02   1.4000000e+02   4.0000000e-02   3.0000000e-02   1.0000000e-09
   5.0000000e+02   1.4000000e+02   4.0000000e-03   3.0000000e-02   1.0000000e-09
   5.0000000e+02   1.4000000e+02   4.0000000e-03   3.0000000e-02   1.0000000e-09
   5.0000000e+02   1.4000000e+02   4.0000000e-03   3.0000000e-02   1.0000000e-09
   5.0000000e+02   1.4000000e+02   4.0000000e-03   3.0000000e-02   1.0000000e-09
   5.0000000e+02   1.4000000e+02   4.0000000e-03   3.0000000e-02   1.0000000e-09
   5.0000000e+02   1.4000000e+02   4.0000000e-03   3.0000000e-02   1.0000000e-09
   5.0000000e+02   1.4000000e+02   4.0000000e-03   3.0000000e-02   1.0000000e-09
   5.0000000e+02   1.4000000e+02   4.0000000e-03   3.0000000e-02   1.0000000e-09
   5.0000000e+02   1.4000000e+02   4.0000000e-03   3.0000000e-02   1.0000000e-09
   5.0000000e+02   1.4000000e+02   4.0000000e-03   3.0000000e-02   1.0000000e-09
   5.0000000e+02   1.4000000e+02   4.0000000e-03   3.0000000e-02   1.0000000e-09
   5.0000000e+02   1.4000000e+02   4.0000000e-02   3.0000000e-02   1.0000000e-09
   5.0000000e+02   1.4000000e+02   4.0000000e-03   3.0000000e-02   1.0000000e-09
   5.0000000e+02   1.4000000e+02   4.0000000e-02   3.0000000e-02   1.0000000e-09
   5.0000000e+02   1.4000000e+02   4.0000000e-03   3.0000000e-02   1.0000000e-09
   5.0000000e+02   1.4000000e+02   4.0000000e-02   3.0000000e-02   1.0000000e-09
   5.0000000e+02   1.4000000e+02   4.0000000e-03   3.0000000e-02   1.0000000e-09
   5.0000000e+02   1.4000000e+02   4.0000000e-02   3.0000000e-02   1.0000000e-09
   5.0000000e+02   1.4000000e+02   4.0000000e-03   3.0000000e-02   1.0000000e-09
   5.0000000e+02   1.4000000e+02   4.0000000e-02   3.0000000e-02   1.0000000e-09
   5.0000000e+02   1.4000000e+02   4.0000000e-03   3.0000000e-02   1.0000000e-09
   5.0000000e+02   1.4000000e+02   4.0000000e-02   3.0000000e-02   1.0000000e-09
   5.0000000e+02   1.4000000e+02   4.0000000e-03   3.0000000e-02   1.0000000e-09
   5.0000000e+02   1.4000000e+02   4.0000000e-02   3.0000000e-02   1.0000000e-09
   5.0000000e+02   1.4000000e+02   4.0000000e-03   3.0000000e-02   1.0000000e-09
   5.0000000e+02   1.4000000e+02   4.0000000e-02   3.0000000e-02   1.0000000e-09
   5.0000000e+02   1.4000000e+02   4.0000000e-03   3.0000000e-02   1.0000000e-09
   5.0000000e+02   1.4000000e+02   4.0000000e-02   3.0000000e-02   1.0000000e-09
   5.0000000e+02   1.4000000e+02   4.0000000e-03   3.0000000e-02   1.0000000e-09
   5.0000000e+02   1.4000000e+02   4.0000000e-02   3.0000000e-02   1.0000000e-09
   5.0000000e+02   1.4000000e+02   4.0000000e-03   3.0000000e-02   1.0000000e-09
   5.0000000e+02   1.4000000e+02   4.0000000e-02   3.0000000e-02   1.0000000e-09
   5.0000000e+02   1.4000000e+02   4.0000000e-03   3.0000000e-02   1.0000000e-09
   5.0000000e+02   1.4000000e+02   4.0000000e-02   3.0000000e-02   1.0000000e-09
   5.0000000e+02   1.4000000e+02   4.0000000e-03   3.0000000e-02   1.0000000e-09
   5.0000000e+02   1.4000000e+02   4.0000000e-02   3.0000000e-02   1.0000000e-09
   5.0000000e+02   1.4000000e+02   4.0000000e-03   3.0000000e-02   1.0000000e-09
   5.0000000e+02   1.4000000e+02   4.0000000e-02   3.0000000e-02   1.0000000e-09
   5.0000000e+02   1.4000000e+02   4.0000000e-03   3.0000000e-02   1.0000000e-09
   5.0000000e+02   1.4000000e+02   4.0000000e-02   3.0000000e-02   1.0000000e-09
   5.0000000e+02   1.4000000e+02   4.0000000e-03   3.0000000e-02   1.0000000e-09
   5.0000000e+02   1.4000000e+02   4.0000000e-02   3.0000000e-02   1.0000000e-09
   5.0000000e+02   1.4000000e+02   4.0000000e-03   3.0000000e-02   1.0000000e-09
   5.0000000e+02   1.4000000e+02   4.0000000e-02   3.0000000e-02   1.0000000e-09
   5.0000000e+02   1.4000000e+02   4.0000000e-03   3.0000000e-02   1.0000000e-09
   5.0000000e+02   1.4000000e+02   4.0000000e-02   3.0000000e-02   1.0000000e-09
   5.0000000e+02   1.4000000e+02   4.0000000e-03   3.0000000e-02   1.0000000e-09
   5.0000000e+02   1.4000000e+02   4.0000000e-02   3.0000000e-02   1.0000000e-09
   5.0000000e+02   1.4000000e+02   4.0000000e-03   3.0000000e-02   1.0000000e-09
   5.0000000e+02   1.4000000e+02   4.0000000e-02   3.0000000e-02   1.0000000e-09
   5.0000000e+02   1.4000000e+02   4.0000000e-03   3.0000000e-02   1.0000000e-09
   5.0000000e+02   1.4000000e+02   4.0000000e-02   3.0000000e-02   1.0000000e-09
   5.0000000e+02   1.4000000e+02   4.0000000e-03   3.0000000e-02   1.0000000e-09
   5.0000000e+02   1.4000000e+02   4.0000000e-02   3.0000000e-02   1.0000000e-09
   5.0000000e+02   1.4000000e+02   4.0000000e-03   3.0000000e-02   1.0000000e-09
   5.0000000e+02   1.4000000e+02   4.0000000e-02   3.0000000e-02   1.0000000e-09
   5.0000000e+02   1.4000000e+02   4.0000000e-03   3.0000000e-02   1.0000000e-09
   5.0000000e+02   1.4000000e+02   4.0000000e-02   3.0000000e-02   1.0000000e-09
   5.0000000e+02   1.4000000e+02   4.0000000e-03   3.0000000e-02   1.0000000e-09
   5.0000000e+02   1.4000000e+02   4.0000000e-02   3.0000000e-02   1.0000000e-09
   5.0000000e+02   1.4000000e+02   4.0000000e-03   3.0000000e-02   1.0000000e-09
   5.0000000e+02   1.4000000e+02   4.0000000e-02   3.0000000e-02   1.0000000e-09
   5.0000000e+02   1.4000000e+02   4.0000000e-03   3.0000000e-02   1.0000000e-09
   5.0000000e+02   1.4000000e+02   4.0000000e-02   3.0000000e-02   1.0000000e-09
   5.0000000e+02   1.4000000e+02   4.0000000e-03   3.0000000e-02   1.0000000e-09
   5.0000000e+02   1.4000000e+02   4.0000000e-02   3.0000000e-02   1.0000000e-09
   5.0000000e+02   1.4000000e+02   4.0000000e-03   3.0000000e-02   1.0000000e-09
   5.0000000e+02   1.4000000e+02   4.0000000e-02   3.0000000e-02   1.0000000e-09
   5.0000000e+02   1.4000000e+02   4.0000000e-03   3.0000000e-02   1.0000000e-09
   5.0000000e+02   1.4000000e+02   4.0000000e-02   3.0000000e-02   1.0000000e-09
   5.0000000e+02   1.4000000e+02   4.0000000e-03   3.0000000e-02   1.0000000e-09
   5.0000000e+02   1.4000000e+02   4.0000000e-02   3.0000000e-02   1.0000000e-09
   5.0000000e+02   1.4000000e+02   4.0000000e-03   3.0000000e-02   1.0000000e-09
   5.0000000e+02   1.4000000e+02   4.0000000e-02   3.0000000e-02   1.0000000e-09
   5.0000000e+02   1.4000000e+02   4.0000000e-03   3.0000000e-02   1.0000000e-09
   5.0000000e+02   1.4000000e+02   4.0000000e-02   3.0000000e-02   1.0000000e-09
   5.0000000e+02   1.4000000e+02   4.0000000e-03   3.0000000e-02   1.0000000e-09
   5.0000000e+02   1.4000000e+02   4.0000000e-02   3.0000000e-02   1.0000000e-09
   5.0000000e+02   1.4000000e+02   4.0000000e-03   3.0000000e-02   1.0000000e-09
   5.0000000e+02   1.4000000e+02   4.0000000e-02   3.0000000e-02   1.0000000e-09
   5.0000000e+02   1.4000000e+02   4.0000000e-03   3.0000000e-02   1.0000000e-09
   5.0000000e+02   1.4000000e+02   4.0000000e-02   3.0000000e-02   1.0000000e-09
   5.0000000e+02   1.4000000e+02   4.0000000e-03   3.0000000e-02   1.0000000e-09
   5.0000000e+02   1.4000000e+02   4.0000000e-02   3.0000000e-02   1.0000000e-09
   5.0000000e+02   1.4000000e+02   4.0000000e-03   3.0000000e-02   1.0000000e-09
   5.0000000e+02   1.4000000e+02   4.0000000e-02   3.0000000e-02   1.0000000e-09
   5.0000000e+02   1.4000000e+02   4.0000000e-03   3.0000000e-02   1.0000000e-09
   5.0000000e+02   1.4000000e+02   4.0000000e-02   3.0000000e-02   1.0000000e-09
   5.0000000e+02   1.4000000e+02   4.0000000e-03   3.0000000e-02   1.0000000e-09
   5.0000000e+02   1.4000000e+02   4.0000000e-02   3.0000000e-02   1.0000000e-09
   5.0000000e+02   1.4000000e+02   4.0000000e-03   3.0000000e-02   1.0000000e-09
   5.0000000e+02   1.4000000e+02   4.0000000e-02   3.0000000e-02   1.0000000e-09
   5.0000000e+02   1.4000000e+02   4.0000000e-03   3.0000000e-02   1.0000000e-09
   5.0000000e+02   1.4000000e+02   4.0000000e-02   3.0000000e-02   1.0000000e-09
   5.0000000e+02   1.3000000e+02   4.0000000e-03   3.0000000e-02   3.0000000e-02
   5.0000000e+02   1.4000000e+02   4.0000000e-02   3.0000000e-02   1.0000000e-09
   5.0000000e+02   1.3000000e+02   4.0000000e-03   3.0000000e-02   3.0000000e-02
   5.0000000e+02   1.4000000e+02   4.0000000e-02   3.0000000e-02   1.0000000e-09
   5.0000000e+02   1.3000000e+02   4.0000000e-03   3.0000000e-02   3.0000000e-02
   5.0000000e+02   1.4000000e+02   4.0000000e-02   3.0000000e-02   1.0000000e-09
   5.0000000e+02   1.3000000e+02   4.0000000e-03   3.0000000e-02   3.0000000e-02
   5.0000000e+02   1.4000000e+02   4.0000000e-02   3.0000000e-02   1.0000000e-09
   5.0000000e+02   1.3000000e+02   4.0000000e-03   3.0000000e-02   3.0000000e-02
   5.0000000e+02   1.4000000e+02   4.0000000e-02   3.0000000e-02   1.0000000e-09
   5.0000000e+02   1.3000000e+02   4.0000000e-03   3.0000000e-02   3.0000000e-02
   5.0000000e+02   1.4000000e+02   4.0000000e-02   3.0000000e-02   1.0000000e-09
   5.0000000e+02   1.3000000e+02   4.0000000e-03   3.0000000e-02   3.0000000e-02
   5.0000000e+02   1.4000000e+02   4.0000000e-02   3.0000000e-02   1.0000000e-09
   5.0000000e+02   1.3000000e+02   4.0000000e-03   3.0000000e-02   3.0000000e-02
   5.0000000e+02   1.3000000e+02   4.0000000e-03   3.0000000e-02   3.0000000e-02
   5.0000000e+02   1.3000000e+02   4.0000000e-03   3.0000000e-02   3.0000000e-02
   5.0000000e+02   1.4000000e+02   2.1997120e-02   3.0000000e-02   1.0000000e-09
   5.0000000e+02   1.4000000e+02   3.9997120e-02   3.0000000e-02   1.0000000e-09
   5.0000000e+02   1.3000000e+02   4.0000000e-03   3.0000000e-02   3.0000000e-02
   5.0000000e+02   1.4000000e+02   4.0000000e-02   3.0000000e-02   1.0000000e-09
   5.0000000e+02   1.4000000e+02   4.0000000e-02   3.0000000e-02   1.0000000e-09
   5.0000000e+02   1.3000000e+02   4.0000000e-03   3.0000000e-02   3.0000000e-02
   5.0000000e+02   1.4000000e+02   2.1996520e-02   3.0000000e-02   1.0000000e-09
   5.0000000e+02   1.4000000e+02   4.0000000e-02   3.0000000e-02   1.0000000e-09
   5.0000000e+02   1.4000000e+02   1.2996940e-02   3.0000000e-02   1.0000000e-09
   5.0000000e+02   1.4000000e+02   4.0000000e-02   3.0000000e-02   1.0000000e-09
   5.0000000e+02   1.4000000e+02   3.0996940e-02   3.0000000e-02   1.0000000e-09
   5.0000000e+02   1.4000000e+02   4.0000000e-02   3.0000000e-02   1.0000000e-09
   5.0000000e+02   1.4000000e+02   4.0000000e-02   3.0000000e-02   1.0000000e-09
   5.0000000e+02   1.4000000e+02   4.0000000e-02   3.0000000e-02   1.0000000e-09
   5.0000000e+02   1.4000000e+02   4.0000000e-02   3.0000000e-02   1.0000000e-09
   5.0000000e+02   1.4000000e+02   4.0000000e-02   3.0000000e-02   1.0000000e-09
   5.0000000e+02   1.4000000e+02   4.0000000e-02   3.0000000e-02   1.0000000e-09
   5.0000000e+02   1.4000000e+02   4.0000000e-02   3.0000000e-02   1.0000000e-09
   5.0000000e+02   1.4000000e+02   4.0000000e-02   3.0000000e-02   1.0000000e-09
   5.0000000e+02   1.4000000e+02   4.0000000e-02   3.0000000e-02   1.0000000e-09
   5.0000000e+02   1.4000000e+02   4.0000000e-02   3.0000000e-02   1.0000000e-09
   5.0000000e+02   1.4000000e+02   4.0000000e-02   3.0000000e-02   1.0000000e-09
   5.0000000e+02   1.4000000e+02   4.0000000e-02   3.0000000e-02   1.0000000e-09
   5.0000000e+02   1.4000000e+02   4.0000000e-02   3.0000000e-02   1.0000000e-09
   5.0000000e+02   1.4000000e+02   4.0000000e-02   3.0000000e-02   1.0000000e-09
   5.0000000e+02   1.4000000e+02   4.0000000e-02   3.0000000e-02   1.0000000e-09
   5.0000000e+02   1.4000000e+02   4.0000000e-02   3.0000000e-02   1.0000000e-09
   5.0000000e+02   1.4000000e+02   4.0000000e-02   3.0000000e-02   1.0000000e-09
   5.0000000e+02   1.4000000e+02   4.0000000e-02   3.0000000e-02   1.0000000e-09
   5.0000000e+02   1.4000000e+02   4.0000000e-02   3.0000000e-02   1.0000000e-09
   5.0000000e+02   1.4000000e+02   4.0000000e-02   3.0000000e-02   1.0000000e-09
   5.0000000e+02   1.4000000e+02   4.0000000e-02   3.0000000e-02   1.0000000e-09
   5.0000000e+02   1.4000000e+02   4.0000000e-02   3.0000000e-02   1.0000000e-09
   5.0000000e+02   1.4000000e+02   4.0000000e-02   3.0000000e-02   1.0000000e-09
   5.0000000e+02   1.4000000e+02   4.0000000e-02   3.0000000e-02   1.0000000e-09
   5.0000000e+02   1.4000000e+02   4.0000000e-02   3.0000000e-02   1.0000000e-09
   5.0000000e+02   1.4000000e+02   4.0000000e-02   3.0000000e-02   1.0000000e-09
   5.0000000e+02   1.4000000e+02   4.0000000e-02   3.0000000e-02   1.0000000e-09
   5.0000000e+02   1.4000000e+02   4.0000000e-02   3.0000000e-02   1.0000000e-09
   5.0000000e+02   1.4000000e+02   4.0000000e-02   3.0000000e-02   1.0000000e-09
   5.0000000e+02   1.4000000e+02   4.0000000e-02   3.0000000e-02   1.0000000e-09
   5.0000000e+02   1.4000000e+02   4.0000000e-02   3.0000000e-02   1.0000000e-09
   5.0000000e+02   1.4000000e+02   4.0000000e-02   3.0000000e-02   1.0000000e-09
   5.0000000e+02   1.4000000e+02   4.0000000e-02   3.0000000e-02   1.0000000e-09
   5.0000000e+02   1.4000000e+02   4.0000000e-02   3.0000000e-02   1.0000000e-09
   5.0000000e+02   1.4000000e+02   4.0000000e-02   3.0000000e-02   1.0000000e-09
   5.0000000e+02   1.4000000e+02   4.0000000e-02   3.0000000e-02   1.0000000e-09
   5.0000000e+02   1.4000000e+02   4.0000000e-02   3.0000000e-02   1.0000000e-09
   5.0000000e+02   1.4000000e+02   4.0000000e-02   3.0000000e-02   1.0000000e-09
   5.0000000e+02   1.4000000e+02   4.0000000e-02   3.0000000e-02   1.0000000e-09
   5.0000000e+02   1.3000000e+02   4.0000000e-03   3.0000000e-02   3.0000000e-02
   5.0000000e+02   1.4000000e+02   4.0000000e-02   3.0000000e-02   1.0000000e-09
   5.0000000e+02   1.4000000e+02   4.0000000e-02   3.0000000e-02   1.0000000e-09
   5.0000000e+02   1.4000000e+02   4.0000000e-02   3.0000000e-02   1.0000000e-09
   5.0000000e+02   1.4000000e+02   4.0000000e-02   3.0000000e-02   1.0000000e-09
   5.0000000e+02   1.4000000e+02   4.0000000e-02   3.0000000e-02   1.0000000e-09
   5.0000000e+02   1.4000000e+02   4.0000000e-02   3.0000000e-02   1.0000000e-09
   5.0000000e+02   1.4000000e+02   4.0000000e-02   3.0000000e-02   1.0000000e-09
   5.0000000e+02   1.4000000e+02   4.0000000e-02   3.0000000e-02   1.0000000e-09
   5.0000000e+02   1.4000000e+02   4.0000000e-02   3.0000000e-02   1.0000000e-09
   5.0000000e+02   1.4000000e+02   4.0000000e-02   3.0000000e-02   1.0000000e-09
   5.0000000e+02   1.4000000e+02   4.0000000e-02   3.0000000e-02   1.0000000e-09
   5.0000000e+02   1.4000000e+02   4.0000000e-02   3.0000000e-02   1.0000000e-09
   5.0000000e+02   1.4000000e+02   4.0000000e-02   3.0000000e-02   1.0000000e-09
   5.0000000e+02   1.4000000e+02   4.0000000e-02   3.0000000e-02   1.0000000e-09
   5.0000000e+02   1.4000000e+02   4.0000000e-02   3.0000000e-02   1.0000000e-09
   5.0000000e+02   1.4000000e+02   4.0000000e-02   3.0000000e-02   1.0000000e-09
   5.0000000e+02   1.4000000e+02   4.0000000e-02   3.0000000e-02   1.0000000e-09
   5.0000000e+02   1.4000000e+02   4.0000000e-02   3.0000000e-02   1.0000000e-09
   5.0000000e+02   1.4000000e+02   4.0000000e-02   3.0000000e-02   1.0000000e-09
   5.0000000e+02   1.4000000e+02   4.0000000e-02   3.0000000e-02   1.0000000e-09
   5.0000000e+02   1.4000000e+02   4.0000000e-02   3.0000000e-02   1.0000000e-09
   5.0000000e+02   1.4000000e+02   4.0000000e-02   3.0000000e-02   1.0000000e-09
   5.0000000e+02   1.4000000e+02   4.0000000e-02   3.0000000e-02   1.0000000e-09
   5.0000000e+02   1.4000000e+02   4.0000000e-02   3.0000000e-02   1.0000000e-09
   5.0000000e+02   1.4000000e+02   4.0000000e-02   3.0000000e-02   1.0000000e-09
   5.0000000e+02   1.4000000e+02   4.0000000e-02   3.0000000e-02   1.0000000e-09
   5.0000000e+02   1.4000000e+02   4.0000000e-02   3.0000000e-02   1.0000000e-09
   5.0000000e+02   1.4000000e+02   4.0000000e-02   3.0000000e-02   1.0000000e-09
   5.0000000e+02   1.4000000e+02   4.0000000e-02   3.0000000e-02   1.0000000e-09
   5.0000000e+02   1.4000000e+02   4.0000000e-02   3.0000000e-02   1.0000000e-09
   5.0000000e+02   1.4000000e+02   4.0000000e-02   3.0000000e-02   1.0000000e-09
   5.0000000e+02   1.4000000e+02   4.0000000e-02   3.0000000e-02   1.0000000e-09
   5.0000000e+02   1.4000000e+02   4.0000000e-02   3.0000000e-02   1.0000000e-09
   5.0000000e+02   1.4000000e+02   4.0000000e-02   3.0000000e-02   1.0000000e-09
   5.0000000e+02   1.4000000e+02   4.0000000e-02   3.0000000e-02   1.0000000e-09
   5.0000000e+02   1.4000000e+02   4.0000000e-02   3.0000000e-02   1.0000000e-09
   5.0000000e+02   1.4000000e+02   4.0000000e-02   3.0000000e-02   1.0000000e-09
   5.0000000e+02   1.4000000e+02   4.0000000e-02   3.0000000e-02   1.0000000e-09
   5.0000000e+02   1.4000000e+02   4.0000000e-02   3.0000000e-02   1.0000000e-09
   5.0000000e+02   1.4000000e+02   4.0000000e-02   3.0000000e-02   1.0000000e-09
   5.0000000e+02   1.4000000e+02   4.0000000e-02   3.0000000e-02   1.0000000e-09
   5.0000000e+02   1.4000000e+02   4.0000000e-02   3.0000000e-02   1.0000000e-09
   5.0000000e+02   1.4000000e+02   4.0000000e-02   3.0000000e-02   1.0000000e-09
   5.0000000e+02   1.4000000e+02   4.0000000e-02   3.0000000e-02   1.0000000e-09
   5.0000000e+02   1.4000000e+02   4.0000000e-02   3.0000000e-02   1.0000000e-09
   5.0000000e+02   1.4000000e+02   4.0000000e-02   3.0000000e-02   1.0000000e-09
   5.0000000e+02   1.4000000e+02   4.0000000e-02   3.0000000e-02   1.0000000e-09
   5.0000000e+02   1.4000000e+02   4.0000000e-02   3.0000000e-02   1.0000000e-09
   5.0000000e+02   1.4000000e+02   4.0000000e-02   3.0000000e-02   1.0000000e-09
   5.0000000e+02   1.4000000e+02   4.0000000e-02   3.0000000e-02   1.0000000e-09
   5.0000000e+02   1.4000000e+02   4.0000000e-02   3.0000000e-02   1.0000000e-09
   5.0000000e+02   1.4000000e+02   4.0000000e-02   3.0000000e-02   1.0000000e-09
   5.0000000e+02   1.4000000e+02   4.0000000e-02   3.0000000e-02   1.0000000e-09
   5.0000000e+02   1.4000000e+02   4.0000000e-02   3.0000000e-02   1.0000000e-09
   5.0000000e+02   1.4000000e+02   4.0000000e-02   3.0000000e-02   1.0000000e-09
   5.0000000e+02   1.3000000e+02   4.0000000e-03   3.0000000e-02   3.0000000e-02
   5.0000000e+02   1.4000000e+02   4.0000000e-02   3.0000000e-02   1.0000000e-09
   5.0000000e+02   1.3000000e+02   4.0000000e-03   3.0000000e-02   3.0000000e-02
   5.0000000e+02   1.4000000e+02   4.0000000e-02   3.0000000e-02   1.0000000e-09
   5.0000000e+02   1.3000000e+02   4.0000000e-03   3.0000000e-02   3.0000000e-02
   5.0000000e+02   1.4000000e+02   4.0000000e-02   3.0000000e-02   1.0000000e-09
   5.0000000e+02   1.3000000e+02   4.0000000e-03   3.0000000e-02   3.0000000e-02
   5.0000000e+02   1.4000000e+02   4.0000000e-02   3.0000000e-02   1.0000000e-09
   5.0000000e+02   1.3000000e+02   4.0000000e-03   3.0000000e-02   3.0000000e-02
   5.0000000e+02   1.4000000e+02   4.0000000e-02   3.0000000e-02   1.0000000e-09
   5.0000000e+02   1.3000000e+02   4.0000000e-03   3.0000000e-02   3.0000000e-02
   5.0000000e+02   1.4000000e+02   4.0000000e-02   3.0000000e-02   1.0000000e-09
   5.0000000e+02   1.3000000e+02   4.0000000e-03   3.0000000e-02   3.0000000e-02
   5.0000000e+02   1.4000000e+02   4.0000000e-02   3.0000000e-02   1.0000000e-09
   5.0000000e+02   1.4000000e+02   4.0000000e-03   3.0000000e-02   1.0000000e-09
   5.0000000e+02   1.4000000e+02   4.0000000e-02   3.0000000e-02   1.0000000e-09
   5.0000000e+02   1.4000000e+02   4.0000000e-03   3.0000000e-02   1.0000000e-09
   5.0000000e+02   1.4000000e+02   4.0000000e-02   3.0000000e-02   1.0000000e-09
   5.0000000e+02   1.4000000e+02   4.0000000e-03   3.0000000e-02   1.0000000e-09
   5.0000000e+02   1.4000000e+02   4.0000000e-02   3.0000000e-02   1.0000000e-09
   5.0000000e+02   1.4000000e+02   4.0000000e-03   3.0000000e-02   1.0000000e-09
   5.0000000e+02   1.4000000e+02   4.0000000e-02   3.0000000e-02   1.0000000e-09
   5.0000000e+02   1.4000000e+02   4.0000000e-03   3.0000000e-02   1.0000000e-09
   5.0000000e+02   1.4000000e+02   4.0000000e-02   3.0000000e-02   1.0000000e-09
   5.0000000e+02   1.4000000e+02   4.0000000e-03   3.0000000e-02   1.0000000e-09
   5.0000000e+02   1.4000000e+02   4.0000000e-02   3.0000000e-02   1.0000000e-09
   5.0000000e+02   1.4000000e+02   4.0000000e-03   3.0000000e-02   1.0000000e-09
   5.0000000e+02   1.4000000e+02   4.0000000e-02   3.0000000e-02   1.0000000e-09
   5.0000000e+02   1.4000000e+02   4.0000000e-03   3.0000000e-02   1.0000000e-09
   5.0000000e+02   1.4000000e+02   4.0000000e-02   3.0000000e-02   1.0000000e-09
   5.0000000e+02   1.4000000e+02   4.0000000e-03   3.0000000e-02   1.0000000e-09
   5.0000000e+02   1.4000000e+02   4.0000000e-02   3.0000000e-02   1.0000000e-09
   5.0000000e+02   1.4000000e+02   4.0000000e-03   3.0000000e-02   1.0000000e-09
   5.0000000e+02   1.4000000e+02   4.0000000e-02   3.0000000e-02   1.0000000e-09
   5.0000000e+02   1.4000000e+02   4.0000000e-03   3.0000000e-02   1.0000000e-09
   5.0000000e+02   1.4000000e+02   4.0000000e-02   3.0000000e-02   1.0000000e-09
   5.0000000e+02   1.4000000e+02   4.0000000e-03   3.0000000e-02   1.0000000e-09
   5.0000000e+02   1.4000000e+02   4.0000000e-02   3.0000000e-02   1.0000000e-09
   5.0000000e+02   1.4000000e+02   4.0000000e-03   3.0000000e-02   1.0000000e-09
   5.0000000e+02   1.4000000e+02   4.0000000e-02   3.0000000e-02   1.0000000e-09
   5.0000000e+02   1.4000000e+02   4.0000000e-03   3.0000000e-02   1.0000000e-09
   5.0000000e+02   1.4000000e+02   4.0000000e-02   3.0000000e-02   1.0000000e-09
   5.0000000e+02   1.4000000e+02   4.0000000e-03   3.0000000e-02   1.0000000e-09
   5.0000000e+02   1.4000000e+02   4.0000000e-02   3.0000000e-02   1.0000000e-09
   5.0000000e+02   1.4000000e+02   4.0000000e-03   3.0000000e-02   1.0000000e-09
   5.0000000e+02   1.4000000e+02   4.0000000e-02   3.0000000e-02   1.0000000e-09
   5.0000000e+02   1.4000000e+02   4.0000000e-03   3.0000000e-02   1.0000000e-09
   5.0000000e+02   1.4000000e+02   4.0000000e-02   3.0000000e-02   1.0000000e-09
   5.0000000e+02   1.4000000e+02   4.0000000e-03   3.0000000e-02   1.0000000e-09
   5.0000000e+02   1.4000000e+02   4.0000000e-02   3.0000000e-02   1.0000000e-09
   5.0000000e+02   1.4000000e+02   4.0000000e-03   3.0000000e-02   1.0000000e-09
   5.0000000e+02   1.4000000e+02   4.0000000e-02   3.0000000e-02   1.0000000e-09
   5.0000000e+02   1.4000000e+02   4.0000000e-03   3.0000000e-02   1.0000000e-09
   5.0000000e+02   1.4000000e+02   4.0000000e-02   3.0000000e-02   1.0000000e-09
   5.0000000e+02   1.4000000e+02   4.0000000e-03   3.0000000e-02   1.0000000e-09
   5.0000000e+02   1.4000000e+02   4.0000000e-02   3.0000000e-02   1.0000000e-09
   5.0000000e+02   1.4000000e+02   4.0000000e-03   3.0000000e-02   1.0000000e-09
   5.0000000e+02   1.4000000e+02   4.0000000e-02   3.0000000e-02   1.0000000e-09
   5.0000000e+02   1.4000000e+02   4.0000000e-03   3.0000000e-02   1.0000000e-09
   5.0000000e+02   1.4000000e+02   4.0000000e-02   3.0000000e-02   1.0000000e-09
   5.0000000e+02   1.4000000e+02   4.0000000e-03   3.0000000e-02   1.0000000e-09
   5.0000000e+02   1.4000000e+02   4.0000000e-02   3.0000000e-02   1.0000000e-09
   5.0000000e+02   1.4000000e+02   4.0000000e-03   3.0000000e-02   1.0000000e-09
   5.0000000e+02   1.4000000e+02   4.0000000e-02   3.0000000e-02   1.0000000e-09
   5.0000000e+02   1.4000000e+02   4.0000000e-03   3.0000000e-02   1.0000000e-09
   5.0000000e+02   1.4000000e+02   4.0000000e-02   3.0000000e-02   1.0000000e-09
   5.0000000e+02   1.4000000e+02   4.0000000e-03   3.0000000e-02   1.0000000e-09
   5.0000000e+02   1.4000000e+02   4.0000000e-02   3.0000000e-02   1.0000000e-09
   5.0000000e+02   1.4000000e+02   4.0000000e-03   3.0000000e-02   1.0000000e-09
   5.0000000e+02   1.4000000e+02   4.0000000e-02   3.0000000e-02   1.0000000e-09
   5.0000000e+02   1.4000000e+02   4.0000000e-03   3.0000000e-02   1.0000000e-09
   5.0000000e+02   1.4000000e+02   4.0000000e-02   3.0000000e-02   1.0000000e-09
   5.0000000e+02   1.4000000e+02   4.0000000e-03   3.0000000e-02   1.0000000e-09
   5.0000000e+02   1.4000000e+02   4.0000000e-02   3.0000000e-02   1.0000000e-09
   5.0000000e+02   1.4000000e+02   4.0000000e-03   3.0000000e-02   1.0000000e-09
   5.0000000e+02   1.4000000e+02   4.0000000e-02   3.0000000e-02   1.0000000e-09
   5.0000000e+02   1.4000000e+02   4.0000000e-03   3.0000000e-02   1.0000000e-09
   5.0000000e+02   1.4000000e+02   4.0000000e-02   3.0000000e-02   1.0000000e-09
   5.0000000e+02   1.4000000e+02   4.0000000e-03   3.0000000e-02   1.0000000e-09
   5.0000000e+02   1.4000000e+02   4.0000000e-02   3.0000000e-02   1.0000000e-09
   5.0000000e+02   1.4000000e+02   4.0000000e-03   3.0000000e-02   1.0000000e-09
   5.0000000e+02   1.4000000e+02   4.0000000e-02   3.0000000e-02   1.0000000e-09
   5.0000000e+02   1.4000000e+02   4.0000000e-03   3.0000000e-02   1.0000000e-09
   5.0000000e+02   1.4000000e+02   4.0000000e-02   3.0000000e-02   1.0000000e-09
   5.0000000e+02   1.4000000e+02   4.0000000e-03   3.0000000e-02   1.0000000e-09
   5.0000000e+02   1.4000000e+02   4.0000000e-02   3.0000000e-02   1.0000000e-09
   5.0000000e+02   1.4000000e+02   4.0000000e-03   3.0000000e-02   1.0000000e-09
   5.0000000e+02   1.4000000e+02   4.0000000e-02   3.0000000e-02   1.0000000e-09
   5.0000000e+02   1.4000000e+02   4.0000000e-03   3.0000000e-02   1.0000000e-09
   5.0000000e+02   1.4000000e+02   4.0000000e-02   3.0000000e-02   1.0000000e-09
   5.0000000e+02   1.4000000e+02   4.0000000e-03   3.0000000e-02   1.0000000e-09
   5.0000000e+02   1.4000000e+02   4.0000000e-02   3.0000000e-02   1.0000000e-09
   5.0000000e+02   1.4000000e+02   4.0000000e-03   3.0000000e-02   1.0000000e-09
   5.0000000e+02   1.4000000e+02   4.0000000e-02   3.0000000e-02   1.0000000e-09
   5.0000000e+02   1.4000000e+02   4.0000000e-03   3.0000000e-02   1.0000000e-09
   5.0000000e+02   1.4000000e+02   4.0000000e-02   3.0000000e-02   1.0000000e-09
   5.0000000e+02   1.4000000e+02   4.0000000e-03   3.0000000e-02   1.0000000e-09
   5.0000000e+02   1.4000000e+02   4.0000000e-02   3.0000000e-02   1.0000000e-09
   5.0000000e+02   1.4000000e+02   4.0000000e-02   3.0000000e-02   1.0000000e-09
   5.0000000e+02   1.4000000e+02   4.0000000e-02   3.0000000e-02   1.0000000e-09
   5.0000000e+02   1.4000000e+02   4.0000000e-02   3.0000000e-02   1.0000000e-09
   5.0000000e+02   1.4000000e+02   4.0000000e-02   3.0000000e-02   1.0000000e-09
   5.0000000e+02   1.4000000e+02   4.0000000e-02   3.0000000e-02   1.0000000e-09
   5.0000000e+02   1.4000000e+02   4.0000000e-02   3.0000000e-02   1.0000000e-09
   5.0000000e+02   1.4000000e+02   4.0000000e-02   3.0000000e-02   1.0000000e-09
   5.0000000e+02   1.4000000e+02   4.0000000e-02   3.0000000e-02   1.0000000e-09
   5.0000000e+02   1.4000000e+02   4.0000000e-02   3.0000000e-02   1.0000000e-09
   5.0000000e+02   1.4000000e+02   4.0000000e-02   3.0000000e-02   1.0000000e-09
   5.0000000e+02   1.4000000e+02   4.0000000e-03   3.0000000e-02   1.0000000e-09
   5.0000000e+02   1.4000000e+02   4.0000000e-02   3.0000000e-02   1.0000000e-09
   5.0000000e+02   1.4000000e+02   4.0000000e-02   3.0000000e-02   1.0000000e-09
   5.0000000e+02   1.4000000e+02   4.0000000e-02   3.0000000e-02   1.0000000e-09
   5.0000000e+02   1.4000000e+02   4.0000000e-02   3.0000000e-02   1.0000000e-09
   5.0000000e+02   1.4000000e+02   4.0000000e-02   3.0000000e-02   1.0000000e-09
   5.0000000e+02   1.4000000e+02   4.0000000e-03   3.0000000e-02   1.0000000e-09
   5.0000000e+02   1.4000000e+02   4.0000000e-02   3.0000000e-02   1.0000000e-09
   5.0000000e+02   1.4000000e+02   4.0000000e-02   3.0000000e-02   1.0000000e-09
   5.0000000e+02   1.4000000e+02   4.0000000e-02   3.0000000e-02   1.0000000e-09
   5.0000000e+02   1.4000000e+02   4.0000000e-02   3.0000000e-02   1.0000000e-09
   5.0000000e+02   1.4000000e+02   4.0000000e-02   3.0000000e-02   1.0000000e-09
   5.0000000e+02   1.4000000e+02   4.0000000e-02   3.0000000e-02   1.0000000e-09
   5.0000000e+02   1.4000000e+02   4.0000000e-02   3.0000000e-02   1.0000000e-09
   5.0000000e+02   1.4000000e+02   4.0000000e-02   3.0000000e-02   1.0000000e-09
   5.0000000e+02   1.4000000e+02   4.0000000e-02   3.0000000e-02   1.0000000e-09
   5.0000000e+02   1.4000000e+02   4.0000000e-02   3.0000000e-02   1.0000000e-09
   5.0000000e+02   1.4000000e+02   4.0000000e-02   3.0000000e-02   1.0000000e-09
   5.0000000e+02   1.4000000e+02   4.0000000e-02   3.0000000e-02   1.0000000e-09
   5.0000000e+02   1.4000000e+02   4.0000000e-02   3.0000000e-02   1.0000000e-09
   5.0000000e+02   1.4000000e+02   4.0000000e-02   3.0000000e-02   1.0000000e-09
   5.0000000e+02   1.4000000e+02   4.0000000e-02   3.0000000e-02   1.0000000e-09
   5.0000000e+02   1.4000000e+02   4.0000000e-02   3.0000000e-02   1.0000000e-09
   5.0000000e+02   1.4000000e+02   4.0000000e-02   3.0000000e-02   1.0000000e-09
   5.0000000e+02   1.4000000e+02   4.0000000e-02   3.0000000e-02   1.0000000e-09
   5.0000000e+02   1.4000000e+02   4.0000000e-02   3.0000000e-02   1.0000000e-09
   5.0000000e+02   1.4000000e+02   4.0000000e-02   3.0000000e-02   1.0000000e-09
   5.0000000e+02   1.4000000e+02   4.0000000e-02   3.0000000e-02   1.0000000e-09
   5.0000000e+02   1.4000000e+02   4.0000000e-02   3.0000000e-02   1.0000000e-09
   5.0000000e+02   1.4000000e+02   4.0000000e-02   3.0000000e-02   1.0000000e-09
   5.0000000e+02   1.4000000e+02   4.0000000e-02   3.0000000e-02   1.0000000e-09
   5.0000000e+02   1.4000000e+02   4.0000000e-02   3.0000000e-02   1.0000000e-09
   5.0000000e+02   1.4000000e+02   4.0000000e-02   3.0000000e-02   1.0000000e-09
   5.0000000e+02   1.4000000e+02   4.0000000e-02   3.0000000e-02   1.0000000e-09
   5.0000000e+02   1.4000000e+02   4.0000000e-02   3.0000000e-02   1.0000000e-09
   5.0000000e+02   1.4000000e+02   4.0000000e-02   3.0000000e-02   1.0000000e-09
   5.0000000e+02   1.4000000e+02   4.0000000e-02   3.0000000e-02   1.0000000e-09
   5.0000000e+02   1.4000000e+02   4.0000000e-02   3.0000000e-02   1.0000000e-09
   5.0000000e+02   1.4000000e+02   4.0000000e-02   3.0000000e-02   1.0000000e-09
   5.0000000e+02   1.4000000e+02   4.0000000e-02   3.0000000e-02   1.0000000e-09
   5.0000000e+02   1.4000000e+02   4.0000000e-02   3.0000000e-02   1.0000000e-09
   5.0000000e+02   1.4000000e+02   4.0000000e-02   3.0000000e-02   1.0000000e-09
   5.0000000e+02   1.4000000e+02   4.0000000e-02   3.0000000e-02   1.0000000e-09
   5.0000000e+02   1.4000000e+02   4.0000000e-02   3.0000000e-02   1.0000000e-09
   5.0000000e+02   1.4000000e+02   4.0000000e-02   3.0000000e-02   1.0000000e-09
   5.0000000e+02   1.4000000e+02   4.0000000e-02   3.0000000e-02   1.0000000e-09
   5.0000000e+02   1.4000000e+02   4.0000000e-02   3.0000000e-02   1.0000000e-09
   5.0000000e+02   1.4000000e+02   4.0000000e-02   3.0000000e-02   1.0000000e-09
   5.0000000e+02   1.4000000e+02   4.0000000e-02   3.0000000e-02   1.0000000e-09
   5.0000000e+02   1.4000000e+02   4.0000000e-02   3.0000000e-02   1.0000000e-09
   5.0000000e+02   1.4000000e+02   4.0000000e-02   3.0000000e-02   1.0000000e-09
   5.0000000e+02   1.4000000e+02   4.0000000e-02   3.0000000e-02   1.0000000e-09
   5.0000000e+02   1.4000000e+02   4.0000000e-02   3.0000000e-02   1.0000000e-09
   5.0000000e+02   1.4000000e+02   4.0000000e-02   3.0000000e-02   1.0000000e-09
   5.0000000e+02   1.4000000e+02   4.0000000e-02   3.0000000e-02   1.0000000e-09
   5.0000000e+02   1.4000000e+02   4.0000000e-02   3.0000000e-02   1.0000000e-09
   5.0000000e+02   1.4000000e+02   4.0000000e-02   3.0000000e-02   1.0000000e-09
   5.0000000e+02   1.4000000e+02   4.0000000e-02   3.0000000e-02   1.0000000e-09
   5.0000000e+02   1.4000000e+02   4.0000000e-02   3.0000000e-02   1.0000000e-09
   5.0000000e+02   1.4000000e+02   2.2005400e-02   3.0000000e-02   1.0000000e-09
   5.0000000e+02   1.4000000e+02   4.0000000e-02   3.0000000e-02   1.0000000e-09
   5.0000000e+02   1.4000000e+02   4.0000000e-02   3.0000000e-02   1.0000000e-09
   5.0000000e+02   1.4000000e+02   4.0000000e-02   3.0000000e-02   1.0000000e-09
   5.0000000e+02   1.4000000e+02   4.0000000e-02   3.0000000e-02   1.0000000e-09
   5.0000000e+02   1.4000000e+02   4.0000000e-02   3.0000000e-02   1.0000000e-09
   5.0000000e+02   1.4000000e+02   4.0000000e-02   3.0000000e-02   1.0000000e-09
   5.0000000e+02   1.4000000e+02   4.0000000e-02   3.0000000e-02   1.0000000e-09
   5.0000000e+02   1.4000000e+02   4.0000000e-02   3.0000000e-02   1.0000000e-09
   5.0000000e+02   1.4000000e+02   4.0000000e-02   3.0000000e-02   1.0000000e-09
   5.0000000e+02   1.4000000e+02   4.0000000e-02   3.0000000e-02   1.0000000e-09
   5.0000000e+02   1.4000000e+02   4.0000000e-02   3.0000000e-02   1.0000000e-09
   5.0000000e+02   1.4000000e+02   4.0000000e-02   3.0000000e-02   1.0000000e-09
   5.0000000e+02   1.4000000e+02   4.0000000e-02   3.0000000e-02   1.0000000e-09
   5.0000000e+02   1.4000000e+02   4.0000000e-02   3.0000000e-02   1.0000000e-09
   5.0000000e+02   1.4000000e+02   4.0000000e-02   3.0000000e-02   1.0000000e-09
   5.0000000e+02   1.4000000e+02   4.0000000e-02   3.0000000e-02   1.0000000e-09
   5.0000000e+02   1.4000000e+02   4.0000000e-02   3.0000000e-02   1.0000000e-09
   5.0000000e+02   1.4000000e+02   4.0000000e-02   3.0000000e-02   1.0000000e-09
   5.0000000e+02   1.4000000e+02   4.0000000e-02   3.0000000e-02   1.0000000e-09
   5.0000000e+02   1.4000000e+02   4.0000000e-02   3.0000000e-02   1.0000000e-09
   5.0000000e+02   1.4000000e+02   4.0000000e-02   3.0000000e-02   1.0000000e-09
   5.0000000e+02   1.4000000e+02   4.0000000e-02   3.0000000e-02   1.0000000e-09
   5.0000000e+02   1.4000000e+02   4.0000000e-02   3.0000000e-02   1.0000000e-09
   5.0000000e+02   1.4000000e+02   4.0000000e-02   3.0000000e-02   1.0000000e-09
   5.0000000e+02   1.4000000e+02   4.0000000e-02   3.0000000e-02   1.0000000e-09
   5.0000000e+02   1.4000000e+02   4.0000000e-02   3.0000000e-02   1.0000000e-09
   5.0000000e+02   1.4000000e+02   4.0000000e-02   3.0000000e-02   1.0000000e-09
   5.0000000e+02   1.4000000e+02   4.0000000e-02   3.0000000e-02   1.0000000e-09
   5.0000000e+02   1.4000000e+02   4.0000000e-02   3.0000000e-02   1.0000000e-09
   5.0000000e+02   1.4000000e+02   4.0000000e-02   3.0000000e-02   1.0000000e-09
   5.0000000e+02   1.4000000e+02   4.0000000e-02   3.0000000e-02   1.0000000e-09
   5.0000000e+02   1.4000000e+02   4.0000000e-02   3.0000000e-02   1.0000000e-09
   5.0000000e+02   1.4000000e+02   4.0000000e-02   3.0000000e-02   1.0000000e-09
   5.0000000e+02   1.4000000e+02   4.0000000e-02   3.0000000e-02   1.0000000e-09
   5.0000000e+02   1.4000000e+02   4.0000000e-02   3.0000000e-02   1.0000000e-09
   5.0000000e+02   1.4000000e+02   3.1004620e-02   3.0000000e-02   1.0000000e-09
   5.0000000e+02   1.4000000e+02   4.0000000e-02   3.0000000e-02   1.0000000e-09
   5.0000000e+02   1.4000000e+02   4.0000000e-02   3.0000000e-02   1.0000000e-09
   5.0000000e+02   1.4000000e+02   1.3004020e-02   3.0000000e-02   1.0000000e-09
   5.0000000e+02   1.4000000e+02   4.0000000e-03   3.0000000e-02   1.0000000e-09
   5.0000000e+02   1.4000000e+02   4.0000000e-02   3.0000000e-02   1.0000000e-09
   5.0000000e+02   1.4000000e+02   4.0000000e-02   3.0000000e-02   1.0000000e-09
   5.0000000e+02   1.4000000e+02   4.0000000e-02   3.0000000e-02   1.0000000e-09
   5.0000000e+02   1.4000000e+02   4.0000000e-03   3.0000000e-02   1.0000000e-09
   5.0000000e+02   1.4000000e+02   4.0000000e-02   3.0000000e-02   1.0000000e-09
   5.0000000e+02   1.4000000e+02   2.2004620e-02   3.0000000e-02   1.0000000e-09
   5.0000000e+02   1.4000000e+02   4.0000000e-02   3.0000000e-02   1.0000000e-09
   5.0000000e+02   1.4000000e+02   4.0000000e-03   3.0000000e-02   1.0000000e-09
   5.0000000e+02   1.4000000e+02   4.0040800e-03   3.0000000e-02   1.0000000e-09
   5.0000000e+02   1.4000000e+02   4.0000000e-03   3.0000000e-02   1.0000000e-09
   5.0000000e+02   1.4000000e+02   4.0000000e-02   3.0000000e-02   1.0000000e-09
   5.0000000e+02   1.4000000e+02   4.0000000e-03   3.0000000e-02   1.0000000e-09
   5.0000000e+02   1.4000000e+02   4.0000000e-02   3.0000000e-02   1.0000000e-09
   5.0000000e+02   1.4000000e+02   4.0000000e-03   3.0000000e-02   1.0000000e-09
   5.0000000e+02   1.4000000e+02   4.0000000e-02   3.0000000e-02   1.0000000e-09
   5.0000000e+02   1.4000000e+02   4.0000000e-03   3.0000000e-02   1.0000000e-09
   5.0000000e+02   1.4000000e+02   4.0000000e-02   3.0000000e-02   1.0000000e-09
   5.0000000e+02   1.4000000e+02   4.0000000e-03   3.0000000e-02   1.0000000e-09
   5.0000000e+02   1.4000000e+02   4.0000000e-02   3.0000000e-02   1.0000000e-09
   5.0000000e+02   1.4000000e+02   4.0000000e-03   3.0000000e-02   1.0000000e-09
   5.0000000e+02   1.4000000e+02   4.0000000e-03   3.0000000e-02   1.0000000e-09
   5.0000000e+02   1.4000000e+02   4.0000000e-03   3.0000000e-02   1.0000000e-09
   5.0000000e+02   1.4000000e+02   4.0000000e-03   3.0000000e-02   1.0000000e-09
   5.0000000e+02   1.4000000e+02   4.0000000e-03   3.0000000e-02   1.0000000e-09
   5.0000000e+02   1.4000000e+02   4.0000000e-03   3.0000000e-02   1.0000000e-09
   5.0000000e+02   1.4000000e+02   4.0000000e-03   3.0000000e-02   1.0000000e-09
   5.0000000e+02   1.4000000e+02   4.0000000e-03   3.0000000e-02   1.0000000e-09
   5.0000000e+02   1.4000000e+02   4.0000000e-03   3.0000000e-02   1.0000000e-09
   5.0000000e+02   1.4000000e+02   4.0000000e-03   3.0000000e-02   1.0000000e-09
   5.0000000e+02   1.4000000e+02   4.0000000e-03   3.0000000e-02   1.0000000e-09
   5.0000000e+02   1.4000000e+02   4.0000000e-03   3.0000000e-02   1.0000000e-09
   5.0000000e+02   1.4000000e+02   4.0000000e-03   3.0000000e-02   1.0000000e-09
   5.0000000e+02   1.4000000e+02   4.0000000e-03   3.0000000e-02   1.0000000e-09
   5.0000000e+02   1.4000000e+02   4.0000000e-03   3.0000000e-02   1.0000000e-09
   5.0000000e+02   1.4000000e+02   4.0000000e-03   3.0000000e-02   1.0000000e-09
   5.0000000e+02   1.4000000e+02   4.0000000e-03   3.0000000e-02   1.0000000e-09
   5.0000000e+02   1.4000000e+02   4.0000000e-03   3.0000000e-02   1.0000000e-09
   5.0000000e+02   1.4000000e+02   4.0000000e-03   3.0000000e-02   1.0000000e-09
   5.0000000e+02   1.4000000e+02   4.0000000e-03   3.0000000e-02   1.0000000e-09
   5.0000000e+02   1.4000000e+02   4.0000000e-03   3.0000000e-02   1.0000000e-09
   5.0000000e+02   1.4000000e+02   4.0000000e-03   3.0000000e-02   1.0000000e-09
   5.0000000e+02   1.4000000e+02   4.0000000e-03   3.0000000e-02   1.0000000e-09
   5.0000000e+02   1.4000000e+02   4.0000000e-03   3.0000000e-02   1.0000000e-09
   5.0000000e+02   1.4000000e+02   4.0000000e-03   3.0000000e-02   1.0000000e-09
   5.0000000e+02   1.4000000e+02   4.0000000e-03   3.0000000e-02   1.0000000e-09
   5.0000000e+02   1.4000000e+02   4.0000000e-03   3.0000000e-02   1.0000000e-09
   5.0000000e+02   1.4000000e+02   4.0000000e-03   3.0000000e-02   1.0000000e-09
   5.0000000e+02   1.4000000e+02   4.0000000e-03   3.0000000e-02   1.0000000e-09
   5.0000000e+02   1.4000000e+02   4.0000000e-03   3.0000000e-02   1.0000000e-09
   5.0000000e+02   1.4000000e+02   4.0000000e-03   3.0000000e-02   1.0000000e-09
   5.0000000e+02   1.4000000e+02   4.0000000e-03   3.0000000e-02   1.0000000e-09
   5.0000000e+02   1.4000000e+02   4.0000000e-03   3.0000000e-02   1.0000000e-09
   5.0000000e+02   1.4000000e+02   4.0000000e-03   3.0000000e-02   1.0000000e-09
   5.0000000e+02   1.4000000e+02   4.0000000e-03   3.0000000e-02   1.0000000e-09
   5.0000000e+02   1.4000000e+02   4.0000000e-03   3.0000000e-02   1.0000000e-09
   5.0000000e+02   1.4000000e+02   4.0000000e-03   3.0000000e-02   1.0000000e-09
   5.0000000e+02   1.4000000e+02   4.0000000e-03   3.0000000e-02   1.0000000e-09
   5.0000000e+02   1.4000000e+02   4.0000000e-03   3.0000000e-02   1.0000000e-09
   5.0000000e+02   1.4000000e+02   4.0000000e-03   3.0000000e-02   1.0000000e-09
   5.0000000e+02   1.4000000e+02   4.0000000e-03   3.0000000e-02   1.0000000e-09
   5.0000000e+02   1.4000000e+02   4.0000000e-03   3.0000000e-02   1.0000000e-09
   5.0000000e+02   1.4000000e+02   4.0000000e-03   3.0000000e-02   1.0000000e-09
   5.0000000e+02   1.4000000e+02   4.0000000e-03   3.0000000e-02   1.0000000e-09
   5.0000000e+02   1.4000000e+02   4.0000000e-03   3.0000000e-02   1.0000000e-09
   5.0000000e+02   1.4000000e+02   4.0000000e-03   3.0000000e-02   1.0000000e-09
   5.0000000e+02   1.4000000e+02   4.0000000e-03   3.0000000e-02   1.0000000e-09
   5.0000000e+02   1.4000000e+02   4.0000000e-03   3.0000000e-02   1.0000000e-09
   5.0000000e+02   1.4000000e+02   4.0000000e-03   3.0000000e-02   1.0000000e-09
   5.0000000e+02   1.4000000e+02   4.0000000e-03   3.0000000e-02   1.0000000e-09
   5.0000000e+02   1.4000000e+02   4.0000000e-03   3.0000000e-02   1.0000000e-09
   5.0000000e+02   1.4000000e+02   4.0000000e-03   3.0000000e-02   1.0000000e-09
   5.0000000e+02   1.4000000e+02   4.0000000e-03   3.0000000e-02   1.0000000e-09
   5.0000000e+02   1.4000000e+02   4.0000000e-03   3.0000000e-02   1.0000000e-09
   5.0000000e+02   1.4000000e+02   4.0000000e-03   3.0000000e-02   1.0000000e-09
   5.0000000e+02   1.4000000e+02   4.0000000e-03   3.0000000e-02   1.0000000e-09
   5.0000000e+02   1.4000000e+02   4.0000000e-03   3.0000000e-02   1.0000000e-09
   5.0000000e+02   1.4000000e+02   4.0000000e-03   3.0000000e-02   1.0000000e-09
   5.0000000e+02   1.4000000e+02   4.0000000e-03   3.0000000e-02   1.0000000e-09
   5.0000000e+02   1.4000000e+02   4.0000000e-03   3.0000000e-02   1.0000000e-09
   5.0000000e+02   1.4000000e+02   4.0000000e-03   3.0000000e-02   1.0000000e-09
   5.0000000e+02   1.4000000e+02   4.0000000e-03   3.0000000e-02   1.0000000e-09
   5.0000000e+02   1.4000000e+02   4.0000000e-03   3.0000000e-02   1.0000000e-09
   5.0000000e+02   1.4000000e+02   4.0000000e-03   3.0000000e-02   1.0000000e-09
   5.0000000e+02   1.4000000e+02   4.0000000e-03   3.0000000e-02   1.0000000e-09
   5.0000000e+02   1.4000000e+02   4.0000000e-03   3.0000000e-02   1.0000000e-09
   5.0000000e+02   1.4000000e+02   4.0000000e-03   3.0000000e-02   1.0000000e-09
   5.0000000e+02   1.4000000e+02   4.0000000e-03   3.0000000e-02   1.0000000e-09
   5.0000000e+02   1.4000000e+02   4.0000000e-03   3.0000000e-02   1.0000000e-09
   5.0000000e+02   1.4000000e+02   4.0000000e-03   3.0000000e-02   1.0000000e-09
   5.0000000e+02   1.4000000e+02   4.0000000e-03   3.0000000e-02   1.0000000e-09
   5.0000000e+02   1.4000000e+02   4.0000000e-03   3.0000000e-02   1.0000000e-09
   5.0000000e+02   1.4000000e+02   4.0000000e-03   3.0000000e-02   1.0000000e-09
   5.0000000e+02   1.4000000e+02   4.0000000e-03   3.0000000e-02   1.0000000e-09
   5.0000000e+02   1.4000000e+02   4.0000000e-03   3.0000000e-02   1.0000000e-09
   5.0000000e+02   1.4000000e+02   4.0000000e-03   3.0000000e-02   1.0000000e-09
   5.0000000e+02   1.3000000e+02   4.0000000e-03   3.0000000e-02   3.0000000e-02
   5.0000000e+02   1.4000000e+02   4.0000000e-03   3.0000000e-02   1.0000000e-09
   5.0000000e+02   1.3000000e+02   4.0000000e-03   3.0000000e-02   3.0000000e-02
   5.0000000e+02   1.4000000e+02   4.0000000e-03   3.0000000e-02   1.0000000e-09
   5.0000000e+02   1.3000000e+02   4.0000000e-03   3.0000000e-02   3.0000000e-02
   5.0000000e+02   1.4000000e+02   4.0000000e-03   3.0000000e-02   1.0000000e-09
   5.0000000e+02   1.3000000e+02   4.0000000e-03   3.0000000e-02   3.0000000e-02
   5.0000000e+02   1.4000000e+02   4.0000000e-03   3.0000000e-02   1.0000000e-09
   5.0000000e+02   1.3000000e+02   4.0000000e-03   3.0000000e-02   3.0000000e-02
   5.0000000e+02   1.4000000e+02   4.0000000e-03   3.0000000e-02   1.0000000e-09
   5.0000000e+02   1.3000000e+02   4.0000000e-03   3.0000000e-02   3.0000000e-02
   5.0000000e+02   1.3000000e+02   4.0000000e-03   3.0000000e-02   3.0000000e-02
   5.0000000e+02   1.3000000e+02   4.0000000e-03   3.0000000e-02   3.0000000e-02
   5.0000000e+02   1.3000000e+02   4.0000000e-03   3.0000000e-02   3.0000000e-02
   5.0000000e+02   1.3000000e+02   4.0000000e-03   3.0000000e-02   3.0000000e-02
   5.0000000e+02   1.3000000e+02   4.0000000e-03   3.0000000e-02   3.0000000e-02
   5.0000000e+02   1.3000000e+02   4.0000000e-03   3.0000000e-02   3.0000000e-02
   5.0000000e+02   1.3000000e+02   4.0000000e-03   3.0000000e-02   3.0000000e-02
   5.0000000e+02   1.3000000e+02   4.0000000e-03   3.0000000e-02   3.0000000e-02
   5.0000000e+02   1.3000000e+02   4.0000000e-03   3.0000000e-02   3.0000000e-02
   5.0000000e+02   1.3000000e+02   4.0000000e-03   3.0000000e-02   3.0000000e-02
   5.0000000e+02   1.3000000e+02   4.0000000e-03   3.0000000e-02   3.0000000e-02
   5.0000000e+02   1.3000000e+02   4.0000000e-03   3.0000000e-02   3.0000000e-02
   5.0000000e+02   1.3000000e+02   4.0000000e-03   3.0000000e-02   3.0000000e-02
   5.0000000e+02   1.3000000e+02   4.0000000e-03   3.0000000e-02   3.0000000e-02
   5.0000000e+02   1.4000000e+02   4.0000000e-02   3.0000000e-02   1.0000000e-09
   5.0000000e+02   1.4000000e+02   4.0000000e-02   3.0000000e-02   1.0000000e-09
   5.0000000e+02   1.4000000e+02   3.0996640e-02   3.0000000e-02   1.0000000e-09
   5.0000000e+02   1.3000000e+02   4.0000000e-03   3.0000000e-02   3.0000000e-02
   5.0000000e+02   1.4000000e+02   4.0000000e-02   3.0000000e-02   1.0000000e-09
   5.0000000e+02   1.3000000e+02   4.0000000e-03   3.0000000e-02   3.0000000e-02
   5.0000000e+02   1.4000000e+02   1.2996160e-02   3.0000000e-02   1.0000000e-09
   5.0000000e+02   1.4000000e+02   4.0000000e-02   3.0000000e-02   1.0000000e-09
   5.0000000e+02   1.3000000e+02   4.0000000e-03   3.0000000e-02   3.0000000e-02
   5.0000000e+02   1.4000000e+02   3.0996160e-02   3.0000000e-02   1.0000000e-09
   5.0000000e+02   1.4000000e+02   4.0000000e-02   3.0000000e-02   1.0000000e-09
   5.0000000e+02   1.4000000e+02   4.0000000e-02   3.0000000e-02   1.0000000e-09
   5.0000000e+02   1.4000000e+02   4.0000000e-02   3.0000000e-02   1.0000000e-09
   5.0000000e+02   1.4000000e+02   4.0000000e-02   3.0000000e-02   1.0000000e-09
   5.0000000e+02   1.4000000e+02   4.0000000e-02   3.0000000e-02   1.0000000e-09
   5.0000000e+02   1.4000000e+02   4.0000000e-02   3.0000000e-02   1.0000000e-09
   5.0000000e+02   1.4000000e+02   4.0000000e-02   3.0000000e-02   1.0000000e-09
   5.0000000e+02   1.4000000e+02   4.0000000e-02   3.0000000e-02   1.0000000e-09
   5.0000000e+02   1.4000000e+02   4.0000000e-02   3.0000000e-02   1.0000000e-09
   5.0000000e+02   1.4000000e+02   4.0000000e-02   3.0000000e-02   1.0000000e-09
   5.0000000e+02   1.4000000e+02   4.0000000e-02   3.0000000e-02   1.0000000e-09
   5.0000000e+02   1.4000000e+02   4.0000000e-02   3.0000000e-02   1.0000000e-09
   5.0000000e+02   1.4000000e+02   4.0000000e-02   3.0000000e-02   1.0000000e-09
   5.0000000e+02   1.4000000e+02   4.0000000e-02   3.0000000e-02   1.0000000e-09
   5.0000000e+02   1.4000000e+02   4.0000000e-02   3.0000000e-02   1.0000000e-09
   5.0000000e+02   1.4000000e+02   4.0000000e-02   3.0000000e-02   1.0000000e-09
   5.0000000e+02   1.4000000e+02   4.0000000e-02   3.0000000e-02   1.0000000e-09
   5.0000000e+02   1.4000000e+02   4.0000000e-02   3.0000000e-02   1.0000000e-09
   5.0000000e+02   1.4000000e+02   4.0000000e-02   3.0000000e-02   1.0000000e-09
   5.0000000e+02   1.4000000e+02   4.0000000e-02   3.0000000e-02   1.0000000e-09
   5.0000000e+02   1.4000000e+02   4.0000000e-02   3.0000000e-02   1.0000000e-09
   5.0000000e+02   1.4000000e+02   4.0000000e-02   3.0000000e-02   1.0000000e-09
   5.0000000e+02   1.4000000e+02   4.0000000e-02   3.0000000e-02   1.0000000e-09
   5.0000000e+02   1.4000000e+02   4.0000000e-02   3.0000000e-02   1.0000000e-09
   5.0000000e+02   1.4000000e+02   4.0000000e-02   3.0000000e-02   1.0000000e-09
   5.0000000e+02   1.4000000e+02   4.0000000e-02   3.0000000e-02   1.0000000e-09
   5.0000000e+02   1.4000000e+02   4.0000000e-02   3.0000000e-02   1.0000000e-09
   5.0000000e+02   1.4000000e+02   4.0000000e-02   3.0000000e-02   1.0000000e-09
   5.0000000e+02   1.4000000e+02   4.0000000e-02   3.0000000e-02   1.0000000e-09
   5.0000000e+02   1.4000000e+02   4.0000000e-02   3.0000000e-02   1.0000000e-09
   5.0000000e+02   1.4000000e+02   4.0000000e-02   3.0000000e-02   1.0000000e-09
   5.0000000e+02   1.4000000e+02   4.0000000e-02   3.0000000e-02   1.0000000e-09
   5.0000000e+02   1.4000000e+02   4.0000000e-02   3.0000000e-02   1.0000000e-09
   5.0000000e+02   1.4000000e+02   4.0000000e-02   3.0000000e-02   1.0000000e-09
   5.0000000e+02   1.4000000e+02   4.0000000e-02   3.0000000e-02   1.0000000e-09
   5.0000000e+02   1.4000000e+02   4.0000000e-02   3.0000000e-02   1.0000000e-09
   5.0000000e+02   1.4000000e+02   4.0000000e-02   3.0000000e-02   1.0000000e-09
   5.0000000e+02   1.4000000e+02   4.0000000e-02   3.0000000e-02   1.0000000e-09
   5.0000000e+02   1.4000000e+02   4.0000000e-02   3.0000000e-02   1.0000000e-09
   5.0000000e+02   1.4000000e+02   4.0000000e-02   3.0000000e-02   1.0000000e-09
   5.0000000e+02   1.4000000e+02   4.0000000e-02   3.0000000e-02   1.0000000e-09
   5.0000000e+02   1.4000000e+02   4.0000000e-02   3.0000000e-02   1.0000000e-09
   5.0000000e+02   1.4000000e+02   4.0000000e-02   3.0000000e-02   1.0000000e-09
   5.0000000e+02   1.4000000e+02   4.0000000e-02   3.0000000e-02   1.0000000e-09
   5.0000000e+02   1.4000000e+02   4.0000000e-02   3.0000000e-02   1.0000000e-09
   5.0000000e+02   1.4000000e+02   4.0000000e-02   3.0000000e-02   1.0000000e-09
   5.0000000e+02   1.4000000e+02   4.0000000e-02   3.0000000e-02   1.0000000e-09
   5.0000000e+02   1.4000000e+02   4.0000000e-02   3.0000000e-02   1.0000000e-09
   5.0000000e+02   1.4000000e+02   4.0000000e-02   3.0000000e-02   1.0000000e-09
   5.0000000e+02   1.4000000e+02   4.0000000e-02   3.0000000e-02   1.0000000e-09
   5.0000000e+02   1.4000000e+02   4.0000000e-02   3.0000000e-02   1.0000000e-09
   5.0000000e+02   1.4000000e+02   4.0000000e-02   3.0000000e-02   1.0000000e-09
   5.0000000e+02   1.4000000e+02   4.0000000e-02   3.0000000e-02   1.0000000e-09
   5.0000000e+02   1.4000000e+02   4.0000000e-02   3.0000000e-02   1.0000000e-09
   5.0000000e+02   1.4000000e+02   4.0000000e-02   3.0000000e-02   1.0000000e-09
   5.0000000e+02   1.4000000e+02   4.0000000e-02   3.0000000e-02   1.0000000e-09
   5.0000000e+02   1.4000000e+02   4.0000000e-02   3.0000000e-02   1.0000000e-09
   5.0000000e+02   1.4000000e+02   4.0000000e-02   3.0000000e-02   1.0000000e-09
   5.0000000e+02   1.4000000e+02   4.0000000e-02   3.0000000e-02   1.0000000e-09
   5.0000000e+02   1.4000000e+02   4.0000000e-02   3.0000000e-02   1.0000000e-09
   5.0000000e+02   1.4000000e+02   4.0000000e-02   3.0000000e-02   1.0000000e-09
   5.0000000e+02   1.4000000e+02   4.0000000e-02   3.0000000e-02   1.0000000e-09
   5.0000000e+02   1.4000000e+02   4.0000000e-02   3.0000000e-02   1.0000000e-09
   5.0000000e+02   1.4000000e+02   4.0000000e-02   3.0000000e-02   1.0000000e-09
   5.0000000e+02   1.4000000e+02   4.0000000e-02   3.0000000e-02   1.0000000e-09
   5.0000000e+02   1.4000000e+02   4.0000000e-02   3.0000000e-02   1.0000000e-09
   5.0000000e+02   1.4000000e+02   4.0000000e-02   3.0000000e-02   1.0000000e-09
   5.0000000e+02   1.4000000e+02   4.0000000e-02   3.0000000e-02   1.0000000e-09
   5.0000000e+02   1.4000000e+02   4.0000000e-02   3.0000000e-02   1.0000000e-09
   5.0000000e+02   1.4000000e+02   4.0000000e-02   3.0000000e-02   1.0000000e-09
   5.0000000e+02   1.4000000e+02   4.0000000e-02   3.0000000e-02   1.0000000e-09
   5.0000000e+02   1.4000000e+02   4.0000000e-02   3.0000000e-02   1.0000000e-09
   5.0000000e+02   1.4000000e+02   4.0000000e-02   3.0000000e-02   1.0000000e-09
   5.0000000e+02   1.4000000e+02   4.0000000e-02   3.0000000e-02   1.0000000e-09
   5.0000000e+02   1.4000000e+02   4.0000000e-02   3.0000000e-02   1.0000000e-09
   5.0000000e+02   1.4000000e+02   4.0000000e-02   3.0000000e-02   1.0000000e-09
   5.0000000e+02   1.4000000e+02   4.0000000e-02   3.0000000e-02   1.0000000e-09
   5.0000000e+02   1.4000000e+02   4.0000000e-02   3.0000000e-02   1.0000000e-09
   5.0000000e+02   1.4000000e+02   4.0000000e-02   3.0000000e-02   1.0000000e-09
   5.0000000e+02   1.4000000e+02   4.0000000e-02   3.0000000e-02   1.0000000e-09
   5.0000000e+02   1.4000000e+02   4.0000000e-02   3.0000000e-02   1.0000000e-09
   5.0000000e+02   1.4000000e+02   4.0000000e-02   3.0000000e-02   1.0000000e-09
   5.0000000e+02   1.4000000e+02   4.0000000e-02   3.0000000e-02   1.0000000e-09
   5.0000000e+02   1.4000000e+02   4.0000000e-02   3.0000000e-02   1.0000000e-09
   5.0000000e+02   1.4000000e+02   4.0000000e-02   3.0000000e-02   1.0000000e-09
   5.0000000e+02   1.4000000e+02   4.0000000e-02   3.0000000e-02   1.0000000e-09
   5.0000000e+02   1.4000000e+02   4.0000000e-02   3.0000000e-02   1.0000000e-09
   5.0000000e+02   1.4000000e+02   4.0000000e-02   3.0000000e-02   1.0000000e-09
   5.0000000e+02   1.4000000e+02   4.0000000e-02   3.0000000e-02   1.0000000e-09
   5.0000000e+02   1.4000000e+02   4.0000000e-02   3.0000000e-02   1.0000000e-09
   5.0000000e+02   1.4000000e+02   4.0000000e-02   3.0000000e-02   1.0000000e-09
   5.0000000e+02   1.4000000e+02   4.0000000e-02   3.0000000e-02   1.0000000e-09
   5.0000000e+02   1.4000000e+02   4.0000000e-02   3.0000000e-02   1.0000000e-09
   5.0000000e+02   1.4000000e+02   4.0000000e-02   3.0000000e-02   1.0000000e-09
   5.0000000e+02   1.4000000e+02   4.0000000e-02   3.0000000e-02   1.0000000e-09
   5.0000000e+02   1.4000000e+02   4.0000000e-02   3.0000000e-02   1.0000000e-09
   5.0000000e+02   1.4000000e+02   4.0000000e-02   3.0000000e-02   1.0000000e-09
   5.0000000e+02   1.4000000e+02   4.0000000e-02   3.0000000e-02   1.0000000e-09
   5.0000000e+02   1.4000000e+02   4.0000000e-02   3.0000000e-02   1.0000000e-09
   5.0000000e+02   1.4000000e+02   4.0000000e-02   3.0000000e-02   1.0000000e-09
   5.0000000e+02   1.4000000e+02   4.0000000e-02   3.0000000e-02   1.0000000e-09
   5.0000000e+02   1.4000000e+02   4.0000000e-02   3.0000000e-02   1.0000000e-09
   5.0000000e+02   1.4000000e+02   4.0000000e-02   3.0000000e-02   1.0000000e-09
   5.0000000e+02   1.4000000e+02   4.0000000e-02   3.0000000e-02   1.0000000e-09
   5.0000000e+02   1.4000000e+02   4.0000000e-02   3.0000000e-02   1.0000000e-09
   5.0000000e+02   1.4000000e+02   4.0000000e-02   3.0000000e-02   1.0000000e-09
   5.0000000e+02   1.4000000e+02   4.0000000e-02   3.0000000e-02   1.0000000e-09
   5.0000000e+02   1.4000000e+02   4.0000000e-02   3.0000000e-02   1.0000000e-09
   5.0000000e+02   1.4000000e+02   4.0000000e-02   3.0000000e-02   1.0000000e-09
   5.0000000e+02   1.4000000e+02   4.0000000e-02   3.0000000e-02   1.0000000e-09
   5.0000000e+02   1.4000000e+02   4.0000000e-02   3.0000000e-02   1.0000000e-09
   5.0000000e+02   1.4000000e+02   4.0000000e-02   3.0000000e-02   1.0000000e-09
   5.0000000e+02   1.4000000e+02   4.0000000e-02   3.0000000e-02   1.0000000e-09
   5.0000000e+02   1.4000000e+02   4.0000000e-02   3.0000000e-02   1.0000000e-09
   5.0000000e+02   1.4000000e+02   4.0000000e-02   3.0000000e-02   1.0000000e-09
   5.0000000e+02   1.4000000e+02   4.0000000e-02   3.0000000e-02   1.0000000e-09
   5.0000000e+02   1.4000000e+02   4.0000000e-02   3.0000000e-02   1.0000000e-09
   5.0000000e+02   1.4000000e+02   4.0000000e-02   3.0000000e-02   1.0000000e-09
   5.0000000e+02   1.4000000e+02   4.0000000e-02   3.0000000e-02   1.0000000e-09
   5.0000000e+02   1.4000000e+02   4.0000000e-02   3.0000000e-02   1.0000000e-09
   5.0000000e+02   1.4000000e+02   4.0000000e-02   3.0000000e-02   1.0000000e-09
   5.0000000e+02   1.4000000e+02   4.0000000e-02   3.0000000e-02   1.0000000e-09
   5.0000000e+02   1.4000000e+02   4.0000000e-02   3.0000000e-02   1.0000000e-09
   5.0000000e+02   1.4000000e+02   4.0000000e-02   3.0000000e-02   1.0000000e-09
   5.0000000e+02   1.4000000e+02   4.0000000e-02   3.0000000e-02   1.0000000e-09
   5.0000000e+02   1.4000000e+02   4.0000000e-02   3.0000000e-02   1.0000000e-09
   5.0000000e+02   1.4000000e+02   4.0000000e-02   3.0000000e-02   1.0000000e-09
   5.0000000e+02   1.4000000e+02   4.0000000e-02   3.0000000e-02   1.0000000e-09
   5.0000000e+02   1.4000000e+02   4.0000000e-02   3.0000000e-02   1.0000000e-09
   5.0000000e+02   1.4000000e+02   4.0000000e-02   3.0000000e-02   1.0000000e-09
   5.0000000e+02   1.4000000e+02   4.0000000e-02   3.0000000e-02   1.0000000e-09
   5.0000000e+02   1.4000000e+02   4.0000000e-02   3.0000000e-02   1.0000000e-09
   5.0000000e+02   1.4000000e+02   4.0000000e-02   3.0000000e-02   1.0000000e-09
   5.0000000e+02   1.4000000e+02   4.0000000e-02   3.0000000e-02   1.0000000e-09
   5.0000000e+02   1.4000000e+02   4.0000000e-02   3.0000000e-02   1.0000000e-09
   5.0000000e+02   1.4000000e+02   4.0000000e-02   3.0000000e-02   1.0000000e-09
   5.0000000e+02   1.4000000e+02   4.0000000e-02   3.0000000e-02   1.0000000e-09
   5.0000000e+02   1.4000000e+02   4.0000000e-02   3.0000000e-02   1.0000000e-09
   5.0000000e+02   1.4000000e+02   4.0000000e-02   3.0000000e-02   1.0000000e-09
   5.0000000e+02   1.4000000e+02   4.0000000e-02   3.0000000e-02   1.0000000e-09
   5.0000000e+02   1.4000000e+02   4.0000000e-02   3.0000000e-02   1.0000000e-09
   5.0000000e+02   1.4000000e+02   4.0000000e-02   3.0000000e-02   1.0000000e-09
   5.0000000e+02   1.4000000e+02   4.0000000e-02   3.0000000e-02   1.0000000e-09
   5.0000000e+02   1.4000000e+02   4.0000000e-02   3.0000000e-02   1.0000000e-09
   5.0000000e+02   1.4000000e+02   4.0000000e-02   3.0000000e-02   1.0000000e-09
   5.0000000e+02   1.4000000e+02   4.0000000e-02   3.0000000e-02   1.0000000e-09
   5.0000000e+02   1.4000000e+02   4.0000000e-02   3.0000000e-02   1.0000000e-09
   5.0000000e+02   1.4000000e+02   4.0000000e-02   3.0000000e-02   1.0000000e-09
   5.0000000e+02   1.4000000e+02   4.0000000e-02   3.0000000e-02   1.0000000e-09
   5.0000000e+02   1.4000000e+02   4.0000000e-02   3.0000000e-02   1.0000000e-09
   5.0000000e+02   1.4000000e+02   4.0000000e-02   3.0000000e-02   1.0000000e-09
   5.0000000e+02   1.4000000e+02   4.0000000e-02   3.0000000e-02   1.0000000e-09
   5.0000000e+02   1.4000000e+02   4.0000000e-02   3.0000000e-02   1.0000000e-09
   5.0000000e+02   1.4000000e+02   4.0000000e-02   3.0000000e-02   1.0000000e-09
   5.0000000e+02   1.4000000e+02   4.0000000e-02   3.0000000e-02   1.0000000e-09
   5.0000000e+02   1.4000000e+02   4.0000000e-02   3.0000000e-02   1.0000000e-09
   5.0000000e+02   1.4000000e+02   4.0000000e-02   3.0000000e-02   1.0000000e-09
   5.0000000e+02   1.4000000e+02   4.0000000e-02   3.0000000e-02   1.0000000e-09
   5.0000000e+02   1.4000000e+02   4.0000000e-02   3.0000000e-02   1.0000000e-09
   5.0000000e+02   1.4000000e+02   4.0000000e-02   3.0000000e-02   1.0000000e-09
   5.0000000e+02   1.4000000e+02   4.0000000e-02   3.0000000e-02   1.0000000e-09
   5.0000000e+02   1.4000000e+02   4.0000000e-02   3.0000000e-02   1.0000000e-09
   5.0000000e+02   1.4000000e+02   4.0000000e-02   3.0000000e-02   1.0000000e-09
   5.0000000e+02   1.4000000e+02   4.0000000e-02   3.0000000e-02   1.0000000e-09
   5.0000000e+02   1.4000000e+02   4.0000000e-02   3.0000000e-02   1.0000000e-09
   5.0000000e+02   1.4000000e+02   4.0000000e-02   3.0000000e-02   1.0000000e-09
   5.0000000e+02   1.4000000e+02   4.0000000e-02   3.0000000e-02   1.0000000e-09
   5.0000000e+02   1.4000000e+02   4.0000000e-02   3.0000000e-02   1.0000000e-09
   5.0000000e+02   1.4000000e+02   4.0000000e-02   3.0000000e-02   1.0000000e-09
   5.0000000e+02   1.4000000e+02   4.0000000e-02   3.0000000e-02   1.0000000e-09
   5.0000000e+02   1.4000000e+02   4.0000000e-02   3.0000000e-02   1.0000000e-09
   5.0000000e+02   1.4000000e+02   4.0000000e-02   3.0000000e-02   1.0000000e-09
   5.0000000e+02   1.4000000e+02   4.0000000e-02   3.0000000e-02   1.0000000e-09
   5.0000000e+02   1.4000000e+02   4.0000000e-02   3.0000000e-02   1.0000000e-09
   5.0000000e+02   1.4000000e+02   4.0000000e-02   3.0000000e-02   1.0000000e-09
   5.0000000e+02   1.4000000e+02   4.0000000e-02   3.0000000e-02   1.0000000e-09
   5.0000000e+02   1.4000000e+02   4.0000000e-02   3.0000000e-02   1.0000000e-09
   5.0000000e+02   1.4000000e+02   4.0000000e-02   3.0000000e-02   1.0000000e-09
   5.0000000e+02   1.4000000e+02   4.0000000e-02   3.0000000e-02   1.0000000e-09
   5.0000000e+02   1.4000000e+02   4.0000000e-02   3.0000000e-02   1.0000000e-09
   5.0000000e+02   1.4000000e+02   4.0000000e-02   3.0000000e-02   1.0000000e-09
   5.0000000e+02   1.4000000e+02   4.0000000e-02   3.0000000e-02   1.0000000e-09
   5.0000000e+02   1.4000000e+02   4.0000000e-02   3.0000000e-02   1.0000000e-09
   5.0000000e+02   1.4000000e+02   4.0000000e-02   3.0000000e-02   1.0000000e-09
   5.0000000e+02   1.4000000e+02   4.0000000e-02   3.0000000e-02   1.0000000e-09
   5.0000000e+02   1.4000000e+02   4.0000000e-02   3.0000000e-02   1.0000000e-09
   5.0000000e+02   1.4000000e+02   4.0000000e-02   3.0000000e-02   1.0000000e-09
   5.0000000e+02   1.4000000e+02   4.0000000e-02   3.0000000e-02   1.0000000e-09
   5.0000000e+02   1.4000000e+02   4.0000000e-02   3.0000000e-02   1.0000000e-09
   5.0000000e+02   1.4000000e+02   4.0000000e-02   3.0000000e-02   1.0000000e-09
   5.0000000e+02   1.4000000e+02   4.0000000e-02   3.0000000e-02   1.0000000e-09
   5.0000000e+02   1.4000000e+02   4.0000000e-02   3.0000000e-02   1.0000000e-09
   5.0000000e+02   1.4000000e+02   4.0000000e-02   3.0000000e-02   1.0000000e-09
   5.0000000e+02   1.4000000e+02   4.0000000e-02   3.0000000e-02   1.0000000e-09
   5.0000000e+02   1.4000000e+02   4.0000000e-02   3.0000000e-02   1.0000000e-09
   5.0000000e+02   1.4000000e+02   4.0000000e-02   3.0000000e-02   1.0000000e-09
   5.0000000e+02   1.4000000e+02   4.0000000e-02   3.0000000e-02   1.0000000e-09
   5.0000000e+02   1.4000000e+02   4.0000000e-02   3.0000000e-02   1.0000000e-09
   5.0000000e+02   1.4000000e+02   4.0000000e-02   3.0000000e-02   1.0000000e-09
   5.0000000e+02   1.4000000e+02   4.0000000e-02   3.0000000e-02   1.0000000e-09
   5.0000000e+02   1.4000000e+02   4.0000000e-02   3.0000000e-02   1.0000000e-09
   5.0000000e+02   1.4000000e+02   4.0000000e-02   3.0000000e-02   1.0000000e-09
   5.0000000e+02   1.4000000e+02   4.0000000e-02   3.0000000e-02   1.0000000e-09
   5.0000000e+02   1.4000000e+02   4.0000000e-02   3.0000000e-02   1.0000000e-09
   5.0000000e+02   1.4000000e+02   4.0000000e-02   3.0000000e-02   1.0000000e-09
   5.0000000e+02   1.4000000e+02   4.0000000e-02   3.0000000e-02   1.0000000e-09
   5.0000000e+02   1.4000000e+02   4.0000000e-02   3.0000000e-02   1.0000000e-09
   5.0000000e+02   1.4000000e+02   4.0000000e-02   3.0000000e-02   1.0000000e-09
   5.0000000e+02   1.4000000e+02   4.0000000e-02   3.0000000e-02   1.0000000e-09
   5.0000000e+02   1.4000000e+02   4.0000000e-02   3.0000000e-02   1.0000000e-09
   5.0000000e+02   1.4000000e+02   4.0000000e-02   3.0000000e-02   1.0000000e-09
   5.0000000e+02   1.4000000e+02   4.0000000e-02   3.0000000e-02   1.0000000e-09
   5.0000000e+02   1.4000000e+02   4.0000000e-02   3.0000000e-02   1.0000000e-09
   5.0000000e+02   1.4000000e+02   4.0000000e-02   3.0000000e-02   1.0000000e-09
   5.0000000e+02   1.4000000e+02   4.0000000e-02   3.0000000e-02   1.0000000e-09
   5.0000000e+02   1.4000000e+02   4.0000000e-02   3.0000000e-02   1.0000000e-09
   5.0000000e+02   1.4000000e+02   4.0000000e-02   3.0000000e-02   1.0000000e-09
   5.0000000e+02   1.4000000e+02   4.0000000e-02   3.0000000e-02   1.0000000e-09
   5.0000000e+02   1.4000000e+02   4.0000000e-02   3.0000000e-02   1.0000000e-09
   5.0000000e+02   1.4000000e+02   4.0000000e-02   3.0000000e-02   1.0000000e-09
   5.0000000e+02   1.4000000e+02   4.0000000e-02   3.0000000e-02   1.0000000e-09
   5.0000000e+02   1.4000000e+02   4.0000000e-02   3.0000000e-02   1.0000000e-09
   5.0000000e+02   1.4000000e+02   4.0000000e-02   3.0000000e-02   1.0000000e-09
   5.0000000e+02   1.4000000e+02   4.0000000e-02   3.0000000e-02   1.0000000e-09
   5.0000000e+02   1.4000000e+02   4.0000000e-02   3.0000000e-02   1.0000000e-09
   5.0000000e+02   1.4000000e+02   4.0000000e-02   3.0000000e-02   1.0000000e-09
   5.0000000e+02   1.4000000e+02   4.0000000e-02   3.0000000e-02   1.0000000e-09
   5.0000000e+02   1.4000000e+02   4.0000000e-02   3.0000000e-02   1.0000000e-09
   5.0000000e+02   1.4000000e+02   4.0000000e-02   3.0000000e-02   1.0000000e-09
   5.0000000e+02   1.4000000e+02   4.0000000e-02   3.0000000e-02   1.0000000e-09
   5.0000000e+02   1.4000000e+02   4.0000000e-02   3.0000000e-02   1.0000000e-09
   5.0000000e+02   1.4000000e+02   4.0000000e-02   3.0000000e-02   1.0000000e-09
   5.0000000e+02   1.4000000e+02   4.0000000e-02   3.0000000e-02   1.0000000e-09
   5.0000000e+02   1.4000000e+02   4.0000000e-02   3.0000000e-02   1.0000000e-09
   5.0000000e+02   1.4000000e+02   4.0000000e-02   3.0000000e-02   1.0000000e-09
   5.0000000e+02   1.4000000e+02   4.0000000e-02   3.0000000e-02   1.0000000e-09
   5.0000000e+02   1.4000000e+02   4.0000000e-02   3.0000000e-02   1.0000000e-09
   5.0000000e+02   1.4000000e+02   4.0000000e-02   3.0000000e-02   1.0000000e-09
   5.0000000e+02   1.4000000e+02   4.0000000e-02   3.0000000e-02   1.0000000e-09
   5.0000000e+02   1.4000000e+02   4.0000000e-02   3.0000000e-02   1.0000000e-09
   5.0000000e+02   1.4000000e+02   4.0000000e-02   3.0000000e-02   1.0000000e-09
   5.0000000e+02   1.4000000e+02   4.0000000e-02   3.0000000e-02   1.0000000e-09
   5.0000000e+02   1.4000000e+02   4.0000000e-02   3.0000000e-02   1.0000000e-09
   5.0000000e+02   1.4000000e+02   4.0000000e-02   3.0000000e-02   1.0000000e-09
   5.0000000e+02   1.4000000e+02   4.0000000e-02   3.0000000e-02   1.0000000e-09
   5.0000000e+02   1.4000000e+02   4.0000000e-02   3.0000000e-02   1.0000000e-09
   5.0000000e+02   1.4000000e+02   4.0000000e-02   3.0000000e-02   1.0000000e-09
   5.0000000e+02   1.4000000e+02   4.0000000e-02   3.0000000e-02   1.0000000e-09
   5.0000000e+02   1.4000000e+02   4.0000000e-02   3.0000000e-02   1.0000000e-09
   5.0000000e+02   1.4000000e+02   4.0000000e-02   3.0000000e-02   1.0000000e-09
   5.0000000e+02   1.4000000e+02   4.0000000e-02   3.0000000e-02   1.0000000e-09
   5.0000000e+02   1.4000000e+02   4.0000000e-02   3.0000000e-02   1.0000000e-09
   5.0000000e+02   1.4000000e+02   4.0000000e-02   3.0000000e-02   1.0000000e-09
   5.0000000e+02   1.4000000e+02   4.0000000e-02   3.0000000e-02   1.0000000e-09
   5.0000000e+02   1.4000000e+02   4.0000000e-03   3.0000000e-02   1.0000000e-09
   5.0000000e+02   1.4000000e+02   4.0000000e-02   3.0000000e-02   1.0000000e-09
   5.0000000e+02   1.4000000e+02   4.0066000e-03   3.0000000e-02   1.0000000e-09
   5.0000000e+02   1.4000000e+02   4.0000000e-02   3.0000000e-02   1.0000000e-09
   5.0000000e+02   1.4000000e+02   4.0000000e-02   3.0000000e-02   1.0000000e-09
   5.0000000e+02   1.4000000e+02   4.0000000e-02   3.0000000e-02   1.0000000e-09
   5.0000000e+02   1.4000000e+02   4.0000000e-02   3.0000000e-02   1.0000000e-09
   5.0000000e+02   1.4000000e+02   4.0000000e-02   3.0000000e-02   1.0000000e-09
   5.0000000e+02   1.4000000e+02   4.0000000e-02   3.0000000e-02   1.0000000e-09
   5.0000000e+02   1.4000000e+02   4.0000000e-02   3.0000000e-02   1.0000000e-09
   5.0000000e+02   1.4000000e+02   4.0000000e-02   3.0000000e-02   1.0000000e-09
   5.0000000e+02   1.4000000e+02   4.0000000e-02   3.0000000e-02   1.0000000e-09
   5.0000000e+02   1.4000000e+02   4.0000000e-02   3.0000000e-02   1.0000000e-09
   5.0000000e+02   1.4000000e+02   4.0000000e-02   3.0000000e-02   1.0000000e-09
   5.0000000e+02   1.4000000e+02   4.0000000e-02   3.0000000e-02   1.0000000e-09
   5.0000000e+02   1.4000000e+02   4.0000000e-02   3.0000000e-02   1.0000000e-09
   5.0000000e+02   1.4000000e+02   4.0000000e-02   3.0000000e-02   1.0000000e-09
   5.0000000e+02   1.4000000e+02   4.0000000e-02   3.0000000e-02   1.0000000e-09
   5.0000000e+02   1.4000000e+02   4.0000000e-02   3.0000000e-02   1.0000000e-09
   5.0000000e+02   1.4000000e+02   4.0000000e-02   3.0000000e-02   1.0000000e-09
   5.0000000e+02   1.4000000e+02   4.0000000e-02   3.0000000e-02   1.0000000e-09
   5.0000000e+02   1.4000000e+02   4.0000000e-02   3.0000000e-02   1.0000000e-09
   5.0000000e+02   1.4000000e+02   4.0000000e-02   3.0000000e-02   1.0000000e-09
   5.0000000e+02   1.4000000e+02   4.0000000e-02   3.0000000e-02   1.0000000e-09
   5.0000000e+02   1.4000000e+02   4.0000000e-02   3.0000000e-02   1.0000000e-09
   5.0000000e+02   1.4000000e+02   4.0000000e-02   3.0000000e-02   1.0000000e-09
   5.0000000e+02   1.4000000e+02   4.0000000e-02   3.0000000e-02   1.0000000e-09
   5.0000000e+02   1.4000000e+02   4.0000000e-02   3.0000000e-02   1.0000000e-09
   5.0000000e+02   1.4000000e+02   4.0000000e-02   3.0000000e-02   1.0000000e-09
   5.0000000e+02   1.4000000e+02   4.0000000e-02   3.0000000e-02   1.0000000e-09
   5.0000000e+02   1.4000000e+02   4.0000000e-02   3.0000000e-02   1.0000000e-09
   5.0000000e+02   1.4000000e+02   4.0000000e-02   3.0000000e-02   1.0000000e-09
   5.0000000e+02   1.4000000e+02   4.0000000e-02   3.0000000e-02   1.0000000e-09
   5.0000000e+02   1.4000000e+02   4.0000000e-02   3.0000000e-02   1.0000000e-09
   5.0000000e+02   1.4000000e+02   4.0000000e-02   3.0000000e-02   1.0000000e-09
   5.0000000e+02   1.4000000e+02   4.0000000e-02   3.0000000e-02   1.0000000e-09
   5.0000000e+02   1.4000000e+02   4.0000000e-02   3.0000000e-02   1.0000000e-09
   5.0000000e+02   1.4000000e+02   4.0000000e-02   3.0000000e-02   1.0000000e-09
   5.0000000e+02   1.4000000e+02   4.0000000e-02   3.0000000e-02   1.0000000e-09
   5.0000000e+02   1.4000000e+02   4.0046200e-03   3.0000000e-02   1.0000000e-09
   5.0000000e+02   1.4000000e+02   4.0000000e-02   3.0000000e-02   1.0000000e-09
   5.0000000e+02   1.4000000e+02   4.0000000e-03   3.0000000e-02   1.0000000e-09
   5.0000000e+02   1.4000000e+02   4.0000000e-02   3.0000000e-02   1.0000000e-09
   5.0000000e+02   1.4000000e+02   4.0000000e-02   3.0000000e-02   1.0000000e-09
   5.0000000e+02   1.4000000e+02   4.0000000e-03   3.0000000e-02   1.0000000e-09
   5.0000000e+02   1.4000000e+02   2.2007020e-02   3.0000000e-02   1.0000000e-09
   5.0000000e+02   1.4000000e+02   4.0000000e-03   3.0000000e-02   1.0000000e-09
   5.0000000e+02   1.4000000e+02   4.0060000e-03   3.0000000e-02   1.0000000e-09
   5.0000000e+02   1.4000000e+02   4.0000000e-03   3.0000000e-02   1.0000000e-09
   5.0000000e+02   1.4000000e+02   4.0000000e-03   3.0000000e-02   1.0000000e-09
   5.0000000e+02   1.4000000e+02   4.0000000e-03   3.0000000e-02   1.0000000e-09
   5.0000000e+02   1.4000000e+02   4.0000000e-03   3.0000000e-02   1.0000000e-09
   5.0000000e+02   1.4000000e+02   4.0000000e-03   3.0000000e-02   1.0000000e-09
   5.0000000e+02   1.4000000e+02   4.0000000e-03   3.0000000e-02   1.0000000e-09
   5.0000000e+02   1.4000000e+02   4.0000000e-03   3.0000000e-02   1.0000000e-09
   5.0000000e+02   1.4000000e+02   4.0000000e-03   3.0000000e-02   1.0000000e-09
   5.0000000e+02   1.4000000e+02   4.0000000e-03   3.0000000e-02   1.0000000e-09
   5.0000000e+02   1.4000000e+02   4.0000000e-03   3.0000000e-02   1.0000000e-09
   5.0000000e+02   1.4000000e+02   4.0000000e-03   3.0000000e-02   1.0000000e-09
   5.0000000e+02   1.4000000e+02   4.0000000e-03   3.0000000e-02   1.0000000e-09
   5.0000000e+02   1.4000000e+02   4.0000000e-03   3.0000000e-02   1.0000000e-09
   5.0000000e+02   1.4000000e+02   4.0000000e-03   3.0000000e-02   1.0000000e-09
   5.0000000e+02   1.4000000e+02   4.0000000e-03   3.0000000e-02   1.0000000e-09
   5.0000000e+02   1.4000000e+02   4.0000000e-03   3.0000000e-02   1.0000000e-09
   5.0000000e+02   1.4000000e+02   4.0000000e-03   3.0000000e-02   1.0000000e-09
   5.0000000e+02   1.4000000e+02   4.0000000e-03   3.0000000e-02   1.0000000e-09
   5.0000000e+02   1.4000000e+02   4.0000000e-03   3.0000000e-02   1.0000000e-09
   5.0000000e+02   1.4000000e+02   4.0000000e-03   3.0000000e-02   1.0000000e-09
   5.0000000e+02   1.4000000e+02   4.0000000e-03   3.0000000e-02   1.0000000e-09
   5.0000000e+02   1.4000000e+02   4.0000000e-03   3.0000000e-02   1.0000000e-09
   5.0000000e+02   1.4000000e+02   4.0000000e-03   3.0000000e-02   1.0000000e-09
   5.0000000e+02   1.4000000e+02   4.0000000e-03   3.0000000e-02   1.0000000e-09
   5.0000000e+02   1.4000000e+02   4.0000000e-03   3.0000000e-02   1.0000000e-09
   5.0000000e+02   1.4000000e+02   4.0000000e-03   3.0000000e-02   1.0000000e-09
   5.0000000e+02   1.4000000e+02   4.0000000e-03   3.0000000e-02   1.0000000e-09
   5.0000000e+02   1.4000000e+02   4.0000000e-03   3.0000000e-02   1.0000000e-09
   5.0000000e+02   1.4000000e+02   4.0000000e-03   3.0000000e-02   1.0000000e-09
   5.0000000e+02   1.4000000e+02   4.0000000e-03   3.0000000e-02   1.0000000e-09
   5.0000000e+02   1.4000000e+02   4.0000000e-03   3.0000000e-02   1.0000000e-09
   5.0000000e+02   1.4000000e+02   4.0000000e-03   3.0000000e-02   1.0000000e-09
   5.0000000e+02   1.4000000e+02   4.0000000e-03   3.0000000e-02   1.0000000e-09
   5.0000000e+02   1.4000000e+02   4.0000000e-03   3.0000000e-02   1.0000000e-09
   5.0000000e+02   1.4000000e+02   4.0000000e-03   3.0000000e-02   1.0000000e-09
   5.0000000e+02   1.4000000e+02   4.0000000e-03   3.0000000e-02   1.0000000e-09
   5.0000000e+02   1.4000000e+02   4.0000000e-03   3.0000000e-02   1.0000000e-09
   5.0000000e+02   1.4000000e+02   4.0000000e-03   3.0000000e-02   1.0000000e-09
   5.0000000e+02   1.4000000e+02   4.0000000e-03   3.0000000e-02   1.0000000e-09
   5.0000000e+02   1.4000000e+02   4.0000000e-03   3.0000000e-02   1.0000000e-09
   5.0000000e+02   1.4000000e+02   4.0000000e-03   3.0000000e-02   1.0000000e-09
   5.0000000e+02   1.4000000e+02   4.0000000e-03   3.0000000e-02   1.0000000e-09
   5.0000000e+02   1.4000000e+02   4.0000000e-03   3.0000000e-02   1.0000000e-09
   5.0000000e+02   1.4000000e+02   4.0000000e-03   3.0000000e-02   1.0000000e-09
   5.0000000e+02   1.4000000e+02   4.0000000e-03   3.0000000e-02   1.0000000e-09
   5.0000000e+02   1.4000000e+02   4.0000000e-03   3.0000000e-02   1.0000000e-09
   5.0000000e+02   1.4000000e+02   4.0000000e-03   3.0000000e-02   1.0000000e-09
   5.0000000e+02   1.4000000e+02   4.0000000e-03   3.0000000e-02   1.0000000e-09
   5.0000000e+02   1.4000000e+02   4.0000000e-03   3.0000000e-02   1.0000000e-09
   5.0000000e+02   1.4000000e+02   4.0000000e-03   3.0000000e-02   1.0000000e-09
   5.0000000e+02   1.4000000e+02   4.0000000e-03   3.0000000e-02   1.0000000e-09
   5.0000000e+02   1.4000000e+02   4.0000000e-03   3.0000000e-02   1.0000000e-09
   5.0000000e+02   1.4000000e+02   4.0000000e-03   3.0000000e-02   1.0000000e-09
   5.0000000e+02   1.4000000e+02   4.0000000e-03   3.0000000e-02   1.0000000e-09
   5.0000000e+02   1.4000000e+02   4.0000000e-03   3.0000000e-02   1.0000000e-09
   5.0000000e+02   1.4000000e+02   4.0000000e-03   3.0000000e-02   1.0000000e-09
   5.0000000e+02   1.4000000e+02   4.0000000e-03   3.0000000e-02   1.0000000e-09
   5.0000000e+02   1.4000000e+02   4.0000000e-03   3.0000000e-02   1.0000000e-09
   5.0000000e+02   1.4000000e+02   4.0000000e-03   3.0000000e-02   1.0000000e-09
   5.0000000e+02   1.4000000e+02   4.0000000e-03   3.0000000e-02   1.0000000e-09
   5.0000000e+02   1.4000000e+02   4.0000000e-03   3.0000000e-02   1.0000000e-09
   5.0000000e+02   1.4000000e+02   4.0000000e-03   3.0000000e-02   1.0000000e-09
   5.0000000e+02   1.4000000e+02   4.0000000e-03   3.0000000e-02   1.0000000e-09
   5.0000000e+02   1.4000000e+02   4.0000000e-03   3.0000000e-02   1.0000000e-09
   5.0000000e+02   1.4000000e+02   4.0000000e-03   3.0000000e-02   1.0000000e-09
   5.0000000e+02   1.4000000e+02   4.0000000e-03   3.0000000e-02   1.0000000e-09
   5.0000000e+02   1.4000000e+02   4.0000000e-03   3.0000000e-02   1.0000000e-09
   5.0000000e+02   1.4000000e+02   4.0000000e-03   3.0000000e-02   1.0000000e-09
   5.0000000e+02   1.4000000e+02   4.0000000e-03   3.0000000e-02   1.0000000e-09
   5.0000000e+02   1.4000000e+02   4.0000000e-03   3.0000000e-02   1.0000000e-09
   5.0000000e+02   1.4000000e+02   4.0000000e-03   3.0000000e-02   1.0000000e-09
   5.0000000e+02   1.4000000e+02   4.0000000e-03   3.0000000e-02   1.0000000e-09
   5.0000000e+02   1.4000000e+02   4.0000000e-03   3.0000000e-02   1.0000000e-09
   5.0000000e+02   1.4000000e+02   4.0000000e-03   3.0000000e-02   1.0000000e-09
   5.0000000e+02   1.4000000e+02   4.0000000e-03   3.0000000e-02   1.0000000e-09
   5.0000000e+02   1.4000000e+02   4.0000000e-03   3.0000000e-02   1.0000000e-09
   5.0000000e+02   1.4000000e+02   4.0000000e-03   3.0000000e-02   1.0000000e-09
   5.0000000e+02   1.4000000e+02   4.0000000e-03   3.0000000e-02   1.0000000e-09
   5.0000000e+02   1.4000000e+02   4.0000000e-03   3.0000000e-02   1.0000000e-09
   5.0000000e+02   1.4000000e+02   4.0000000e-03   3.0000000e-02   1.0000000e-09
   5.0000000e+02   1.4000000e+02   4.0000000e-03   3.0000000e-02   1.0000000e-09
   5.0000000e+02   1.4000000e+02   4.0000000e-03   3.0000000e-02   1.0000000e-09
   5.0000000e+02   1.4000000e+02   4.0000000e-03   3.0000000e-02   1.0000000e-09
   5.0000000e+02   1.4000000e+02   4.0000000e-03   3.0000000e-02   1.0000000e-09
   5.0000000e+02   1.4000000e+02   4.0000000e-03   3.0000000e-02   1.0000000e-09
   5.0000000e+02   1.4000000e+02   4.0000000e-03   3.0000000e-02   1.0000000e-09
   5.0000000e+02   1.4000000e+02   4.0000000e-03   3.0000000e-02   1.0000000e-09
   5.0000000e+02   1.4000000e+02   4.0000000e-03   3.0000000e-02   1.0000000e-09
   5.0000000e+02   1.4000000e+02   4.0000000e-03   3.0000000e-02   1.0000000e-09
   5.0000000e+02   1.3000000e+02   4.0000000e-03   3.0000000e-02   3.0000000e-02
   5.0000000e+02   1.4000000e+02   4.0000000e-03   3.0000000e-02   1.0000000e-09
   5.0000000e+02   1.3000000e+02   4.0000000e-03   3.0000000e-02   3.0000000e-02
   5.0000000e+02   1.4000000e+02   4.0000000e-03   3.0000000e-02   1.0000000e-09
   5.0000000e+02   1.3000000e+02   4.0000000e-03   3.0000000e-02   3.0000000e-02
   5.0000000e+02   1.4000000e+02   4.0000000e-03   3.0000000e-02   1.0000000e-09
   5.0000000e+02   1.3000000e+02   4.0000000e-03   3.0000000e-02   3.0000000e-02
   5.0000000e+02   1.4000000e+02   4.0000000e-03   3.0000000e-02   1.0000000e-09
   5.0000000e+02   1.3000000e+02   4.0000000e-03   3.0000000e-02   3.0000000e-02
   5.0000000e+02   1.3000000e+02   4.0000000e-03   3.0000000e-02   3.0000000e-02
   5.0000000e+02   1.3000000e+02   4.0000000e-03   3.0000000e-02   3.0000000e-02
   5.0000000e+02   1.3000000e+02   4.0000000e-03   3.0000000e-02   3.0000000e-02
   5.0000000e+02   1.3000000e+02   4.0000000e-03   3.0000000e-02   3.0000000e-02
   5.0000000e+02   1.3000000e+02   4.0000000e-03   3.0000000e-02   3.0000000e-02
   5.0000000e+02   1.3000000e+02   4.0000000e-03   3.0000000e-02   3.0000000e-02
   5.0000000e+02   1.3000000e+02   4.0000000e-03   3.0000000e-02   3.0000000e-02
   5.0000000e+02   1.3000000e+02   4.0000000e-03   3.0000000e-02   3.0000000e-02
   5.0000000e+02   1.3000000e+02   4.0000000e-03   3.0000000e-02   3.0000000e-02
   5.0000000e+02   1.3000000e+02   4.0000000e-03   3.0000000e-02   3.0000000e-02
   5.0000000e+02   1.3000000e+02   4.0000000e-03   3.0000000e-02   3.0000000e-02
   5.0000000e+02   1.3000000e+02   4.0000000e-03   3.0000000e-02   3.0000000e-02
   5.0000000e+02   1.3000000e+02   4.0000000e-03   3.0000000e-02   3.0000000e-02
   5.0000000e+02   1.3000000e+02   4.0000000e-03   3.0000000e-02   3.0000000e-02
   5.0000000e+02   1.3000000e+02   4.0000000e-03   3.0000000e-02   3.0000000e-02
   5.0000000e+02   1.3000000e+02   4.0000000e-03   3.0000000e-02   3.0000000e-02
   5.0000000e+02   1.4000000e+02   2.1996280e-02   3.0000000e-02   1.0000000e-09
   5.0000000e+02   1.4000000e+02   4.0000000e-02   3.0000000e-02   1.0000000e-09
   5.0000000e+02   1.3000000e+02   4.0000000e-03   3.0000000e-02   3.0000000e-02
   5.0000000e+02   1.4000000e+02   3.9996280e-02   3.0000000e-02   1.0000000e-09
   5.0000000e+02   1.3000000e+02   4.0000000e-03   3.0000000e-02   3.0000000e-02
   5.0000000e+02   1.4000000e+02   4.0000000e-02   3.0000000e-02   1.0000000e-09
   5.0000000e+02   1.3000000e+02   4.0000000e-03   3.0000000e-02   3.0000000e-02
   5.0000000e+02   1.4000000e+02   2.1995800e-02   3.0000000e-02   1.0000000e-09
   5.0000000e+02   1.4000000e+02   4.0000000e-02   3.0000000e-02   1.0000000e-09
   5.0000000e+02   1.4000000e+02   3.9995800e-02   3.0000000e-02   1.0000000e-09
   5.0000000e+02   1.4000000e+02   4.0000000e-02   3.0000000e-02   1.0000000e-09
   5.0000000e+02   1.4000000e+02   4.0000000e-02   3.0000000e-02   1.0000000e-09
   5.0000000e+02   1.4000000e+02   4.0000000e-02   3.0000000e-02   1.0000000e-09
   5.0000000e+02   1.4000000e+02   4.0000000e-02   3.0000000e-02   1.0000000e-09
   5.0000000e+02   1.4000000e+02   4.0000000e-02   3.0000000e-02   1.0000000e-09
   5.0000000e+02   1.4000000e+02   4.0000000e-02   3.0000000e-02   1.0000000e-09
   5.0000000e+02   1.4000000e+02   4.0000000e-02   3.0000000e-02   1.0000000e-09
   5.0000000e+02   1.4000000e+02   4.0000000e-02   3.0000000e-02   1.0000000e-09
   5.0000000e+02   1.4000000e+02   4.0000000e-02   3.0000000e-02   1.0000000e-09
   5.0000000e+02   1.4000000e+02   4.0000000e-02   3.0000000e-02   1.0000000e-09
   5.0000000e+02   1.4000000e+02   4.0000000e-02   3.0000000e-02   1.0000000e-09
   5.0000000e+02   1.4000000e+02   4.0000000e-02   3.0000000e-02   1.0000000e-09
   5.0000000e+02   1.4000000e+02   4.0000000e-02   3.0000000e-02   1.0000000e-09
   5.0000000e+02   1.4000000e+02   4.0000000e-02   3.0000000e-02   1.0000000e-09
   5.0000000e+02   1.4000000e+02   4.0000000e-02   3.0000000e-02   1.0000000e-09
   5.0000000e+02   1.4000000e+02   4.0000000e-02   3.0000000e-02   1.0000000e-09
   5.0000000e+02   1.4000000e+02   4.0000000e-02   3.0000000e-02   1.0000000e-09
   5.0000000e+02   1.4000000e+02   4.0000000e-02   3.0000000e-02   1.0000000e-09
   5.0000000e+02   1.4000000e+02   4.0000000e-02   3.0000000e-02   1.0000000e-09
   5.0000000e+02   1.4000000e+02   4.0000000e-02   3.0000000e-02   1.0000000e-09
   5.0000000e+02   1.4000000e+02   4.0000000e-02   3.0000000e-02   1.0000000e-09
   5.0000000e+02   1.4000000e+02   4.0000000e-02   3.0000000e-02   1.0000000e-09
   5.0000000e+02   1.4000000e+02   4.0000000e-02   3.0000000e-02   1.0000000e-09
   5.0000000e+02   1.4000000e+02   4.0000000e-02   3.0000000e-02   1.0000000e-09
   5.0000000e+02   1.4000000e+02   4.0000000e-02   3.0000000e-02   1.0000000e-09
   5.0000000e+02   1.4000000e+02   4.0000000e-02   3.0000000e-02   1.0000000e-09
   5.0000000e+02   1.4000000e+02   4.0000000e-02   3.0000000e-02   1.0000000e-09
   5.0000000e+02   1.4000000e+02   4.0000000e-02   3.0000000e-02   1.0000000e-09
   5.0000000e+02   1.4000000e+02   4.0000000e-02   3.0000000e-02   1.0000000e-09
   5.0000000e+02   1.4000000e+02   4.0000000e-02   3.0000000e-02   1.0000000e-09
   5.0000000e+02   1.4000000e+02   4.0000000e-02   3.0000000e-02   1.0000000e-09
   5.0000000e+02   1.4000000e+02   4.0000000e-02   3.0000000e-02   1.0000000e-09
   5.0000000e+02   1.4000000e+02   4.0000000e-02   3.0000000e-02   1.0000000e-09
   5.0000000e+02   1.4000000e+02   4.0000000e-02   3.0000000e-02   1.0000000e-09
   5.0000000e+02   1.4000000e+02   4.0000000e-02   3.0000000e-02   1.0000000e-09
   5.0000000e+02   1.4000000e+02   4.0000000e-02   3.0000000e-02   1.0000000e-09
   5.0000000e+02   1.4000000e+02   4.0000000e-02   3.0000000e-02   1.0000000e-09
   5.0000000e+02   1.4000000e+02   4.0000000e-02   3.0000000e-02   1.0000000e-09
   5.0000000e+02   1.4000000e+02   4.0000000e-02   3.0000000e-02   1.0000000e-09
   5.0000000e+02   1.4000000e+02   4.0000000e-02   3.0000000e-02   1.0000000e-09
   5.0000000e+02   1.4000000e+02   4.0000000e-02   3.0000000e-02   1.0000000e-09
   5.0000000e+02   1.4000000e+02   4.0000000e-02   3.0000000e-02   1.0000000e-09
   5.0000000e+02   1.4000000e+02   4.0000000e-02   3.0000000e-02   1.0000000e-09
   5.0000000e+02   1.4000000e+02   4.0000000e-02   3.0000000e-02   1.0000000e-09
   5.0000000e+02   1.4000000e+02   4.0000000e-02   3.0000000e-02   1.0000000e-09
   5.0000000e+02   1.4000000e+02   4.0000000e-02   3.0000000e-02   1.0000000e-09
   5.0000000e+02   1.4000000e+02   4.0000000e-02   3.0000000e-02   1.0000000e-09
   5.0000000e+02   1.4000000e+02   4.0000000e-02   3.0000000e-02   1.0000000e-09
   5.0000000e+02   1.4000000e+02   4.0000000e-02   3.0000000e-02   1.0000000e-09
   5.0000000e+02   1.4000000e+02   4.0000000e-02   3.0000000e-02   1.0000000e-09
   5.0000000e+02   1.4000000e+02   4.0000000e-02   3.0000000e-02   1.0000000e-09
   5.0000000e+02   1.4000000e+02   4.0000000e-02   3.0000000e-02   1.0000000e-09
   5.0000000e+02   1.4000000e+02   4.0000000e-02   3.0000000e-02   1.0000000e-09
   5.0000000e+02   1.4000000e+02   4.0000000e-02   3.0000000e-02   1.0000000e-09
   5.0000000e+02   1.4000000e+02   4.0000000e-02   3.0000000e-02   1.0000000e-09
   5.0000000e+02   1.4000000e+02   4.0000000e-02   3.0000000e-02   1.0000000e-09
   5.0000000e+02   1.4000000e+02   4.0000000e-02   3.0000000e-02   1.0000000e-09
   5.0000000e+02   1.4000000e+02   4.0000000e-02   3.0000000e-02   1.0000000e-09
   5.0000000e+02   1.4000000e+02   4.0000000e-02   3.0000000e-02   1.0000000e-09
   5.0000000e+02   1.4000000e+02   4.0000000e-02   3.0000000e-02   1.0000000e-09
   5.0000000e+02   1.4000000e+02   4.0000000e-02   3.0000000e-02   1.0000000e-09
   5.0000000e+02   1.4000000e+02   4.0000000e-02   3.0000000e-02   1.0000000e-09
   5.0000000e+02   1.4000000e+02   4.0000000e-02   3.0000000e-02   1.0000000e-09
   5.0000000e+02   1.4000000e+02   4.0000000e-02   3.0000000e-02   1.0000000e-09
   5.0000000e+02   1.4000000e+02   4.0000000e-02   3.0000000e-02   1.0000000e-09
   5.0000000e+02   1.4000000e+02   4.0000000e-02   3.0000000e-02   1.0000000e-09
   5.0000000e+02   1.4000000e+02   4.0000000e-02   3.0000000e-02   1.0000000e-09
   5.0000000e+02   1.4000000e+02   4.0000000e-02   3.0000000e-02   1.0000000e-09
   5.0000000e+02   1.4000000e+02   4.0000000e-02   3.0000000e-02   1.0000000e-09
   5.0000000e+02   1.4000000e+02   4.0000000e-02   3.0000000e-02   1.0000000e-09
   5.0000000e+02   1.4000000e+02   4.0000000e-02   3.0000000e-02   1.0000000e-09
   5.0000000e+02   1.4000000e+02   4.0000000e-02   3.0000000e-02   1.0000000e-09
   5.0000000e+02   1.4000000e+02   4.0000000e-02   3.0000000e-02   1.0000000e-09
   5.0000000e+02   1.4000000e+02   4.0000000e-02   3.0000000e-02   1.0000000e-09
   5.0000000e+02   1.4000000e+02   4.0000000e-02   3.0000000e-02   1.0000000e-09
   5.0000000e+02   1.4000000e+02   4.0000000e-02   3.0000000e-02   1.0000000e-09
   5.0000000e+02   1.4000000e+02   4.0000000e-02   3.0000000e-02   1.0000000e-09
   5.0000000e+02   1.4000000e+02   4.0000000e-02   3.0000000e-02   1.0000000e-09
   5.0000000e+02   1.4000000e+02   4.0000000e-02   3.0000000e-02   1.0000000e-09
   5.0000000e+02   1.4000000e+02   4.0000000e-02   3.0000000e-02   1.0000000e-09
   5.0000000e+02   1.4000000e+02   4.0000000e-02   3.0000000e-02   1.0000000e-09
   5.0000000e+02   1.4000000e+02   4.0000000e-02   3.0000000e-02   1.0000000e-09
   5.0000000e+02   1.4000000e+02   4.0000000e-02   3.0000000e-02   1.0000000e-09
   5.0000000e+02   1.4000000e+02   4.0000000e-02   3.0000000e-02   1.0000000e-09
   5.0000000e+02   1.4000000e+02   4.0000000e-02   3.0000000e-02   1.0000000e-09
   5.0000000e+02   1.4000000e+02   4.0000000e-02   3.0000000e-02   1.0000000e-09
   5.0000000e+02   1.4000000e+02   4.0000000e-02   3.0000000e-02   1.0000000e-09
   5.0000000e+02   1.4000000e+02   4.0000000e-02   3.0000000e-02   1.0000000e-09
   5.0000000e+02   1.4000000e+02   4.0000000e-02   3.0000000e-02   1.0000000e-09
   5.0000000e+02   1.4000000e+02   4.0000000e-02   3.0000000e-02   1.0000000e-09
   5.0000000e+02   1.4000000e+02   4.0000000e-02   3.0000000e-02   1.0000000e-09
   5.0000000e+02   1.4000000e+02   4.0000000e-02   3.0000000e-02   1.0000000e-09
   5.0000000e+02   1.4000000e+02   4.0000000e-02   3.0000000e-02   1.0000000e-09
   5.0000000e+02   1.4000000e+02   4.0000000e-02   3.0000000e-02   1.0000000e-09
   5.0000000e+02   1.4000000e+02   4.0000000e-02   3.0000000e-02   1.0000000e-09
   5.0000000e+02   1.4000000e+02   4.0000000e-02   3.0000000e-02   1.0000000e-09
   5.0000000e+02   1.4000000e+02   4.0000000e-02   3.0000000e-02   1.0000000e-09
   5.0000000e+02   1.4000000e+02   4.0000000e-02   3.0000000e-02   1.0000000e-09
   5.0000000e+02   1.4000000e+02   4.0000000e-02   3.0000000e-02   1.0000000e-09
   5.0000000e+02   1.4000000e+02   4.0000000e-02   3.0000000e-02   1.0000000e-09
   5.0000000e+02   1.4000000e+02   4.0000000e-02   3.0000000e-02   1.0000000e-09
   5.0000000e+02   1.4000000e+02   4.0000000e-02   3.0000000e-02   1.0000000e-09
   5.0000000e+02   1.4000000e+02   4.0000000e-02   3.0000000e-02   1.0000000e-09
   5.0000000e+02   1.4000000e+02   4.0000000e-02   3.0000000e-02   1.0000000e-09
   5.0000000e+02   1.4000000e+02   4.0000000e-02   3.0000000e-02   1.0000000e-09
   5.0000000e+02   1.4000000e+02   4.0000000e-02   3.0000000e-02   1.0000000e-09
   5.0000000e+02   1.4000000e+02   4.0000000e-02   3.0000000e-02   1.0000000e-09
   5.0000000e+02   1.4000000e+02   4.0000000e-02   3.0000000e-02   1.0000000e-09
   5.0000000e+02   1.4000000e+02   4.0000000e-02   3.0000000e-02   1.0000000e-09
   5.0000000e+02   1.4000000e+02   4.0000000e-02   3.0000000e-02   1.0000000e-09
   5.0000000e+02   1.4000000e+02   4.0000000e-02   3.0000000e-02   1.0000000e-09
   5.0000000e+02   1.4000000e+02   4.0000000e-02   3.0000000e-02   1.0000000e-09
   5.0000000e+02   1.4000000e+02   4.0000000e-02   3.0000000e-02   1.0000000e-09
   5.0000000e+02   1.4000000e+02   4.0000000e-02   3.0000000e-02   1.0000000e-09
   5.0000000e+02   1.4000000e+02   4.0000000e-02   3.0000000e-02   1.0000000e-09
   5.0000000e+02   1.4000000e+02   4.0000000e-02   3.0000000e-02   1.0000000e-09
   5.0000000e+02   1.4000000e+02   4.0000000e-02   3.0000000e-02   1.0000000e-09
   5.0000000e+02   1.4000000e+02   4.0000000e-02   3.0000000e-02   1.0000000e-09
   5.0000000e+02   1.4000000e+02   4.0000000e-02   3.0000000e-02   1.0000000e-09
   5.0000000e+02   1.4000000e+02   4.0000000e-02   3.0000000e-02   1.0000000e-09
   5.0000000e+02   1.4000000e+02   4.0000000e-02   3.0000000e-02   1.0000000e-09
   5.0000000e+02   1.4000000e+02   4.0000000e-02   3.0000000e-02   1.0000000e-09
   5.0000000e+02   1.4000000e+02   4.0000000e-02   3.0000000e-02   1.0000000e-09
   5.0000000e+02   1.4000000e+02   4.0000000e-02   3.0000000e-02   1.0000000e-09
   5.0000000e+02   1.4000000e+02   4.0000000e-02   3.0000000e-02   1.0000000e-09
   5.0000000e+02   1.4000000e+02   4.0000000e-02   3.0000000e-02   1.0000000e-09
   5.0000000e+02   1.4000000e+02   4.0000000e-02   3.0000000e-02   1.0000000e-09
   5.0000000e+02   1.4000000e+02   4.0000000e-02   3.0000000e-02   1.0000000e-09
   5.0000000e+02   1.4000000e+02   4.0000000e-02   3.0000000e-02   1.0000000e-09
   5.0000000e+02   1.4000000e+02   4.0000000e-02   3.0000000e-02   1.0000000e-09
   5.0000000e+02   1.4000000e+02   4.0000000e-02   3.0000000e-02   1.0000000e-09
   5.0000000e+02   1.4000000e+02   4.0000000e-02   3.0000000e-02   1.0000000e-09
   5.0000000e+02   1.4000000e+02   4.0000000e-02   3.0000000e-02   1.0000000e-09
   5.0000000e+02   1.4000000e+02   4.0000000e-02   3.0000000e-02   1.0000000e-09
   5.0000000e+02   1.4000000e+02   4.0000000e-02   3.0000000e-02   1.0000000e-09
   5.0000000e+02   1.4000000e+02   4.0000000e-02   3.0000000e-02   1.0000000e-09
   5.0000000e+02   1.4000000e+02   4.0000000e-02   3.0000000e-02   1.0000000e-09
   5.0000000e+02   1.4000000e+02   4.0000000e-02   3.0000000e-02   1.0000000e-09
   5.0000000e+02   1.4000000e+02   4.0000000e-02   3.0000000e-02   1.0000000e-09
   5.0000000e+02   1.4000000e+02   4.0000000e-02   3.0000000e-02   1.0000000e-09
   5.0000000e+02   1.4000000e+02   4.0000000e-02   3.0000000e-02   1.0000000e-09
   5.0000000e+02   1.4000000e+02   4.0000000e-02   3.0000000e-02   1.0000000e-09
   5.0000000e+02   1.4000000e+02   4.0000000e-02   3.0000000e-02   1.0000000e-09
   5.0000000e+02   1.4000000e+02   4.0000000e-02   3.0000000e-02   1.0000000e-09
   5.0000000e+02   1.4000000e+02   4.0000000e-02   3.0000000e-02   1.0000000e-09
   5.0000000e+02   1.4000000e+02   4.0000000e-02   3.0000000e-02   1.0000000e-09
   5.0000000e+02   1.4000000e+02   4.0000000e-02   3.0000000e-02   1.0000000e-09
   5.0000000e+02   1.4000000e+02   4.0000000e-02   3.0000000e-02   1.0000000e-09
   5.0000000e+02   1.4000000e+02   4.0000000e-02   3.0000000e-02   1.0000000e-09
   5.0000000e+02   1.4000000e+02   4.0000000e-02   3.0000000e-02   1.0000000e-09
   5.0000000e+02   1.4000000e+02   4.0000000e-02   3.0000000e-02   1.0000000e-09
   5.0000000e+02   1.4000000e+02   4.0000000e-02   3.0000000e-02   1.0000000e-09
   5.0000000e+02   1.4000000e+02   4.0000000e-02   3.0000000e-02   1.0000000e-09
   5.0000000e+02   1.4000000e+02   4.0000000e-02   3.0000000e-02   1.0000000e-09
   5.0000000e+02   1.4000000e+02   4.0000000e-02   3.0000000e-02   1.0000000e-09
   5.0000000e+02   1.4000000e+02   4.0000000e-02   3.0000000e-02   1.0000000e-09
   5.0000000e+02   1.4000000e+02   4.0000000e-02   3.0000000e-02   1.0000000e-09
   5.0000000e+02   1.4000000e+02   4.0000000e-02   3.0000000e-02   1.0000000e-09
   5.0000000e+02   1.4000000e+02   4.0000000e-02   3.0000000e-02   1.0000000e-09
   5.0000000e+02   1.4000000e+02   4.0000000e-02   3.0000000e-02   1.0000000e-09
   5.0000000e+02   1.4000000e+02   4.0000000e-02   3.0000000e-02   1.0000000e-09
   5.0000000e+02   1.4000000e+02   4.0000000e-02   3.0000000e-02   1.0000000e-09
   5.0000000e+02   1.4000000e+02   4.0000000e-02   3.0000000e-02   1.0000000e-09
   5.0000000e+02   1.4000000e+02   4.0000000e-02   3.0000000e-02   1.0000000e-09
   5.0000000e+02   1.4000000e+02   4.0000000e-02   3.0000000e-02   1.0000000e-09
   5.0000000e+02   1.4000000e+02   4.0000000e-02   3.0000000e-02   1.0000000e-09
   5.0000000e+02   1.4000000e+02   4.0000000e-02   3.0000000e-02   1.0000000e-09
   5.0000000e+02   1.4000000e+02   4.0000000e-02   3.0000000e-02   1.0000000e-09
   5.0000000e+02   1.4000000e+02   4.0000000e-02   3.0000000e-02   1.0000000e-09
   5.0000000e+02   1.4000000e+02   4.0000000e-02   3.0000000e-02   1.0000000e-09
   5.0000000e+02   1.4000000e+02   4.0000000e-02   3.0000000e-02   1.0000000e-09
   5.0000000e+02   1.4000000e+02   4.0000000e-02   3.0000000e-02   1.0000000e-09
   5.0000000e+02   1.4000000e+02   4.0000000e-02   3.0000000e-02   1.0000000e-09
   5.0000000e+02   1.4000000e+02   4.0000000e-02   3.0000000e-02   1.0000000e-09
   5.0000000e+02   1.4000000e+02   4.0000000e-02   3.0000000e-02   1.0000000e-09
   5.0000000e+02   1.4000000e+02   4.0000000e-02   3.0000000e-02   1.0000000e-09
   5.0000000e+02   1.4000000e+02   4.0000000e-02   3.0000000e-02   1.0000000e-09
   5.0000000e+02   1.4000000e+02   4.0000000e-02   3.0000000e-02   1.0000000e-09
   5.0000000e+02   1.4000000e+02   4.0000000e-02   3.0000000e-02   1.0000000e-09
   5.0000000e+02   1.4000000e+02   4.0000000e-02   3.0000000e-02   1.0000000e-09
   5.0000000e+02   1.4000000e+02   4.0000000e-02   3.0000000e-02   1.0000000e-09
   5.0000000e+02   1.4000000e+02   4.0000000e-02   3.0000000e-02   1.0000000e-09
   5.0000000e+02   1.4000000e+02   4.0000000e-02   3.0000000e-02   1.0000000e-09
   5.0000000e+02   1.4000000e+02   4.0000000e-02   3.0000000e-02   1.0000000e-09
   5.0000000e+02   1.4000000e+02   4.0000000e-02   3.0000000e-02   1.0000000e-09
   5.0000000e+02   1.4000000e+02   4.0000000e-02   3.0000000e-02   1.0000000e-09
   5.0000000e+02   1.4000000e+02   4.0000000e-02   3.0000000e-02   1.0000000e-09
   5.0000000e+02   1.4000000e+02   4.0000000e-02   3.0000000e-02   1.0000000e-09
   5.0000000e+02   1.4000000e+02   4.0000000e-02   3.0000000e-02   1.0000000e-09
   5.0000000e+02   1.4000000e+02   4.0000000e-02   3.0000000e-02   1.0000000e-09
   5.0000000e+02   1.4000000e+02   4.0000000e-02   3.0000000e-02   1.0000000e-09
   5.0000000e+02   1.4000000e+02   4.0000000e-02   3.0000000e-02   1.0000000e-09
   5.0000000e+02   1.4000000e+02   4.0000000e-02   3.0000000e-02   1.0000000e-09
   5.0000000e+02   1.4000000e+02   4.0000000e-02   3.0000000e-02   1.0000000e-09
   5.0000000e+02   1.4000000e+02   4.0000000e-02   3.0000000e-02   1.0000000e-09
   5.0000000e+02   1.4000000e+02   4.0000000e-02   3.0000000e-02   1.0000000e-09
   5.0000000e+02   1.4000000e+02   4.0000000e-02   3.0000000e-02   1.0000000e-09
   5.0000000e+02   1.4000000e+02   4.0000000e-02   3.0000000e-02   1.0000000e-09
   5.0000000e+02   1.4000000e+02   4.0000000e-02   3.0000000e-02   1.0000000e-09
   5.0000000e+02   1.4000000e+02   4.0000000e-02   3.0000000e-02   1.0000000e-09
   5.0000000e+02   1.4000000e+02   4.0000000e-02   3.0000000e-02   1.0000000e-09
   5.0000000e+02   1.4000000e+02   4.0000000e-02   3.0000000e-02   1.0000000e-09
   5.0000000e+02   1.4000000e+02   4.0000000e-02   3.0000000e-02   1.0000000e-09
   5.0000000e+02   1.4000000e+02   4.0000000e-02   3.0000000e-02   1.0000000e-09
   5.0000000e+02   1.4000000e+02   4.0000000e-02   3.0000000e-02   1.0000000e-09
   5.0000000e+02   1.4000000e+02   4.0000000e-02   3.0000000e-02   1.0000000e-09
   5.0000000e+02   1.4000000e+02   4.0000000e-02   3.0000000e-02   1.0000000e-09
   5.0000000e+02   1.4000000e+02   4.0000000e-02   3.0000000e-02   1.0000000e-09
   5.0000000e+02   1.4000000e+02   4.0000000e-02   3.0000000e-02   1.0000000e-09
   5.0000000e+02   1.4000000e+02   4.0000000e-02   3.0000000e-02   1.0000000e-09
   5.0000000e+02   1.4000000e+02   4.0000000e-02   3.0000000e-02   1.0000000e-09
   5.0000000e+02   1.4000000e+02   4.0000000e-02   3.0000000e-02   1.0000000e-09
   5.0000000e+02   1.4000000e+02   4.0000000e-02   3.0000000e-02   1.0000000e-09
   5.0000000e+02   1.4000000e+02   4.0000000e-02   3.0000000e-02   1.0000000e-09
   5.0000000e+02   1.4000000e+02   4.0000000e-02   3.0000000e-02   1.0000000e-09
   5.0000000e+02   1.4000000e+02   4.0000000e-02   3.0000000e-02   1.0000000e-09
   5.0000000e+02   1.4000000e+02   4.0000000e-02   3.0000000e-02   1.0000000e-09
   5.0000000e+02   1.4000000e+02   4.0000000e-02   3.0000000e-02   1.0000000e-09
   5.0000000e+02   1.4000000e+02   4.0000000e-02   3.0000000e-02   1.0000000e-09
   5.0000000e+02   1.4000000e+02   4.0000000e-02   3.0000000e-02   1.0000000e-09
   5.0000000e+02   1.4000000e+02   4.0000000e-02   3.0000000e-02   1.0000000e-09
   5.0000000e+02   1.4000000e+02   4.0000000e-02   3.0000000e-02   1.0000000e-09
   5.0000000e+02   1.4000000e+02   4.0000000e-02   3.0000000e-02   1.0000000e-09
   5.0000000e+02   1.4000000e+02   4.0000000e-02   3.0000000e-02   1.0000000e-09
   5.0000000e+02   1.4000000e+02   4.0000000e-02   3.0000000e-02   1.0000000e-09
   5.0000000e+02   1.4000000e+02   4.0000000e-02   3.0000000e-02   1.0000000e-09
   5.0000000e+02   1.4000000e+02   4.0000000e-02   3.0000000e-02   1.0000000e-09
   5.0000000e+02   1.4000000e+02   4.0000000e-02   3.0000000e-02   1.0000000e-09
   5.0000000e+02   1.4000000e+02   4.0000000e-02   3.0000000e-02   1.0000000e-09
   5.0000000e+02   1.4000000e+02   4.0000000e-02   3.0000000e-02   1.0000000e-09
   5.0000000e+02   1.4000000e+02   4.0000000e-02   3.0000000e-02   1.0000000e-09
   5.0000000e+02   1.4000000e+02   4.0000000e-02   3.0000000e-02   1.0000000e-09
   5.0000000e+02   1.4000000e+02   4.0000000e-02   3.0000000e-02   1.0000000e-09
   5.0000000e+02   1.4000000e+02   4.0000000e-02   3.0000000e-02   1.0000000e-09
   5.0000000e+02   1.4000000e+02   4.0000000e-02   3.0000000e-02   1.0000000e-09
   5.0000000e+02   1.4000000e+02   4.0000000e-02   3.0000000e-02   1.0000000e-09
   5.0000000e+02   1.4000000e+02   4.0000000e-02   3.0000000e-02   1.0000000e-09
   5.0000000e+02   1.4000000e+02   4.0000000e-02   3.0000000e-02   1.0000000e-09
   5.0000000e+02   1.4000000e+02   4.0000000e-02   3.0000000e-02   1.0000000e-09
   5.0000000e+02   1.4000000e+02   4.0000000e-02   3.0000000e-02   1.0000000e-09
   5.0000000e+02   1.4000000e+02   4.0000000e-02   3.0000000e-02   1.0000000e-09
   5.0000000e+02   1.4000000e+02   4.0000000e-02   3.0000000e-02   1.0000000e-09
   5.0000000e+02   1.4000000e+02   4.0000000e-02   3.0000000e-02   1.0000000e-09
   5.0000000e+02   1.4000000e+02   4.0000000e-02   3.0000000e-02   1.0000000e-09
   5.0000000e+02   1.4000000e+02   4.0000000e-02   3.0000000e-02   1.0000000e-09
   5.0000000e+02   1.4000000e+02   4.0000000e-02   3.0000000e-02   1.0000000e-09
   5.0000000e+02   1.4000000e+02   4.0000000e-02   3.0000000e-02   1.0000000e-09
   5.0000000e+02   1.4000000e+02   4.0000000e-02   3.0000000e-02   1.0000000e-09
   5.0000000e+02   1.4000000e+02   4.0000000e-02   3.0000000e-02   1.0000000e-09
   5.0000000e+02   1.4000000e+02   4.0000000e-02   3.0000000e-02   1.0000000e-09
   5.0000000e+02   1.4000000e+02   4.0000000e-02   3.0000000e-02   1.0000000e-09
   5.0000000e+02   1.4000000e+02   4.0000000e-02   3.0000000e-02   1.0000000e-09
   5.0000000e+02   1.4000000e+02   4.0000000e-02   3.0000000e-02   1.0000000e-09
   5.0000000e+02   1.4000000e+02   4.0000000e-02   3.0000000e-02   1.0000000e-09
   5.0000000e+02   1.4000000e+02   4.0000000e-02   3.0000000e-02   1.0000000e-09
   5.0000000e+02   1.4000000e+02   4.0000000e-02   3.0000000e-02   1.0000000e-09
   5.0000000e+02   1.4000000e+02   4.0000000e-02   3.0000000e-02   1.0000000e-09
   5.0000000e+02   1.4000000e+02   4.0000000e-02   3.0000000e-02   1.0000000e-09
   5.0000000e+02   1.4000000e+02   4.0000000e-02   3.0000000e-02   1.0000000e-09
   5.0000000e+02   1.4000000e+02   4.0000000e-02   3.0000000e-02   1.0000000e-09
   5.0000000e+02   1.4000000e+02   4.0000000e-02   3.0000000e-02   1.0000000e-09
   5.0000000e+02   1.4000000e+02   4.0000000e-02   3.0000000e-02   1.0000000e-09
   5.0000000e+02   1.4000000e+02   4.0000000e-02   3.0000000e-02   1.0000000e-09
   5.0000000e+02   1.4000000e+02   4.0000000e-02   3.0000000e-02   1.0000000e-09
   5.0000000e+02   1.4000000e+02   4.0000000e-02   3.0000000e-02   1.0000000e-09
   5.0000000e+02   1.4000000e+02   4.0000000e-02   3.0000000e-02   1.0000000e-09
   5.0000000e+02   1.4000000e+02   4.0000000e-02   3.0000000e-02   1.0000000e-09
   5.0000000e+02   1.4000000e+02   4.0000000e-02   3.0000000e-02   1.0000000e-09
   5.0000000e+02   1.4000000e+02   4.0000000e-02   3.0000000e-02   1.0000000e-09
   5.0000000e+02   1.4000000e+02   4.0000000e-02   3.0000000e-02   1.0000000e-09
   5.0000000e+02   1.4000000e+02   4.0000000e-02   3.0000000e-02   1.0000000e-09
   5.0000000e+02   1.4000000e+02   4.0000000e-02   3.0000000e-02   1.0000000e-09
   5.0000000e+02   1.4000000e+02   4.0000000e-02   3.0000000e-02   1.0000000e-09
   5.0000000e+02   1.4000000e+02   4.0000000e-02   3.0000000e-02   1.0000000e-09
   5.0000000e+02   1.4000000e+02   4.0000000e-02   3.0000000e-02   1.0000000e-09
   5.0000000e+02   1.4000000e+02   3.1007140e-02   3.0000000e-02   1.0000000e-09
   5.0000000e+02   1.4000000e+02   4.0000000e-02   3.0000000e-02   1.0000000e-09
   5.0000000e+02   1.4000000e+02   4.0000000e-02   3.0000000e-02   1.0000000e-09
   5.0000000e+02   1.4000000e+02   4.0000000e-03   3.0000000e-02   1.0000000e-09
   5.0000000e+02   1.4000000e+02   4.0000000e-02   3.0000000e-02   1.0000000e-09
   5.0000000e+02   1.4000000e+02   4.0000000e-03   3.0000000e-02   1.0000000e-09
   5.0000000e+02   1.4000000e+02   4.0000000e-03   3.0000000e-02   1.0000000e-09
   5.0000000e+02   1.4000000e+02   4.0000000e-02   3.0000000e-02   1.0000000e-09
   5.0000000e+02   1.4000000e+02   1.3006900e-02   3.0000000e-02   1.0000000e-09
   5.0000000e+02   1.4000000e+02   4.0000000e-03   3.0000000e-02   1.0000000e-09
   5.0000000e+02   1.4000000e+02   4.0000000e-03   3.0000000e-02   1.0000000e-09
   5.0000000e+02   1.4000000e+02   4.0000000e-03   3.0000000e-02   1.0000000e-09
   5.0000000e+02   1.4000000e+02   4.0000000e-03   3.0000000e-02   1.0000000e-09
   5.0000000e+02   1.4000000e+02   4.0000000e-03   3.0000000e-02   1.0000000e-09
   5.0000000e+02   1.4000000e+02   4.0000000e-03   3.0000000e-02   1.0000000e-09
   5.0000000e+02   1.4000000e+02   4.0000000e-03   3.0000000e-02   1.0000000e-09
   5.0000000e+02   1.4000000e+02   4.0000000e-03   3.0000000e-02   1.0000000e-09
   5.0000000e+02   1.4000000e+02   4.0000000e-03   3.0000000e-02   1.0000000e-09
   5.0000000e+02   1.4000000e+02   4.0000000e-03   3.0000000e-02   1.0000000e-09
   5.0000000e+02   1.4000000e+02   4.0000000e-03   3.0000000e-02   1.0000000e-09
   5.0000000e+02   1.4000000e+02   4.0000000e-03   3.0000000e-02   1.0000000e-09
   5.0000000e+02   1.4000000e+02   4.0000000e-03   3.0000000e-02   1.0000000e-09
   5.0000000e+02   1.4000000e+02   4.0000000e-03   3.0000000e-02   1.0000000e-09
   5.0000000e+02   1.4000000e+02   4.0000000e-03   3.0000000e-02   1.0000000e-09
   5.0000000e+02   1.4000000e+02   4.0000000e-03   3.0000000e-02   1.0000000e-09
   5.0000000e+02   1.4000000e+02   4.0000000e-03   3.0000000e-02   1.0000000e-09
   5.0000000e+02   1.4000000e+02   4.0000000e-03   3.0000000e-02   1.0000000e-09
   5.0000000e+02   1.4000000e+02   4.0000000e-03   3.0000000e-02   1.0000000e-09
   5.0000000e+02   1.4000000e+02   4.0000000e-03   3.0000000e-02   1.0000000e-09
   5.0000000e+02   1.4000000e+02   4.0000000e-03   3.0000000e-02   1.0000000e-09
   5.0000000e+02   1.4000000e+02   4.0000000e-03   3.0000000e-02   1.0000000e-09
   5.0000000e+02   1.4000000e+02   4.0000000e-03   3.0000000e-02   1.0000000e-09
   5.0000000e+02   1.4000000e+02   4.0000000e-03   3.0000000e-02   1.0000000e-09
   5.0000000e+02   1.4000000e+02   4.0000000e-03   3.0000000e-02   1.0000000e-09
   5.0000000e+02   1.4000000e+02   4.0000000e-03   3.0000000e-02   1.0000000e-09
   5.0000000e+02   1.4000000e+02   4.0000000e-03   3.0000000e-02   1.0000000e-09
   5.0000000e+02   1.4000000e+02   4.0000000e-03   3.0000000e-02   1.0000000e-09
   5.0000000e+02   1.4000000e+02   4.0000000e-03   3.0000000e-02   1.0000000e-09
   5.0000000e+02   1.4000000e+02   4.0000000e-03   3.0000000e-02   1.0000000e-09
   5.0000000e+02   1.4000000e+02   4.0000000e-03   3.0000000e-02   1.0000000e-09
   5.0000000e+02   1.4000000e+02   4.0000000e-03   3.0000000e-02   1.0000000e-09
   5.0000000e+02   1.4000000e+02   4.0000000e-03   3.0000000e-02   1.0000000e-09
   5.0000000e+02   1.4000000e+02   4.0000000e-03   3.0000000e-02   1.0000000e-09
   5.0000000e+02   1.4000000e+02   4.0000000e-03   3.0000000e-02   1.0000000e-09
   5.0000000e+02   1.4000000e+02   4.0000000e-03   3.0000000e-02   1.0000000e-09
   5.0000000e+02   1.4000000e+02   4.0000000e-03   3.0000000e-02   1.0000000e-09
   5.0000000e+02   1.4000000e+02   4.0000000e-03   3.0000000e-02   1.0000000e-09
   5.0000000e+02   1.4000000e+02   4.0000000e-03   3.0000000e-02   1.0000000e-09
   5.0000000e+02   1.4000000e+02   4.0000000e-03   3.0000000e-02   1.0000000e-09
   5.0000000e+02   1.4000000e+02   4.0000000e-03   3.0000000e-02   1.0000000e-09
   5.0000000e+02   1.4000000e+02   4.0000000e-03   3.0000000e-02   1.0000000e-09
   5.0000000e+02   1.4000000e+02   4.0000000e-03   3.0000000e-02   1.0000000e-09
   5.0000000e+02   1.4000000e+02   4.0000000e-03   3.0000000e-02   1.0000000e-09
   5.0000000e+02   1.4000000e+02   4.0000000e-03   3.0000000e-02   1.0000000e-09
   5.0000000e+02   1.4000000e+02   4.0000000e-03   3.0000000e-02   1.0000000e-09
   5.0000000e+02   1.4000000e+02   4.0000000e-03   3.0000000e-02   1.0000000e-09
   5.0000000e+02   1.4000000e+02   4.0000000e-03   3.0000000e-02   1.0000000e-09
   5.0000000e+02   1.4000000e+02   4.0000000e-03   3.0000000e-02   1.0000000e-09
   5.0000000e+02   1.4000000e+02   4.0000000e-03   3.0000000e-02   1.0000000e-09
   5.0000000e+02   1.4000000e+02   4.0000000e-03   3.0000000e-02   1.0000000e-09
   5.0000000e+02   1.4000000e+02   4.0000000e-03   3.0000000e-02   1.0000000e-09
   5.0000000e+02   1.4000000e+02   4.0000000e-03   3.0000000e-02   1.0000000e-09
   5.0000000e+02   1.4000000e+02   4.0000000e-03   3.0000000e-02   1.0000000e-09
   5.0000000e+02   1.4000000e+02   4.0000000e-03   3.0000000e-02   1.0000000e-09
   5.0000000e+02   1.4000000e+02   4.0000000e-03   3.0000000e-02   1.0000000e-09
   5.0000000e+02   1.4000000e+02   4.0000000e-03   3.0000000e-02   1.0000000e-09
   5.0000000e+02   1.4000000e+02   4.0000000e-03   3.0000000e-02   1.0000000e-09
   5.0000000e+02   1.4000000e+02   4.0000000e-03   3.0000000e-02   1.0000000e-09
   5.0000000e+02   1.4000000e+02   4.0000000e-03   3.0000000e-02   1.0000000e-09
   5.0000000e+02   1.4000000e+02   4.0000000e-03   3.0000000e-02   1.0000000e-09
   5.0000000e+02   1.4000000e+02   4.0000000e-03   3.0000000e-02   1.0000000e-09
   5.0000000e+02   1.4000000e+02   4.0000000e-03   3.0000000e-02   1.0000000e-09
   5.0000000e+02   1.4000000e+02   4.0000000e-03   3.0000000e-02   1.0000000e-09
   5.0000000e+02   1.4000000e+02   4.0000000e-03   3.0000000e-02   1.0000000e-09
   5.0000000e+02   1.4000000e+02   4.0000000e-03   3.0000000e-02   1.0000000e-09
   5.0000000e+02   1.4000000e+02   4.0000000e-03   3.0000000e-02   1.0000000e-09
   5.0000000e+02   1.4000000e+02   4.0000000e-03   3.0000000e-02   1.0000000e-09
   5.0000000e+02   1.4000000e+02   4.0000000e-03   3.0000000e-02   1.0000000e-09
   5.0000000e+02   1.4000000e+02   4.0000000e-03   3.0000000e-02   1.0000000e-09
   5.0000000e+02   1.4000000e+02   4.0000000e-03   3.0000000e-02   1.0000000e-09
   5.0000000e+02   1.4000000e+02   4.0000000e-03   3.0000000e-02   1.0000000e-09
   5.0000000e+02   1.4000000e+02   4.0000000e-03   3.0000000e-02   1.0000000e-09
   5.0000000e+02   1.4000000e+02   4.0000000e-03   3.0000000e-02   1.0000000e-09
   5.0000000e+02   1.4000000e+02   4.0000000e-03   3.0000000e-02   1.0000000e-09
   5.0000000e+02   1.4000000e+02   4.0000000e-03   3.0000000e-02   1.0000000e-09
   5.0000000e+02   1.4000000e+02   4.0000000e-03   3.0000000e-02   1.0000000e-09
   5.0000000e+02   1.4000000e+02   4.0000000e-03   3.0000000e-02   1.0000000e-09
   5.0000000e+02   1.4000000e+02   4.0000000e-03   3.0000000e-02   1.0000000e-09
   5.0000000e+02   1.4000000e+02   4.0000000e-03   3.0000000e-02   1.0000000e-09
   5.0000000e+02   1.4000000e+02   4.0000000e-03   3.0000000e-02   1.0000000e-09
   5.0000000e+02   1.4000000e+02   4.0000000e-03   3.0000000e-02   1.0000000e-09
   5.0000000e+02   1.4000000e+02   4.0000000e-03   3.0000000e-02   1.0000000e-09
   5.0000000e+02   1.4000000e+02   4.0000000e-03   3.0000000e-02   1.0000000e-09
   5.0000000e+02   1.4000000e+02   4.0000000e-03   3.0000000e-02   1.0000000e-09
   5.0000000e+02   1.4000000e+02   4.0000000e-03   3.0000000e-02   1.0000000e-09
   5.0000000e+02   1.4000000e+02   4.0000000e-03   3.0000000e-02   1.0000000e-09
   5.0000000e+02   1.4000000e+02   4.0000000e-03   3.0000000e-02   1.0000000e-09
   5.0000000e+02   1.4000000e+02   4.0000000e-03   3.0000000e-02   1.0000000e-09
   5.0000000e+02   1.4000000e+02   4.0000000e-03   3.0000000e-02   1.0000000e-09
   5.0000000e+02   1.3000000e+02   4.0000000e-03   3.0000000e-02   3.0000000e-02
   5.0000000e+02   1.4000000e+02   4.0000000e-03   3.0000000e-02   1.0000000e-09
   5.0000000e+02   1.3000000e+02   4.0000000e-03   3.0000000e-02   3.0000000e-02
   5.0000000e+02   1.4000000e+02   4.0000000e-03   3.0000000e-02   1.0000000e-09
   5.0000000e+02   1.3000000e+02   4.0000000e-03   3.0000000e-02   3.0000000e-02
   5.0000000e+02   1.4000000e+02   4.0000000e-03   3.0000000e-02   1.0000000e-09
   5.0000000e+02   1.3000000e+02   4.0000000e-03   3.0000000e-02   3.0000000e-02
   5.0000000e+02   1.3000000e+02   4.0000000e-03   3.0000000e-02   3.0000000e-02
   5.0000000e+02   1.3000000e+02   4.0000000e-03   3.0000000e-02   3.0000000e-02
   5.0000000e+02   1.3000000e+02   4.0000000e-03   3.0000000e-02   3.0000000e-02
   5.0000000e+02   1.3000000e+02   4.0000000e-03   3.0000000e-02   3.0000000e-02
   5.0000000e+02   1.3000000e+02   4.0000000e-03   3.0000000e-02   3.0000000e-02
   5.0000000e+02   1.3000000e+02   4.0000000e-03   3.0000000e-02   3.0000000e-02
   5.0000000e+02   1.3000000e+02   4.0000000e-03   3.0000000e-02   3.0000000e-02
   5.0000000e+02   1.3000000e+02   4.0000000e-03   3.0000000e-02   3.0000000e-02
   5.0000000e+02   1.3000000e+02   4.0000000e-03   3.0000000e-02   3.0000000e-02
   5.0000000e+02   1.3000000e+02   4.0000000e-03   3.0000000e-02   3.0000000e-02
   5.0000000e+02   1.3000000e+02   4.0000000e-03   3.0000000e-02   3.0000000e-02
   5.0000000e+02   1.3000000e+02   4.0000000e-03   3.0000000e-02   3.0000000e-02
   5.0000000e+02   1.3000000e+02   4.0000000e-03   3.0000000e-02   3.0000000e-02
   5.0000000e+02   1.3000000e+02   4.0000000e-03   3.0000000e-02   3.0000000e-02
   5.0000000e+02   1.3000000e+02   4.0000000e-03   3.0000000e-02   3.0000000e-02
   5.0000000e+02   1.3000000e+02   4.0000000e-03   3.0000000e-02   3.0000000e-02
   5.0000000e+02   1.4000000e+02   1.2995920e-02   3.0000000e-02   1.0000000e-09
   5.0000000e+02   1.3000000e+02   4.0000000e-03   3.0000000e-02   3.0000000e-02
   5.0000000e+02   1.4000000e+02   4.0000000e-02   3.0000000e-02   1.0000000e-09
   5.0000000e+02   1.4000000e+02   3.0995920e-02   3.0000000e-02   1.0000000e-09
   5.0000000e+02   1.3000000e+02   4.0000000e-03   3.0000000e-02   3.0000000e-02
   5.0000000e+02   1.3000000e+02   4.0000000e-03   3.0000000e-02   3.0000000e-02
   5.0000000e+02   1.4000000e+02   4.0000000e-02   3.0000000e-02   1.0000000e-09
   5.0000000e+02   1.3000000e+02   4.0000000e-03   3.0000000e-02   3.0000000e-02
   5.0000000e+02   1.4000000e+02   1.2995440e-02   3.0000000e-02   1.0000000e-09
   5.0000000e+02   1.4000000e+02   4.0000000e-02   3.0000000e-02   1.0000000e-09
   5.0000000e+02   1.4000000e+02   3.0995440e-02   3.0000000e-02   1.0000000e-09
   5.0000000e+02   1.4000000e+02   4.0000000e-02   3.0000000e-02   1.0000000e-09
   5.0000000e+02   1.4000000e+02   4.0000000e-02   3.0000000e-02   1.0000000e-09
   5.0000000e+02   1.4000000e+02   4.0000000e-02   3.0000000e-02   1.0000000e-09
   5.0000000e+02   1.4000000e+02   4.0000000e-02   3.0000000e-02   1.0000000e-09
   5.0000000e+02   1.4000000e+02   4.0000000e-02   3.0000000e-02   1.0000000e-09
   5.0000000e+02   1.4000000e+02   4.0000000e-02   3.0000000e-02   1.0000000e-09
   5.0000000e+02   1.4000000e+02   4.0000000e-02   3.0000000e-02   1.0000000e-09
   5.0000000e+02   1.4000000e+02   4.0000000e-02   3.0000000e-02   1.0000000e-09
   5.0000000e+02   1.4000000e+02   4.0000000e-02   3.0000000e-02   1.0000000e-09
   5.0000000e+02   1.4000000e+02   4.0000000e-02   3.0000000e-02   1.0000000e-09
   5.0000000e+02   1.4000000e+02   4.0000000e-02   3.0000000e-02   1.0000000e-09
   5.0000000e+02   1.4000000e+02   4.0000000e-02   3.0000000e-02   1.0000000e-09
   5.0000000e+02   1.4000000e+02   4.0000000e-02   3.0000000e-02   1.0000000e-09
   5.0000000e+02   1.4000000e+02   4.0000000e-02   3.0000000e-02   1.0000000e-09
   5.0000000e+02   1.4000000e+02   4.0000000e-02   3.0000000e-02   1.0000000e-09
   5.0000000e+02   1.4000000e+02   4.0000000e-02   3.0000000e-02   1.0000000e-09
   5.0000000e+02   1.4000000e+02   4.0000000e-02   3.0000000e-02   1.0000000e-09
   5.0000000e+02   1.4000000e+02   4.0000000e-02   3.0000000e-02   1.0000000e-09
   5.0000000e+02   1.4000000e+02   4.0000000e-02   3.0000000e-02   1.0000000e-09
   5.0000000e+02   1.4000000e+02   4.0000000e-02   3.0000000e-02   1.0000000e-09
   5.0000000e+02   1.4000000e+02   4.0000000e-02   3.0000000e-02   1.0000000e-09
   5.0000000e+02   1.4000000e+02   4.0000000e-02   3.0000000e-02   1.0000000e-09
   5.0000000e+02   1.4000000e+02   4.0000000e-02   3.0000000e-02   1.0000000e-09
   5.0000000e+02   1.4000000e+02   4.0000000e-02   3.0000000e-02   1.0000000e-09
   5.0000000e+02   1.4000000e+02   4.0000000e-02   3.0000000e-02   1.0000000e-09
   5.0000000e+02   1.4000000e+02   4.0000000e-02   3.0000000e-02   1.0000000e-09
   5.0000000e+02   1.4000000e+02   4.0000000e-02   3.0000000e-02   1.0000000e-09
   5.0000000e+02   1.4000000e+02   4.0000000e-02   3.0000000e-02   1.0000000e-09
   5.0000000e+02   1.4000000e+02   4.0000000e-02   3.0000000e-02   1.0000000e-09
   5.0000000e+02   1.4000000e+02   4.0000000e-02   3.0000000e-02   1.0000000e-09
   5.0000000e+02   1.4000000e+02   4.0000000e-02   3.0000000e-02   1.0000000e-09
   5.0000000e+02   1.3000000e+02   4.0000000e-03   3.0000000e-02   3.0000000e-02
   5.0000000e+02   1.4000000e+02   4.0000000e-02   3.0000000e-02   1.0000000e-09
   5.0000000e+02   1.4000000e+02   4.0000000e-02   3.0000000e-02   1.0000000e-09
   5.0000000e+02   1.4000000e+02   4.0000000e-02   3.0000000e-02   1.0000000e-09
   5.0000000e+02   1.4000000e+02   4.0000000e-02   3.0000000e-02   1.0000000e-09
   5.0000000e+02   1.4000000e+02   4.0000000e-02   3.0000000e-02   1.0000000e-09
   5.0000000e+02   1.4000000e+02   4.0000000e-02   3.0000000e-02   1.0000000e-09
   5.0000000e+02   1.4000000e+02   4.0000000e-02   3.0000000e-02   1.0000000e-09
   5.0000000e+02   1.4000000e+02   4.0000000e-02   3.0000000e-02   1.0000000e-09
   5.0000000e+02   1.4000000e+02   4.0000000e-02   3.0000000e-02   1.0000000e-09
   5.0000000e+02   1.4000000e+02   4.0000000e-02   3.0000000e-02   1.0000000e-09
   5.0000000e+02   1.4000000e+02   4.0000000e-02   3.0000000e-02   1.0000000e-09
   5.0000000e+02   1.4000000e+02   4.0000000e-02   3.0000000e-02   1.0000000e-09
   5.0000000e+02   1.4000000e+02   4.0000000e-02   3.0000000e-02   1.0000000e-09
   5.0000000e+02   1.4000000e+02   4.0000000e-02   3.0000000e-02   1.0000000e-09
   5.0000000e+02   1.4000000e+02   4.0000000e-02   3.0000000e-02   1.0000000e-09
   5.0000000e+02   1.4000000e+02   4.0000000e-02   3.0000000e-02   1.0000000e-09
   5.0000000e+02   1.4000000e+02   4.0000000e-02   3.0000000e-02   1.0000000e-09
   5.0000000e+02   1.4000000e+02   4.0000000e-02   3.0000000e-02   1.0000000e-09
   5.0000000e+02   1.4000000e+02   4.0000000e-02   3.0000000e-02   1.0000000e-09
   5.0000000e+02   1.4000000e+02   4.0000000e-02   3.0000000e-02   1.0000000e-09
   5.0000000e+02   1.4000000e+02   4.0000000e-02   3.0000000e-02   1.0000000e-09
   5.0000000e+02   1.4000000e+02   4.0000000e-02   3.0000000e-02   1.0000000e-09
   5.0000000e+02   1.4000000e+02   4.0000000e-02   3.0000000e-02   1.0000000e-09
   5.0000000e+02   1.4000000e+02   4.0000000e-02   3.0000000e-02   1.0000000e-09
   5.0000000e+02   1.4000000e+02   4.0000000e-02   3.0000000e-02   1.0000000e-09
   5.0000000e+02   1.4000000e+02   4.0000000e-02   3.0000000e-02   1.0000000e-09
   5.0000000e+02   1.4000000e+02   4.0000000e-02   3.0000000e-02   1.0000000e-09
   5.0000000e+02   1.4000000e+02   4.0000000e-02   3.0000000e-02   1.0000000e-09
   5.0000000e+02   1.4000000e+02   4.0000000e-02   3.0000000e-02   1.0000000e-09
   5.0000000e+02   1.4000000e+02   4.0000000e-02   3.0000000e-02   1.0000000e-09
   5.0000000e+02   1.4000000e+02   4.0000000e-02   3.0000000e-02   1.0000000e-09
   5.0000000e+02   1.4000000e+02   4.0000000e-02   3.0000000e-02   1.0000000e-09
   5.0000000e+02   1.4000000e+02   4.0000000e-02   3.0000000e-02   1.0000000e-09
   5.0000000e+02   1.4000000e+02   4.0000000e-02   3.0000000e-02   1.0000000e-09
   5.0000000e+02   1.4000000e+02   4.0000000e-02   3.0000000e-02   1.0000000e-09
   5.0000000e+02   1.4000000e+02   4.0000000e-02   3.0000000e-02   1.0000000e-09
   5.0000000e+02   1.4000000e+02   4.0000000e-02   3.0000000e-02   1.0000000e-09
   5.0000000e+02   1.4000000e+02   4.0000000e-02   3.0000000e-02   1.0000000e-09
   5.0000000e+02   1.4000000e+02   4.0000000e-02   3.0000000e-02   1.0000000e-09
   5.0000000e+02   1.4000000e+02   4.0000000e-02   3.0000000e-02   1.0000000e-09
   5.0000000e+02   1.4000000e+02   4.0000000e-02   3.0000000e-02   1.0000000e-09
   5.0000000e+02   1.4000000e+02   4.0000000e-02   3.0000000e-02   1.0000000e-09
   5.0000000e+02   1.4000000e+02   4.0000000e-02   3.0000000e-02   1.0000000e-09
   5.0000000e+02   1.4000000e+02   4.0000000e-02   3.0000000e-02   1.0000000e-09
   5.0000000e+02   1.4000000e+02   4.0000000e-02   3.0000000e-02   1.0000000e-09
   5.0000000e+02   1.4000000e+02   4.0000000e-02   3.0000000e-02   1.0000000e-09
   5.0000000e+02   1.4000000e+02   4.0000000e-02   3.0000000e-02   1.0000000e-09
   5.0000000e+02   1.4000000e+02   4.0000000e-02   3.0000000e-02   1.0000000e-09
   5.0000000e+02   1.4000000e+02   4.0000000e-02   3.0000000e-02   1.0000000e-09
   5.0000000e+02   1.4000000e+02   4.0000000e-02   3.0000000e-02   1.0000000e-09
   5.0000000e+02   1.4000000e+02   4.0000000e-02   3.0000000e-02   1.0000000e-09
   5.0000000e+02   1.4000000e+02   4.0000000e-02   3.0000000e-02   1.0000000e-09
   5.0000000e+02   1.4000000e+02   4.0000000e-02   3.0000000e-02   1.0000000e-09
   5.0000000e+02   1.4000000e+02   4.0000000e-02   3.0000000e-02   1.0000000e-09
   5.0000000e+02   1.4000000e+02   4.0000000e-02   3.0000000e-02   1.0000000e-09
   5.0000000e+02   1.4000000e+02   4.0000000e-02   3.0000000e-02   1.0000000e-09
   5.0000000e+02   1.4000000e+02   4.0000000e-02   3.0000000e-02   1.0000000e-09
   5.0000000e+02   1.4000000e+02   4.0000000e-02   3.0000000e-02   1.0000000e-09
   5.0000000e+02   1.4000000e+02   4.0000000e-02   3.0000000e-02   1.0000000e-09
   5.0000000e+02   1.4000000e+02   4.0000000e-02   3.0000000e-02   1.0000000e-09
   5.0000000e+02   1.4000000e+02   4.0000000e-02   3.0000000e-02   1.0000000e-09
   5.0000000e+02   1.4000000e+02   4.0000000e-02   3.0000000e-02   1.0000000e-09
   5.0000000e+02   1.4000000e+02   4.0000000e-02   3.0000000e-02   1.0000000e-09
   5.0000000e+02   1.4000000e+02   4.0000000e-02   3.0000000e-02   1.0000000e-09
   5.0000000e+02   1.4000000e+02   4.0000000e-02   3.0000000e-02   1.0000000e-09
   5.0000000e+02   1.4000000e+02   4.0000000e-02   3.0000000e-02   1.0000000e-09
   5.0000000e+02   1.4000000e+02   4.0000000e-02   3.0000000e-02   1.0000000e-09
   5.0000000e+02   1.4000000e+02   4.0000000e-02   3.0000000e-02   1.0000000e-09
   5.0000000e+02   1.4000000e+02   4.0000000e-02   3.0000000e-02   1.0000000e-09
   5.0000000e+02   1.4000000e+02   4.0000000e-02   3.0000000e-02   1.0000000e-09
   5.0000000e+02   1.4000000e+02   4.0000000e-02   3.0000000e-02   1.0000000e-09
   5.0000000e+02   1.4000000e+02   4.0000000e-02   3.0000000e-02   1.0000000e-09
   5.0000000e+02   1.4000000e+02   4.0000000e-02   3.0000000e-02   1.0000000e-09
   5.0000000e+02   1.4000000e+02   4.0000000e-02   3.0000000e-02   1.0000000e-09
   5.0000000e+02   1.4000000e+02   4.0000000e-02   3.0000000e-02   1.0000000e-09
   5.0000000e+02   1.4000000e+02   4.0000000e-02   3.0000000e-02   1.0000000e-09
   5.0000000e+02   1.4000000e+02   4.0000000e-02   3.0000000e-02   1.0000000e-09
   5.0000000e+02   1.4000000e+02   4.0000000e-02   3.0000000e-02   1.0000000e-09
   5.0000000e+02   1.4000000e+02   4.0000000e-02   3.0000000e-02   1.0000000e-09
   5.0000000e+02   1.4000000e+02   4.0000000e-02   3.0000000e-02   1.0000000e-09
   5.0000000e+02   1.4000000e+02   4.0000000e-02   3.0000000e-02   1.0000000e-09
   5.0000000e+02   1.4000000e+02   4.0000000e-02   3.0000000e-02   1.0000000e-09
   5.0000000e+02   1.4000000e+02   4.0000000e-02   3.0000000e-02   1.0000000e-09
   5.0000000e+02   1.4000000e+02   4.0000000e-02   3.0000000e-02   1.0000000e-09
   5.0000000e+02   1.4000000e+02   4.0000000e-02   3.0000000e-02   1.0000000e-09
   5.0000000e+02   1.4000000e+02   4.0000000e-02   3.0000000e-02   1.0000000e-09
   5.0000000e+02   1.4000000e+02   4.0000000e-02   3.0000000e-02   1.0000000e-09
   5.0000000e+02   1.4000000e+02   4.0000000e-02   3.0000000e-02   1.0000000e-09
   5.0000000e+02   1.4000000e+02   4.0000000e-02   3.0000000e-02   1.0000000e-09
   5.0000000e+02   1.4000000e+02   4.0000000e-02   3.0000000e-02   1.0000000e-09
   5.0000000e+02   1.4000000e+02   4.0000000e-02   3.0000000e-02   1.0000000e-09
   5.0000000e+02   1.4000000e+02   4.0000000e-02   3.0000000e-02   1.0000000e-09
   5.0000000e+02   1.4000000e+02   4.0000000e-02   3.0000000e-02   1.0000000e-09
   5.0000000e+02   1.4000000e+02   4.0000000e-02   3.0000000e-02   1.0000000e-09
   5.0000000e+02   1.4000000e+02   4.0000000e-02   3.0000000e-02   1.0000000e-09
   5.0000000e+02   1.4000000e+02   4.0000000e-02   3.0000000e-02   1.0000000e-09
   5.0000000e+02   1.4000000e+02   4.0000000e-02   3.0000000e-02   1.0000000e-09
   5.0000000e+02   1.4000000e+02   4.0000000e-02   3.0000000e-02   1.0000000e-09
   5.0000000e+02   1.4000000e+02   4.0000000e-02   3.0000000e-02   1.0000000e-09
   5.0000000e+02   1.4000000e+02   4.0000000e-02   3.0000000e-02   1.0000000e-09
   5.0000000e+02   1.4000000e+02   4.0000000e-02   3.0000000e-02   1.0000000e-09
   5.0000000e+02   1.4000000e+02   4.0000000e-02   3.0000000e-02   1.0000000e-09
   5.0000000e+02   1.4000000e+02   4.0000000e-02   3.0000000e-02   1.0000000e-09
   5.0000000e+02   1.4000000e+02   4.0000000e-02   3.0000000e-02   1.0000000e-09
   5.0000000e+02   1.4000000e+02   4.0000000e-02   3.0000000e-02   1.0000000e-09
   5.0000000e+02   1.4000000e+02   4.0000000e-02   3.0000000e-02   1.0000000e-09
   5.0000000e+02   1.4000000e+02   4.0000000e-02   3.0000000e-02   1.0000000e-09
   5.0000000e+02   1.4000000e+02   4.0000000e-02   3.0000000e-02   1.0000000e-09
   5.0000000e+02   1.4000000e+02   4.0000000e-02   3.0000000e-02   1.0000000e-09
   5.0000000e+02   1.4000000e+02   4.0000000e-02   3.0000000e-02   1.0000000e-09
   5.0000000e+02   1.4000000e+02   4.0000000e-02   3.0000000e-02   1.0000000e-09
   5.0000000e+02   1.4000000e+02   4.0000000e-02   3.0000000e-02   1.0000000e-09
   5.0000000e+02   1.4000000e+02   4.0000000e-02   3.0000000e-02   1.0000000e-09
   5.0000000e+02   1.4000000e+02   4.0000000e-02   3.0000000e-02   1.0000000e-09
   5.0000000e+02   1.4000000e+02   4.0000000e-02   3.0000000e-02   1.0000000e-09
   5.0000000e+02   1.4000000e+02   4.0000000e-02   3.0000000e-02   1.0000000e-09
   5.0000000e+02   1.4000000e+02   4.0000000e-02   3.0000000e-02   1.0000000e-09
   5.0000000e+02   1.4000000e+02   4.0000000e-02   3.0000000e-02   1.0000000e-09
   5.0000000e+02   1.4000000e+02   4.0000000e-02   3.0000000e-02   1.0000000e-09
   5.0000000e+02   1.4000000e+02   4.0000000e-02   3.0000000e-02   1.0000000e-09
   5.0000000e+02   1.4000000e+02   4.0000000e-02   3.0000000e-02   1.0000000e-09
   5.0000000e+02   1.4000000e+02   4.0000000e-02   3.0000000e-02   1.0000000e-09
   5.0000000e+02   1.4000000e+02   4.0000000e-02   3.0000000e-02   1.0000000e-09
   5.0000000e+02   1.4000000e+02   4.0000000e-02   3.0000000e-02   1.0000000e-09
   5.0000000e+02   1.4000000e+02   4.0000000e-02   3.0000000e-02   1.0000000e-09
   5.0000000e+02   1.4000000e+02   4.0000000e-02   3.0000000e-02   1.0000000e-09
   5.0000000e+02   1.4000000e+02   4.0000000e-02   3.0000000e-02   1.0000000e-09
   5.0000000e+02   1.4000000e+02   4.0000000e-02   3.0000000e-02   1.0000000e-09
   5.0000000e+02   1.4000000e+02   4.0000000e-02   3.0000000e-02   1.0000000e-09
   5.0000000e+02   1.4000000e+02   4.0000000e-02   3.0000000e-02   1.0000000e-09
   5.0000000e+02   1.4000000e+02   4.0000000e-02   3.0000000e-02   1.0000000e-09
   5.0000000e+02   1.4000000e+02   4.0000000e-02   3.0000000e-02   1.0000000e-09
   5.0000000e+02   1.4000000e+02   4.0000000e-02   3.0000000e-02   1.0000000e-09
   5.0000000e+02   1.4000000e+02   4.0000000e-02   3.0000000e-02   1.0000000e-09
   5.0000000e+02   1.4000000e+02   4.0000000e-02   3.0000000e-02   1.0000000e-09
   5.0000000e+02   1.4000000e+02   4.0000000e-02   3.0000000e-02   1.0000000e-09
   5.0000000e+02   1.4000000e+02   4.0000000e-02   3.0000000e-02   1.0000000e-09
   5.0000000e+02   1.4000000e+02   4.0000000e-02   3.0000000e-02   1.0000000e-09
   5.0000000e+02   1.4000000e+02   4.0000000e-02   3.0000000e-02   1.0000000e-09
   5.0000000e+02   1.4000000e+02   4.0000000e-02   3.0000000e-02   1.0000000e-09
   5.0000000e+02   1.4000000e+02   4.0000000e-02   3.0000000e-02   1.0000000e-09
   5.0000000e+02   1.4000000e+02   4.0000000e-02   3.0000000e-02   1.0000000e-09
   5.0000000e+02   1.4000000e+02   4.0000000e-02   3.0000000e-02   1.0000000e-09
   5.0000000e+02   1.4000000e+02   4.0000000e-02   3.0000000e-02   1.0000000e-09
   5.0000000e+02   1.4000000e+02   4.0000000e-02   3.0000000e-02   1.0000000e-09
   5.0000000e+02   1.4000000e+02   4.0000000e-02   3.0000000e-02   1.0000000e-09
   5.0000000e+02   1.4000000e+02   4.0000000e-02   3.0000000e-02   1.0000000e-09
   5.0000000e+02   1.4000000e+02   4.0000000e-02   3.0000000e-02   1.0000000e-09
   5.0000000e+02   1.4000000e+02   4.0000000e-02   3.0000000e-02   1.0000000e-09
   5.0000000e+02   1.4000000e+02   4.0000000e-02   3.0000000e-02   1.0000000e-09
   5.0000000e+02   1.4000000e+02   4.0000000e-02   3.0000000e-02   1.0000000e-09
   5.0000000e+02   1.4000000e+02   4.0000000e-02   3.0000000e-02   1.0000000e-09
   5.0000000e+02   1.4000000e+02   4.0000000e-02   3.0000000e-02   1.0000000e-09
   5.0000000e+02   1.4000000e+02   4.0000000e-02   3.0000000e-02   1.0000000e-09
   5.0000000e+02   1.4000000e+02   4.0000000e-02   3.0000000e-02   1.0000000e-09
   5.0000000e+02   1.4000000e+02   4.0000000e-02   3.0000000e-02   1.0000000e-09
   5.0000000e+02   1.4000000e+02   4.0000000e-02   3.0000000e-02   1.0000000e-09
   5.0000000e+02   1.4000000e+02   4.0000000e-02   3.0000000e-02   1.0000000e-09
   5.0000000e+02   1.4000000e+02   4.0000000e-03   3.0000000e-02   1.0000000e-09
   5.0000000e+02   1.4000000e+02   4.0000000e-02   3.0000000e-02   1.0000000e-09
   5.0000000e+02   1.4000000e+02   4.0000000e-02   3.0000000e-02   1.0000000e-09
   5.0000000e+02   1.4000000e+02   4.0000000e-02   3.0000000e-02   1.0000000e-09
   5.0000000e+02   1.4000000e+02   4.0000000e-02   3.0000000e-02   1.0000000e-09
   5.0000000e+02   1.4000000e+02   4.0000000e-02   3.0000000e-02   1.0000000e-09
   5.0000000e+02   1.4000000e+02   4.0000000e-02   3.0000000e-02   1.0000000e-09
   5.0000000e+02   1.4000000e+02   4.0000000e-02   3.0000000e-02   1.0000000e-09
   5.0000000e+02   1.4000000e+02   4.0000000e-02   3.0000000e-02   1.0000000e-09
   5.0000000e+02   1.4000000e+02   4.0000000e-02   3.0000000e-02   1.0000000e-09
   5.0000000e+02   1.4000000e+02   4.0000000e-02   3.0000000e-02   1.0000000e-09
   5.0000000e+02   1.4000000e+02   4.0000000e-02   3.0000000e-02   1.0000000e-09
   5.0000000e+02   1.4000000e+02   4.0000000e-02   3.0000000e-02   1.0000000e-09
   5.0000000e+02   1.4000000e+02   4.0000000e-02   3.0000000e-02   1.0000000e-09
   5.0000000e+02   1.4000000e+02   4.0000000e-02   3.0000000e-02   1.0000000e-09
   5.0000000e+02   1.4000000e+02   4.0000000e-02   3.0000000e-02   1.0000000e-09
   5.0000000e+02   1.4000000e+02   4.0000000e-02   3.0000000e-02   1.0000000e-09
   5.0000000e+02   1.4000000e+02   4.0000000e-02   3.0000000e-02   1.0000000e-09
   5.0000000e+02   1.4000000e+02   4.0000000e-02   3.0000000e-02   1.0000000e-09
   5.0000000e+02   1.4000000e+02   4.0000000e-02   3.0000000e-02   1.0000000e-09
   5.0000000e+02   1.4000000e+02   4.0000000e-02   3.0000000e-02   1.0000000e-09
   5.0000000e+02   1.4000000e+02   4.0000000e-02   3.0000000e-02   1.0000000e-09
   5.0000000e+02   1.4000000e+02   4.0000000e-02   3.0000000e-02   1.0000000e-09
   5.0000000e+02   1.4000000e+02   4.0000000e-02   3.0000000e-02   1.0000000e-09
   5.0000000e+02   1.4000000e+02   4.0000000e-02   3.0000000e-02   1.0000000e-09
   5.0000000e+02   1.4000000e+02   4.0000000e-02   3.0000000e-02   1.0000000e-09
   5.0000000e+02   1.4000000e+02   4.0000000e-02   3.0000000e-02   1.0000000e-09
   5.0000000e+02   1.4000000e+02   4.0000000e-02   3.0000000e-02   1.0000000e-09
   5.0000000e+02   1.4000000e+02   4.0000000e-02   3.0000000e-02   1.0000000e-09
   5.0000000e+02   1.4000000e+02   4.0000000e-02   3.0000000e-02   1.0000000e-09
   5.0000000e+02   1.4000000e+02   4.0000000e-02   3.0000000e-02   1.0000000e-09
   5.0000000e+02   1.4000000e+02   4.0000000e-02   3.0000000e-02   1.0000000e-09
   5.0000000e+02   1.4000000e+02   4.0000000e-02   3.0000000e-02   1.0000000e-09
   5.0000000e+02   1.4000000e+02   4.0000000e-02   3.0000000e-02   1.0000000e-09
   5.0000000e+02   1.4000000e+02   4.0000000e-02   3.0000000e-02   1.0000000e-09
   5.0000000e+02   1.4000000e+02   4.0000000e-02   3.0000000e-02   1.0000000e-09
   5.0000000e+02   1.4000000e+02   4.0000000e-02   3.0000000e-02   1.0000000e-09
   5.0000000e+02   1.4000000e+02   4.0000000e-02   3.0000000e-02   1.0000000e-09
   5.0000000e+02   1.4000000e+02   4.0000000e-02   3.0000000e-02   1.0000000e-09
   5.0000000e+02   1.4000000e+02   4.0000000e-02   3.0000000e-02   1.0000000e-09
   5.0000000e+02   1.4000000e+02   4.0000000e-02   3.0000000e-02   1.0000000e-09
   5.0000000e+02   1.4000000e+02   4.0000000e-02   3.0000000e-02   1.0000000e-09
   5.0000000e+02   1.4000000e+02   4.0000000e-02   3.0000000e-02   1.0000000e-09
   5.0000000e+02   1.4000000e+02   4.0000000e-03   3.0000000e-02   1.0000000e-09
   5.0000000e+02   1.4000000e+02   4.0000000e-02   3.0000000e-02   1.0000000e-09
   5.0000000e+02   1.4000000e+02   4.0000000e-02   3.0000000e-02   1.0000000e-09
   5.0000000e+02   1.4000000e+02   4.0000000e-02   3.0000000e-02   1.0000000e-09
   5.0000000e+02   1.4000000e+02   4.0000000e-02   3.0000000e-02   1.0000000e-09
   5.0000000e+02   1.4000000e+02   4.0000000e-02   3.0000000e-02   1.0000000e-09
   5.0000000e+02   1.4000000e+02   4.0000000e-02   3.0000000e-02   1.0000000e-09
   5.0000000e+02   1.4000000e+02   4.0000000e-02   3.0000000e-02   1.0000000e-09
   5.0000000e+02   1.4000000e+02   4.0000000e-02   3.0000000e-02   1.0000000e-09
   5.0000000e+02   1.4000000e+02   4.0000000e-02   3.0000000e-02   1.0000000e-09
   5.0000000e+02   1.4000000e+02   4.0000000e-02   3.0000000e-02   1.0000000e-09
   5.0000000e+02   1.4000000e+02   4.0000000e-02   3.0000000e-02   1.0000000e-09
   5.0000000e+02   1.4000000e+02   4.0000000e-02   3.0000000e-02   1.0000000e-09
   5.0000000e+02   1.4000000e+02   4.0000000e-02   3.0000000e-02   1.0000000e-09
   5.0000000e+02   1.4000000e+02   4.0000000e-02   3.0000000e-02   1.0000000e-09
   5.0000000e+02   1.4000000e+02   4.0000000e-02   3.0000000e-02   1.0000000e-09
   5.0000000e+02   1.4000000e+02   4.0000000e-02   3.0000000e-02   1.0000000e-09
   5.0000000e+02   1.4000000e+02   4.0000000e-02   3.0000000e-02   1.0000000e-09
   5.0000000e+02   1.4000000e+02   4.0000000e-02   3.0000000e-02   1.0000000e-09
   5.0000000e+02   1.4000000e+02   4.0000000e-02   3.0000000e-02   1.0000000e-09
   5.0000000e+02   1.4000000e+02   4.0000000e-02   3.0000000e-02   1.0000000e-09
   5.0000000e+02   1.4000000e+02   4.0000000e-02   3.0000000e-02   1.0000000e-09
   5.0000000e+02   1.4000000e+02   4.0000000e-02   3.0000000e-02   1.0000000e-09
   5.0000000e+02   1.4000000e+02   4.0000000e-02   3.0000000e-02   1.0000000e-09
   5.0000000e+02   1.4000000e+02   4.0000000e-02   3.0000000e-02   1.0000000e-09
   5.0000000e+02   1.4000000e+02   4.0000000e-02   3.0000000e-02   1.0000000e-09
   5.0000000e+02   1.4000000e+02   4.0000000e-02   3.0000000e-02   1.0000000e-09
   5.0000000e+02   1.4000000e+02   4.0000000e-02   3.0000000e-02   1.0000000e-09
   5.0000000e+02   1.4000000e+02   4.0000000e-02   3.0000000e-02   1.0000000e-09
   5.0000000e+02   1.4000000e+02   4.0000000e-02   3.0000000e-02   1.0000000e-09
   5.0000000e+02   1.4000000e+02   2.2007140e-02   3.0000000e-02   1.0000000e-09
   5.0000000e+02   1.4000000e+02   4.0000000e-02   3.0000000e-02   1.0000000e-09
   5.0000000e+02   1.4000000e+02   4.0000000e-02   3.0000000e-02   1.0000000e-09
   5.0000000e+02   1.4000000e+02   4.0000000e-03   3.0000000e-02   1.0000000e-09
   5.0000000e+02   1.4000000e+02   4.0000000e-02   3.0000000e-02   1.0000000e-09
   5.0000000e+02   1.4000000e+02   4.0000000e-03   3.0000000e-02   1.0000000e-09
   5.0000000e+02   1.4000000e+02   4.0000000e-03   3.0000000e-02   1.0000000e-09
   5.0000000e+02   1.4000000e+02   3.1005700e-02   3.0000000e-02   1.0000000e-09
   5.0000000e+02   1.4000000e+02   4.0000000e-03   3.0000000e-02   1.0000000e-09
   5.0000000e+02   1.4000000e+02   4.0000000e-03   3.0000000e-02   1.0000000e-09
   5.0000000e+02   1.4000000e+02   4.0000000e-03   3.0000000e-02   1.0000000e-09
   5.0000000e+02   1.4000000e+02   4.0000000e-03   3.0000000e-02   1.0000000e-09
   5.0000000e+02   1.4000000e+02   4.0000000e-03   3.0000000e-02   1.0000000e-09
   5.0000000e+02   1.4000000e+02   4.0000000e-03   3.0000000e-02   1.0000000e-09
   5.0000000e+02   1.4000000e+02   4.0000000e-03   3.0000000e-02   1.0000000e-09
   5.0000000e+02   1.4000000e+02   4.0000000e-03   3.0000000e-02   1.0000000e-09
   5.0000000e+02   1.4000000e+02   4.0000000e-03   3.0000000e-02   1.0000000e-09
   5.0000000e+02   1.4000000e+02   4.0000000e-03   3.0000000e-02   1.0000000e-09
   5.0000000e+02   1.4000000e+02   4.0000000e-03   3.0000000e-02   1.0000000e-09
   5.0000000e+02   1.4000000e+02   4.0000000e-03   3.0000000e-02   1.0000000e-09
   5.0000000e+02   1.4000000e+02   4.0000000e-03   3.0000000e-02   1.0000000e-09
   5.0000000e+02   1.4000000e+02   4.0000000e-03   3.0000000e-02   1.0000000e-09
   5.0000000e+02   1.4000000e+02   4.0000000e-03   3.0000000e-02   1.0000000e-09
   5.0000000e+02   1.4000000e+02   4.0000000e-03   3.0000000e-02   1.0000000e-09
   5.0000000e+02   1.4000000e+02   4.0000000e-03   3.0000000e-02   1.0000000e-09
   5.0000000e+02   1.4000000e+02   4.0000000e-03   3.0000000e-02   1.0000000e-09
   5.0000000e+02   1.4000000e+02   4.0000000e-03   3.0000000e-02   1.0000000e-09
   5.0000000e+02   1.4000000e+02   4.0000000e-03   3.0000000e-02   1.0000000e-09
   5.0000000e+02   1.4000000e+02   4.0000000e-03   3.0000000e-02   1.0000000e-09
   5.0000000e+02   1.4000000e+02   4.0000000e-03   3.0000000e-02   1.0000000e-09
   5.0000000e+02   1.4000000e+02   4.0000000e-03   3.0000000e-02   1.0000000e-09
   5.0000000e+02   1.4000000e+02   4.0000000e-03   3.0000000e-02   1.0000000e-09
   5.0000000e+02   1.4000000e+02   4.0000000e-03   3.0000000e-02   1.0000000e-09
   5.0000000e+02   1.4000000e+02   4.0000000e-03   3.0000000e-02   1.0000000e-09
   5.0000000e+02   1.4000000e+02   4.0000000e-03   3.0000000e-02   1.0000000e-09
   5.0000000e+02   1.4000000e+02   4.0000000e-03   3.0000000e-02   1.0000000e-09
   5.0000000e+02   1.4000000e+02   4.0000000e-03   3.0000000e-02   1.0000000e-09
   5.0000000e+02   1.4000000e+02   4.0000000e-03   3.0000000e-02   1.0000000e-09
   5.0000000e+02   1.4000000e+02   4.0000000e-03   3.0000000e-02   1.0000000e-09
   5.0000000e+02   1.4000000e+02   4.0000000e-03   3.0000000e-02   1.0000000e-09
   5.0000000e+02   1.4000000e+02   4.0000000e-03   3.0000000e-02   1.0000000e-09
   5.0000000e+02   1.4000000e+02   4.0000000e-03   3.0000000e-02   1.0000000e-09
   5.0000000e+02   1.4000000e+02   4.0000000e-03   3.0000000e-02   1.0000000e-09
   5.0000000e+02   1.4000000e+02   4.0000000e-03   3.0000000e-02   1.0000000e-09
   5.0000000e+02   1.4000000e+02   4.0000000e-03   3.0000000e-02   1.0000000e-09
   5.0000000e+02   1.4000000e+02   4.0000000e-03   3.0000000e-02   1.0000000e-09
   5.0000000e+02   1.4000000e+02   4.0000000e-03   3.0000000e-02   1.0000000e-09
   5.0000000e+02   1.4000000e+02   4.0000000e-03   3.0000000e-02   1.0000000e-09
   5.0000000e+02   1.4000000e+02   4.0000000e-03   3.0000000e-02   1.0000000e-09
   5.0000000e+02   1.4000000e+02   4.0000000e-03   3.0000000e-02   1.0000000e-09
   5.0000000e+02   1.4000000e+02   4.0000000e-03   3.0000000e-02   1.0000000e-09
   5.0000000e+02   1.4000000e+02   4.0000000e-03   3.0000000e-02   1.0000000e-09
   5.0000000e+02   1.4000000e+02   4.0000000e-03   3.0000000e-02   1.0000000e-09
   5.0000000e+02   1.4000000e+02   4.0000000e-03   3.0000000e-02   1.0000000e-09
   5.0000000e+02   1.4000000e+02   4.0000000e-03   3.0000000e-02   1.0000000e-09
   5.0000000e+02   1.4000000e+02   4.0000000e-03   3.0000000e-02   1.0000000e-09
   5.0000000e+02   1.4000000e+02   4.0000000e-03   3.0000000e-02   1.0000000e-09
   5.0000000e+02   1.4000000e+02   4.0000000e-03   3.0000000e-02   1.0000000e-09
   5.0000000e+02   1.4000000e+02   4.0000000e-03   3.0000000e-02   1.0000000e-09
   5.0000000e+02   1.4000000e+02   4.0000000e-03   3.0000000e-02   1.0000000e-09
   5.0000000e+02   1.4000000e+02   4.0000000e-03   3.0000000e-02   1.0000000e-09
   5.0000000e+02   1.4000000e+02   4.0000000e-03   3.0000000e-02   1.0000000e-09
   5.0000000e+02   1.4000000e+02   4.0000000e-03   3.0000000e-02   1.0000000e-09
   5.0000000e+02   1.4000000e+02   4.0000000e-03   3.0000000e-02   1.0000000e-09
   5.0000000e+02   1.4000000e+02   4.0000000e-03   3.0000000e-02   1.0000000e-09
   5.0000000e+02   1.4000000e+02   4.0000000e-03   3.0000000e-02   1.0000000e-09
   5.0000000e+02   1.4000000e+02   4.0000000e-03   3.0000000e-02   1.0000000e-09
   5.0000000e+02   1.4000000e+02   4.0000000e-03   3.0000000e-02   1.0000000e-09
   5.0000000e+02   1.4000000e+02   4.0000000e-03   3.0000000e-02   1.0000000e-09
   5.0000000e+02   1.4000000e+02   4.0000000e-03   3.0000000e-02   1.0000000e-09
   5.0000000e+02   1.4000000e+02   4.0000000e-03   3.0000000e-02   1.0000000e-09
   5.0000000e+02   1.4000000e+02   4.0000000e-03   3.0000000e-02   1.0000000e-09
   5.0000000e+02   1.4000000e+02   4.0000000e-03   3.0000000e-02   1.0000000e-09
   5.0000000e+02   1.4000000e+02   4.0000000e-03   3.0000000e-02   1.0000000e-09
   5.0000000e+02   1.4000000e+02   4.0000000e-03   3.0000000e-02   1.0000000e-09
   5.0000000e+02   1.4000000e+02   4.0000000e-03   3.0000000e-02   1.0000000e-09
   5.0000000e+02   1.4000000e+02   4.0000000e-03   3.0000000e-02   1.0000000e-09
   5.0000000e+02   1.4000000e+02   4.0000000e-03   3.0000000e-02   1.0000000e-09
   5.0000000e+02   1.4000000e+02   4.0000000e-03   3.0000000e-02   1.0000000e-09
   5.0000000e+02   1.4000000e+02   4.0000000e-03   3.0000000e-02   1.0000000e-09
   5.0000000e+02   1.4000000e+02   4.0000000e-03   3.0000000e-02   1.0000000e-09
   5.0000000e+02   1.4000000e+02   4.0000000e-03   3.0000000e-02   1.0000000e-09
   5.0000000e+02   1.4000000e+02   4.0000000e-03   3.0000000e-02   1.0000000e-09
   5.0000000e+02   1.4000000e+02   4.0000000e-03   3.0000000e-02   1.0000000e-09
   5.0000000e+02   1.4000000e+02   4.0000000e-03   3.0000000e-02   1.0000000e-09
   5.0000000e+02   1.4000000e+02   4.0000000e-03   3.0000000e-02   1.0000000e-09
   5.0000000e+02   1.4000000e+02   4.0000000e-03   3.0000000e-02   1.0000000e-09
   5.0000000e+02   1.4000000e+02   4.0000000e-03   3.0000000e-02   1.0000000e-09
   5.0000000e+02   1.4000000e+02   4.0000000e-03   3.0000000e-02   1.0000000e-09
   5.0000000e+02   1.4000000e+02   4.0000000e-03   3.0000000e-02   1.0000000e-09
   5.0000000e+02   1.4000000e+02   4.0000000e-03   3.0000000e-02   1.0000000e-09
   5.0000000e+02   1.4000000e+02   4.0000000e-03   3.0000000e-02   1.0000000e-09
   5.0000000e+02   1.4000000e+02   4.0000000e-03   3.0000000e-02   1.0000000e-09
   5.0000000e+02   1.4000000e+02   4.0000000e-03   3.0000000e-02   1.0000000e-09
   5.0000000e+02   1.4000000e+02   4.0000000e-03   3.0000000e-02   1.0000000e-09
   5.0000000e+02   1.4000000e+02   4.0000000e-03   3.0000000e-02   1.0000000e-09
   5.0000000e+02   1.4000000e+02   4.0000000e-03   3.0000000e-02   1.0000000e-09
   5.0000000e+02   1.4000000e+02   4.0000000e-03   3.0000000e-02   1.0000000e-09
   5.0000000e+02   1.4000000e+02   4.0000000e-03   3.0000000e-02   1.0000000e-09
   5.0000000e+02   1.3000000e+02   4.0000000e-03   3.0000000e-02   3.0000000e-02
   5.0000000e+02   1.4000000e+02   4.0000000e-03   3.0000000e-02   1.0000000e-09
   5.0000000e+02   1.3000000e+02   4.0000000e-03   3.0000000e-02   3.0000000e-02
   5.0000000e+02   1.4000000e+02   4.0000000e-03   3.0000000e-02   1.0000000e-09
   5.0000000e+02   1.3000000e+02   4.0000000e-03   3.0000000e-02   3.0000000e-02
   5.0000000e+02   1.3000000e+02   4.0000000e-03   3.0000000e-02   3.0000000e-02
   5.0000000e+02   1.3000000e+02   4.0000000e-03   3.0000000e-02   3.0000000e-02
   5.0000000e+02   1.3000000e+02   4.0000000e-03   3.0000000e-02   3.0000000e-02
   5.0000000e+02   1.3000000e+02   4.0000000e-03   3.0000000e-02   3.0000000e-02
   5.0000000e+02   1.3000000e+02   4.0000000e-03   3.0000000e-02   3.0000000e-02
   5.0000000e+02   1.3000000e+02   4.0000000e-03   3.0000000e-02   3.0000000e-02
   5.0000000e+02   1.3000000e+02   4.0000000e-03   3.0000000e-02   3.0000000e-02
   5.0000000e+02   1.3000000e+02   4.0000000e-03   3.0000000e-02   3.0000000e-02
   5.0000000e+02   1.3000000e+02   4.0000000e-03   3.0000000e-02   3.0000000e-02
   5.0000000e+02   1.3000000e+02   4.0000000e-03   3.0000000e-02   3.0000000e-02
   5.0000000e+02   1.3000000e+02   4.0000000e-03   3.0000000e-02   3.0000000e-02
   5.0000000e+02   1.3000000e+02   4.0000000e-03   3.0000000e-02   3.0000000e-02
   5.0000000e+02   1.3000000e+02   4.0000000e-03   3.0000000e-02   3.0000000e-02
   5.0000000e+02   1.3000000e+02   4.0000000e-03   3.0000000e-02   3.0000000e-02
   5.0000000e+02   1.3000000e+02   4.0000000e-03   3.0000000e-02   3.0000000e-02
   5.0000000e+02   1.3000000e+02   4.0000000e-03   3.0000000e-02   3.0000000e-02
   5.0000000e+02   1.4000000e+02   1.2995140e-02   3.0000000e-02   1.0000000e-09
   5.0000000e+02   1.3000000e+02   4.0000000e-03   3.0000000e-02   3.0000000e-02
   5.0000000e+02   1.4000000e+02   4.0000000e-02   3.0000000e-02   1.0000000e-09
   5.0000000e+02   1.3000000e+02   4.0000000e-03   3.0000000e-02   3.0000000e-02
   5.0000000e+02   1.4000000e+02   2.1995560e-02   3.0000000e-02   1.0000000e-09
   5.0000000e+02   1.3000000e+02   4.0000000e-03   3.0000000e-02   3.0000000e-02
   5.0000000e+02   1.4000000e+02   3.9995560e-02   3.0000000e-02   1.0000000e-09
   5.0000000e+02   1.3000000e+02   4.0000000e-03   3.0000000e-02   3.0000000e-02
   5.0000000e+02   1.4000000e+02   4.0000000e-02   3.0000000e-02   1.0000000e-09
   5.0000000e+02   1.3000000e+02   4.0000000e-03   3.0000000e-02   3.0000000e-02
   5.0000000e+02   1.4000000e+02   4.0000000e-02   3.0000000e-02   1.0000000e-09
   5.0000000e+02   1.4000000e+02   4.0000000e-02   3.0000000e-02   1.0000000e-09
   5.0000000e+02   1.4000000e+02   4.0000000e-02   3.0000000e-02   1.0000000e-09
   5.0000000e+02   1.4000000e+02   4.0000000e-02   3.0000000e-02   1.0000000e-09
   5.0000000e+02   1.4000000e+02   4.0000000e-02   3.0000000e-02   1.0000000e-09
   5.0000000e+02   1.4000000e+02   4.0000000e-02   3.0000000e-02   1.0000000e-09
   5.0000000e+02   1.4000000e+02   4.0000000e-02   3.0000000e-02   1.0000000e-09
   5.0000000e+02   1.4000000e+02   4.0000000e-02   3.0000000e-02   1.0000000e-09
   5.0000000e+02   1.4000000e+02   4.0000000e-02   3.0000000e-02   1.0000000e-09
   5.0000000e+02   1.4000000e+02   4.0000000e-02   3.0000000e-02   1.0000000e-09
   5.0000000e+02   1.4000000e+02   4.0000000e-02   3.0000000e-02   1.0000000e-09
   5.0000000e+02   1.4000000e+02   4.0000000e-02   3.0000000e-02   1.0000000e-09
   5.0000000e+02   1.4000000e+02   4.0000000e-02   3.0000000e-02   1.0000000e-09
   5.0000000e+02   1.4000000e+02   4.0000000e-02   3.0000000e-02   1.0000000e-09
   5.0000000e+02   1.4000000e+02   4.0000000e-02   3.0000000e-02   1.0000000e-09
   5.0000000e+02   1.4000000e+02   4.0000000e-02   3.0000000e-02   1.0000000e-09
   5.0000000e+02   1.4000000e+02   4.0000000e-02   3.0000000e-02   1.0000000e-09
   5.0000000e+02   1.4000000e+02   4.0000000e-02   3.0000000e-02   1.0000000e-09
   5.0000000e+02   1.4000000e+02   4.0000000e-02   3.0000000e-02   1.0000000e-09
   5.0000000e+02   1.4000000e+02   4.0000000e-02   3.0000000e-02   1.0000000e-09
   5.0000000e+02   1.4000000e+02   4.0000000e-02   3.0000000e-02   1.0000000e-09
   5.0000000e+02   1.4000000e+02   4.0000000e-02   3.0000000e-02   1.0000000e-09
   5.0000000e+02   1.4000000e+02   4.0000000e-02   3.0000000e-02   1.0000000e-09
   5.0000000e+02   1.4000000e+02   4.0000000e-02   3.0000000e-02   1.0000000e-09
   5.0000000e+02   1.4000000e+02   4.0000000e-02   3.0000000e-02   1.0000000e-09
   5.0000000e+02   1.4000000e+02   4.0000000e-02   3.0000000e-02   1.0000000e-09
   5.0000000e+02   1.4000000e+02   4.0000000e-02   3.0000000e-02   1.0000000e-09
   5.0000000e+02   1.4000000e+02   4.0000000e-02   3.0000000e-02   1.0000000e-09
   5.0000000e+02   1.3000000e+02   4.0000000e-03   3.0000000e-02   3.0000000e-02
   5.0000000e+02   1.4000000e+02   4.0000000e-02   3.0000000e-02   1.0000000e-09
   5.0000000e+02   1.4000000e+02   4.0000000e-02   3.0000000e-02   1.0000000e-09
   5.0000000e+02   1.4000000e+02   3.9915220e-02   3.0000000e-02   1.0000000e-09
   5.0000000e+02   1.4000000e+02   4.0000000e-02   3.0000000e-02   1.0000000e-09
   5.0000000e+02   1.4000000e+02   4.0000000e-02   3.0000000e-02   1.0000000e-09
   5.0000000e+02   1.4000000e+02   4.0000000e-02   3.0000000e-02   1.0000000e-09
   5.0000000e+02   1.4000000e+02   4.0000000e-02   3.0000000e-02   1.0000000e-09
   5.0000000e+02   1.4000000e+02   4.0000000e-02   3.0000000e-02   1.0000000e-09
   5.0000000e+02   1.4000000e+02   4.0000000e-02   3.0000000e-02   1.0000000e-09
   5.0000000e+02   1.4000000e+02   4.0000000e-02   3.0000000e-02   1.0000000e-09
   5.0000000e+02   1.4000000e+02   4.0000000e-02   3.0000000e-02   1.0000000e-09
   5.0000000e+02   1.4000000e+02   4.0000000e-02   3.0000000e-02   1.0000000e-09
   5.0000000e+02   1.4000000e+02   4.0000000e-02   3.0000000e-02   1.0000000e-09
   5.0000000e+02   1.4000000e+02   4.0000000e-02   3.0000000e-02   1.0000000e-09
   5.0000000e+02   1.4000000e+02   4.0000000e-02   3.0000000e-02   1.0000000e-09
   5.0000000e+02   1.4000000e+02   4.0000000e-02   3.0000000e-02   1.0000000e-09
   5.0000000e+02   1.4000000e+02   4.0000000e-02   3.0000000e-02   1.0000000e-09
   5.0000000e+02   1.4000000e+02   4.0000000e-02   3.0000000e-02   1.0000000e-09
   5.0000000e+02   1.4000000e+02   4.0000000e-02   3.0000000e-02   1.0000000e-09
   5.0000000e+02   1.4000000e+02   4.0000000e-02   3.0000000e-02   1.0000000e-09
   5.0000000e+02   1.4000000e+02   4.0000000e-02   3.0000000e-02   1.0000000e-09
   5.0000000e+02   1.4000000e+02   4.0000000e-02   3.0000000e-02   1.0000000e-09
   5.0000000e+02   1.4000000e+02   4.0000000e-02   3.0000000e-02   1.0000000e-09
   5.0000000e+02   1.4000000e+02   4.0000000e-02   3.0000000e-02   1.0000000e-09
   5.0000000e+02   1.4000000e+02   4.0000000e-02   3.0000000e-02   1.0000000e-09
   5.0000000e+02   1.4000000e+02   4.0000000e-02   3.0000000e-02   1.0000000e-09
   5.0000000e+02   1.4000000e+02   4.0000000e-02   3.0000000e-02   1.0000000e-09
   5.0000000e+02   1.4000000e+02   4.0000000e-02   3.0000000e-02   1.0000000e-09
   5.0000000e+02   1.4000000e+02   4.0000000e-02   3.0000000e-02   1.0000000e-09
   5.0000000e+02   1.4000000e+02   4.0000000e-02   3.0000000e-02   1.0000000e-09
   5.0000000e+02   1.4000000e+02   4.0000000e-02   3.0000000e-02   1.0000000e-09
   5.0000000e+02   1.4000000e+02   4.0000000e-02   3.0000000e-02   1.0000000e-09
   5.0000000e+02   1.4000000e+02   4.0000000e-02   3.0000000e-02   1.0000000e-09
   5.0000000e+02   1.4000000e+02   4.0000000e-02   3.0000000e-02   1.0000000e-09
   5.0000000e+02   1.4000000e+02   4.0000000e-02   3.0000000e-02   1.0000000e-09
   5.0000000e+02   1.4000000e+02   4.0000000e-02   3.0000000e-02   1.0000000e-09
   5.0000000e+02   1.4000000e+02   4.0000000e-02   3.0000000e-02   1.0000000e-09
   5.0000000e+02   1.4000000e+02   4.0000000e-02   3.0000000e-02   1.0000000e-09
   5.0000000e+02   1.4000000e+02   4.0000000e-02   3.0000000e-02   1.0000000e-09
   5.0000000e+02   1.4000000e+02   4.0000000e-02   3.0000000e-02   1.0000000e-09
   5.0000000e+02   1.4000000e+02   4.0000000e-02   3.0000000e-02   1.0000000e-09
   5.0000000e+02   1.4000000e+02   4.0000000e-02   3.0000000e-02   1.0000000e-09
   5.0000000e+02   1.4000000e+02   4.0000000e-02   3.0000000e-02   1.0000000e-09
   5.0000000e+02   1.4000000e+02   4.0000000e-02   3.0000000e-02   1.0000000e-09
   5.0000000e+02   1.4000000e+02   4.0000000e-02   3.0000000e-02   1.0000000e-09
   5.0000000e+02   1.4000000e+02   4.0000000e-02   3.0000000e-02   1.0000000e-09
   5.0000000e+02   1.4000000e+02   4.0000000e-02   3.0000000e-02   1.0000000e-09
   5.0000000e+02   1.4000000e+02   4.0000000e-02   3.0000000e-02   1.0000000e-09
   5.0000000e+02   1.4000000e+02   4.0000000e-02   3.0000000e-02   1.0000000e-09
   5.0000000e+02   1.4000000e+02   4.0000000e-02   3.0000000e-02   1.0000000e-09
   5.0000000e+02   1.4000000e+02   4.0000000e-02   3.0000000e-02   1.0000000e-09
   5.0000000e+02   1.4000000e+02   4.0000000e-02   3.0000000e-02   1.0000000e-09
   5.0000000e+02   1.4000000e+02   4.0000000e-02   3.0000000e-02   1.0000000e-09
   5.0000000e+02   1.4000000e+02   4.0000000e-02   3.0000000e-02   1.0000000e-09
   5.0000000e+02   1.4000000e+02   4.0000000e-02   3.0000000e-02   1.0000000e-09
   5.0000000e+02   1.4000000e+02   4.0000000e-02   3.0000000e-02   1.0000000e-09
   5.0000000e+02   1.4000000e+02   4.0000000e-02   3.0000000e-02   1.0000000e-09
   5.0000000e+02   1.4000000e+02   4.0000000e-02   3.0000000e-02   1.0000000e-09
   5.0000000e+02   1.4000000e+02   4.0000000e-02   3.0000000e-02   1.0000000e-09
   5.0000000e+02   1.4000000e+02   4.0000000e-02   3.0000000e-02   1.0000000e-09
   5.0000000e+02   1.4000000e+02   4.0000000e-02   3.0000000e-02   1.0000000e-09
   5.0000000e+02   1.4000000e+02   4.0000000e-02   3.0000000e-02   1.0000000e-09
   5.0000000e+02   1.4000000e+02   4.0000000e-02   3.0000000e-02   1.0000000e-09
   5.0000000e+02   1.4000000e+02   4.0000000e-02   3.0000000e-02   1.0000000e-09
   5.0000000e+02   1.4000000e+02   4.0000000e-02   3.0000000e-02   1.0000000e-09
   5.0000000e+02   1.4000000e+02   4.0000000e-02   3.0000000e-02   1.0000000e-09
   5.0000000e+02   1.4000000e+02   4.0000000e-02   3.0000000e-02   1.0000000e-09
   5.0000000e+02   1.4000000e+02   4.0000000e-02   3.0000000e-02   1.0000000e-09
   5.0000000e+02   1.4000000e+02   4.0000000e-02   3.0000000e-02   1.0000000e-09
   5.0000000e+02   1.4000000e+02   4.0000000e-02   3.0000000e-02   1.0000000e-09
   5.0000000e+02   1.4000000e+02   4.0000000e-02   3.0000000e-02   1.0000000e-09
   5.0000000e+02   1.4000000e+02   4.0000000e-02   3.0000000e-02   1.0000000e-09
   5.0000000e+02   1.4000000e+02   4.0000000e-02   3.0000000e-02   1.0000000e-09
   5.0000000e+02   1.4000000e+02   4.0000000e-02   3.0000000e-02   1.0000000e-09
   5.0000000e+02   1.4000000e+02   4.0000000e-02   3.0000000e-02   1.0000000e-09
   5.0000000e+02   1.4000000e+02   4.0000000e-02   3.0000000e-02   1.0000000e-09
   5.0000000e+02   1.4000000e+02   4.0000000e-02   3.0000000e-02   1.0000000e-09
   5.0000000e+02   1.4000000e+02   4.0000000e-02   3.0000000e-02   1.0000000e-09
   5.0000000e+02   1.4000000e+02   4.0000000e-02   3.0000000e-02   1.0000000e-09
   5.0000000e+02   1.4000000e+02   4.0000000e-02   3.0000000e-02   1.0000000e-09
   5.0000000e+02   1.4000000e+02   4.0000000e-02   3.0000000e-02   1.0000000e-09
   5.0000000e+02   1.4000000e+02   4.0000000e-02   3.0000000e-02   1.0000000e-09
   5.0000000e+02   1.4000000e+02   4.0000000e-02   3.0000000e-02   1.0000000e-09
   5.0000000e+02   1.4000000e+02   4.0000000e-02   3.0000000e-02   1.0000000e-09
   5.0000000e+02   1.4000000e+02   4.0000000e-02   3.0000000e-02   1.0000000e-09
   5.0000000e+02   1.4000000e+02   4.0000000e-02   3.0000000e-02   1.0000000e-09
   5.0000000e+02   1.4000000e+02   4.0000000e-02   3.0000000e-02   1.0000000e-09
   5.0000000e+02   1.4000000e+02   4.0000000e-02   3.0000000e-02   1.0000000e-09
   5.0000000e+02   1.4000000e+02   4.0000000e-02   3.0000000e-02   1.0000000e-09
   5.0000000e+02   1.4000000e+02   4.0000000e-02   3.0000000e-02   1.0000000e-09
   5.0000000e+02   1.4000000e+02   4.0000000e-02   3.0000000e-02   1.0000000e-09
   5.0000000e+02   1.4000000e+02   4.0000000e-02   3.0000000e-02   1.0000000e-09
   5.0000000e+02   1.4000000e+02   4.0000000e-02   3.0000000e-02   1.0000000e-09
   5.0000000e+02   1.4000000e+02   4.0000000e-02   3.0000000e-02   1.0000000e-09
   5.0000000e+02   1.4000000e+02   4.0000000e-02   3.0000000e-02   1.0000000e-09
   5.0000000e+02   1.4000000e+02   4.0000000e-02   3.0000000e-02   1.0000000e-09
   5.0000000e+02   1.4000000e+02   4.0000000e-02   3.0000000e-02   1.0000000e-09
   5.0000000e+02   1.4000000e+02   4.0000000e-02   3.0000000e-02   1.0000000e-09
   5.0000000e+02   1.4000000e+02   4.0000000e-02   3.0000000e-02   1.0000000e-09
   5.0000000e+02   1.4000000e+02   4.0000000e-02   3.0000000e-02   1.0000000e-09
   5.0000000e+02   1.4000000e+02   4.0000000e-02   3.0000000e-02   1.0000000e-09
   5.0000000e+02   1.4000000e+02   4.0000000e-02   3.0000000e-02   1.0000000e-09
   5.0000000e+02   1.4000000e+02   4.0000000e-02   3.0000000e-02   1.0000000e-09
   5.0000000e+02   1.4000000e+02   4.0000000e-02   3.0000000e-02   1.0000000e-09
   5.0000000e+02   1.4000000e+02   4.0000000e-02   3.0000000e-02   1.0000000e-09
   5.0000000e+02   1.4000000e+02   4.0000000e-02   3.0000000e-02   1.0000000e-09
   5.0000000e+02   1.4000000e+02   4.0000000e-02   3.0000000e-02   1.0000000e-09
   5.0000000e+02   1.4000000e+02   4.0000000e-02   3.0000000e-02   1.0000000e-09
   5.0000000e+02   1.4000000e+02   4.0000000e-02   3.0000000e-02   1.0000000e-09
   5.0000000e+02   1.4000000e+02   4.0000000e-02   3.0000000e-02   1.0000000e-09
   5.0000000e+02   1.4000000e+02   4.0000000e-02   3.0000000e-02   1.0000000e-09
   5.0000000e+02   1.4000000e+02   4.0000000e-02   3.0000000e-02   1.0000000e-09
   5.0000000e+02   1.4000000e+02   4.0000000e-02   3.0000000e-02   1.0000000e-09
   5.0000000e+02   1.4000000e+02   4.0000000e-02   3.0000000e-02   1.0000000e-09
   5.0000000e+02   1.4000000e+02   4.0000000e-02   3.0000000e-02   1.0000000e-09
   5.0000000e+02   1.4000000e+02   4.0000000e-02   3.0000000e-02   1.0000000e-09
   5.0000000e+02   1.4000000e+02   4.0000000e-02   3.0000000e-02   1.0000000e-09
   5.0000000e+02   1.4000000e+02   4.0000000e-02   3.0000000e-02   1.0000000e-09
   5.0000000e+02   1.4000000e+02   4.0000000e-02   3.0000000e-02   1.0000000e-09
   5.0000000e+02   1.4000000e+02   4.0000000e-02   3.0000000e-02   1.0000000e-09
   5.0000000e+02   1.4000000e+02   4.0000000e-02   3.0000000e-02   1.0000000e-09
   5.0000000e+02   1.4000000e+02   4.0000000e-02   3.0000000e-02   1.0000000e-09
   5.0000000e+02   1.4000000e+02   4.0000000e-02   3.0000000e-02   1.0000000e-09
   5.0000000e+02   1.4000000e+02   4.0000000e-02   3.0000000e-02   1.0000000e-09
   5.0000000e+02   1.4000000e+02   4.0000000e-02   3.0000000e-02   1.0000000e-09
   5.0000000e+02   1.4000000e+02   4.0000000e-02   3.0000000e-02   1.0000000e-09
   5.0000000e+02   1.4000000e+02   4.0000000e-02   3.0000000e-02   1.0000000e-09
   5.0000000e+02   1.4000000e+02   4.0000000e-02   3.0000000e-02   1.0000000e-09
   5.0000000e+02   1.4000000e+02   4.0000000e-02   3.0000000e-02   1.0000000e-09
   5.0000000e+02   1.4000000e+02   4.0000000e-02   3.0000000e-02   1.0000000e-09
   5.0000000e+02   1.4000000e+02   4.0000000e-02   3.0000000e-02   1.0000000e-09
   5.0000000e+02   1.4000000e+02   4.0000000e-02   3.0000000e-02   1.0000000e-09
   5.0000000e+02   1.4000000e+02   4.0000000e-02   3.0000000e-02   1.0000000e-09
   5.0000000e+02   1.4000000e+02   4.0000000e-02   3.0000000e-02   1.0000000e-09
   5.0000000e+02   1.4000000e+02   4.0000000e-02   3.0000000e-02   1.0000000e-09
   5.0000000e+02   1.4000000e+02   4.0000000e-02   3.0000000e-02   1.0000000e-09
   5.0000000e+02   1.4000000e+02   4.0000000e-02   3.0000000e-02   1.0000000e-09
   5.0000000e+02   1.4000000e+02   4.0000000e-02   3.0000000e-02   1.0000000e-09
   5.0000000e+02   1.4000000e+02   4.0000000e-02   3.0000000e-02   1.0000000e-09
   5.0000000e+02   1.4000000e+02   4.0000000e-02   3.0000000e-02   1.0000000e-09
   5.0000000e+02   1.4000000e+02   4.0000000e-02   3.0000000e-02   1.0000000e-09
   5.0000000e+02   1.4000000e+02   4.0000000e-02   3.0000000e-02   1.0000000e-09
   5.0000000e+02   1.4000000e+02   4.0000000e-02   3.0000000e-02   1.0000000e-09
   5.0000000e+02   1.4000000e+02   4.0000000e-02   3.0000000e-02   1.0000000e-09
   5.0000000e+02   1.4000000e+02   4.0000000e-02   3.0000000e-02   1.0000000e-09
   5.0000000e+02   1.4000000e+02   4.0000000e-02   3.0000000e-02   1.0000000e-09
   5.0000000e+02   1.4000000e+02   4.0000000e-02   3.0000000e-02   1.0000000e-09
   5.0000000e+02   1.4000000e+02   4.0000000e-02   3.0000000e-02   1.0000000e-09
   5.0000000e+02   1.4000000e+02   4.0000000e-02   3.0000000e-02   1.0000000e-09
   5.0000000e+02   1.4000000e+02   4.0000000e-02   3.0000000e-02   1.0000000e-09
   5.0000000e+02   1.4000000e+02   4.0000000e-02   3.0000000e-02   1.0000000e-09
   5.0000000e+02   1.4000000e+02   4.0000000e-02   3.0000000e-02   1.0000000e-09
   5.0000000e+02   1.4000000e+02   1.2978220e-02   3.0000000e-02   1.0000000e-09
   5.0000000e+02   1.4000000e+02   2.1984880e-02   3.0000000e-02   1.0000000e-09
   5.0000000e+02   1.4000000e+02   4.0000000e-02   3.0000000e-02   1.0000000e-09
   5.0000000e+02   1.4000000e+02   4.0000000e-02   3.0000000e-02   1.0000000e-09
   5.0000000e+02   1.4000000e+02   4.0000000e-02   3.0000000e-02   1.0000000e-09
   5.0000000e+02   1.4000000e+02   4.0000000e-02   3.0000000e-02   1.0000000e-09
   5.0000000e+02   1.4000000e+02   4.0000000e-02   3.0000000e-02   1.0000000e-09
   5.0000000e+02   1.4000000e+02   4.0000000e-02   3.0000000e-02   1.0000000e-09
   5.0000000e+02   1.4000000e+02   4.0000000e-02   3.0000000e-02   1.0000000e-09
   5.0000000e+02   1.4000000e+02   4.0000000e-02   3.0000000e-02   1.0000000e-09
   5.0000000e+02   1.4000000e+02   4.0000000e-02   3.0000000e-02   1.0000000e-09
   5.0000000e+02   1.4000000e+02   4.0000000e-02   3.0000000e-02   1.0000000e-09
   5.0000000e+02   1.4000000e+02   4.0000000e-02   3.0000000e-02   1.0000000e-09
   5.0000000e+02   1.4000000e+02   4.0000000e-02   3.0000000e-02   1.0000000e-09
   5.0000000e+02   1.4000000e+02   4.0000000e-02   3.0000000e-02   1.0000000e-09
   5.0000000e+02   1.4000000e+02   4.0000000e-02   3.0000000e-02   1.0000000e-09
   5.0000000e+02   1.4000000e+02   4.0000000e-02   3.0000000e-02   1.0000000e-09
   5.0000000e+02   1.4000000e+02   4.0000000e-02   3.0000000e-02   1.0000000e-09
   5.0000000e+02   1.4000000e+02   4.0000000e-02   3.0000000e-02   1.0000000e-09
   5.0000000e+02   1.4000000e+02   4.0000000e-02   3.0000000e-02   1.0000000e-09
   5.0000000e+02   1.4000000e+02   4.0000000e-02   3.0000000e-02   1.0000000e-09
   5.0000000e+02   1.4000000e+02   4.0000000e-02   3.0000000e-02   1.0000000e-09
   5.0000000e+02   1.4000000e+02   4.0000000e-02   3.0000000e-02   1.0000000e-09
   5.0000000e+02   1.4000000e+02   4.0000000e-02   3.0000000e-02   1.0000000e-09
   5.0000000e+02   1.4000000e+02   4.0000000e-02   3.0000000e-02   1.0000000e-09
   5.0000000e+02   1.4000000e+02   4.0000000e-02   3.0000000e-02   1.0000000e-09
   5.0000000e+02   1.4000000e+02   4.0000000e-02   3.0000000e-02   1.0000000e-09
   5.0000000e+02   1.4000000e+02   4.0000000e-02   3.0000000e-02   1.0000000e-09
   5.0000000e+02   1.4000000e+02   4.0000000e-02   3.0000000e-02   1.0000000e-09
   5.0000000e+02   1.4000000e+02   4.0000000e-02   3.0000000e-02   1.0000000e-09
   5.0000000e+02   1.4000000e+02   4.0000000e-02   3.0000000e-02   1.0000000e-09
   5.0000000e+02   1.4000000e+02   4.0000000e-02   3.0000000e-02   1.0000000e-09
   5.0000000e+02   1.4000000e+02   4.0000000e-02   3.0000000e-02   1.0000000e-09
   5.0000000e+02   1.4000000e+02   4.0000000e-02   3.0000000e-02   1.0000000e-09
   5.0000000e+02   1.4000000e+02   4.0000000e-02   3.0000000e-02   1.0000000e-09
   5.0000000e+02   1.4000000e+02   4.0000000e-02   3.0000000e-02   1.0000000e-09
   5.0000000e+02   1.4000000e+02   4.0000000e-02   3.0000000e-02   1.0000000e-09
   5.0000000e+02   1.4000000e+02   4.0000000e-02   3.0000000e-02   1.0000000e-09
   5.0000000e+02   1.4000000e+02   4.0000000e-02   3.0000000e-02   1.0000000e-09
   5.0000000e+02   1.4000000e+02   4.0000000e-02   3.0000000e-02   1.0000000e-09
   5.0000000e+02   1.4000000e+02   4.0000000e-02   3.0000000e-02   1.0000000e-09
   5.0000000e+02   1.4000000e+02   4.0000000e-03   3.0000000e-02   1.0000000e-09
   5.0000000e+02   1.4000000e+02   4.0000000e-02   3.0000000e-02   1.0000000e-09
   5.0000000e+02   1.4000000e+02   4.0000000e-02   3.0000000e-02   1.0000000e-09
   5.0000000e+02   1.4000000e+02   4.0000000e-02   3.0000000e-02   1.0000000e-09
   5.0000000e+02   1.4000000e+02   4.0000000e-02   3.0000000e-02   1.0000000e-09
   5.0000000e+02   1.4000000e+02   4.0000000e-02   3.0000000e-02   1.0000000e-09
   5.0000000e+02   1.4000000e+02   4.0000000e-02   3.0000000e-02   1.0000000e-09
   5.0000000e+02   1.4000000e+02   4.0000000e-02   3.0000000e-02   1.0000000e-09
   5.0000000e+02   1.4000000e+02   4.0000000e-02   3.0000000e-02   1.0000000e-09
   5.0000000e+02   1.4000000e+02   4.0000000e-02   3.0000000e-02   1.0000000e-09
   5.0000000e+02   1.4000000e+02   4.0000000e-02   3.0000000e-02   1.0000000e-09
   5.0000000e+02   1.4000000e+02   4.0000000e-02   3.0000000e-02   1.0000000e-09
   5.0000000e+02   1.4000000e+02   4.0000000e-02   3.0000000e-02   1.0000000e-09
   5.0000000e+02   1.4000000e+02   4.0000000e-02   3.0000000e-02   1.0000000e-09
   5.0000000e+02   1.4000000e+02   4.0000000e-02   3.0000000e-02   1.0000000e-09
   5.0000000e+02   1.4000000e+02   4.0000000e-02   3.0000000e-02   1.0000000e-09
   5.0000000e+02   1.4000000e+02   4.0000000e-02   3.0000000e-02   1.0000000e-09
   5.0000000e+02   1.4000000e+02   4.0000000e-02   3.0000000e-02   1.0000000e-09
   5.0000000e+02   1.4000000e+02   4.0000000e-02   3.0000000e-02   1.0000000e-09
   5.0000000e+02   1.4000000e+02   4.0000000e-02   3.0000000e-02   1.0000000e-09
   5.0000000e+02   1.4000000e+02   4.0000000e-02   3.0000000e-02   1.0000000e-09
   5.0000000e+02   1.4000000e+02   4.0000000e-02   3.0000000e-02   1.0000000e-09
   5.0000000e+02   1.4000000e+02   4.0000000e-02   3.0000000e-02   1.0000000e-09
   5.0000000e+02   1.4000000e+02   4.0000000e-02   3.0000000e-02   1.0000000e-09
   5.0000000e+02   1.4000000e+02   4.0000000e-02   3.0000000e-02   1.0000000e-09
   5.0000000e+02   1.4000000e+02   4.0000000e-02   3.0000000e-02   1.0000000e-09
   5.0000000e+02   1.4000000e+02   4.0000000e-02   3.0000000e-02   1.0000000e-09
   5.0000000e+02   1.4000000e+02   3.1003840e-02   3.0000000e-02   1.0000000e-09
   5.0000000e+02   1.4000000e+02   1.3006960e-02   3.0000000e-02   1.0000000e-09
   5.0000000e+02   1.4000000e+02   4.0000000e-02   3.0000000e-02   1.0000000e-09
   5.0000000e+02   1.4000000e+02   4.0000000e-02   3.0000000e-02   1.0000000e-09
   5.0000000e+02   1.4000000e+02   4.0000000e-02   3.0000000e-02   1.0000000e-09
   5.0000000e+02   1.4000000e+02   4.0000000e-03   3.0000000e-02   1.0000000e-09
   5.0000000e+02   1.4000000e+02   3.9998260e-02   3.0000000e-02   1.0000000e-09
   5.0000000e+02   1.4000000e+02   2.2005340e-02   3.0000000e-02   1.0000000e-09
   5.0000000e+02   1.4000000e+02   4.0000000e-02   3.0000000e-02   1.0000000e-09
   5.0000000e+02   1.4000000e+02   4.0000000e-03   3.0000000e-02   1.0000000e-09
   5.0000000e+02   1.4000000e+02   4.0073800e-03   3.0000000e-02   1.0000000e-09
   5.0000000e+02   1.4000000e+02   4.0000000e-03   3.0000000e-02   1.0000000e-09
   5.0000000e+02   1.4000000e+02   4.0000000e-03   3.0000000e-02   1.0000000e-09
   5.0000000e+02   1.4000000e+02   4.0000000e-03   3.0000000e-02   1.0000000e-09
   5.0000000e+02   1.4000000e+02   4.0000000e-03   3.0000000e-02   1.0000000e-09
   5.0000000e+02   1.4000000e+02   4.0000000e-03   3.0000000e-02   1.0000000e-09
   5.0000000e+02   1.4000000e+02   4.0000000e-03   3.0000000e-02   1.0000000e-09
   5.0000000e+02   1.4000000e+02   4.0000000e-03   3.0000000e-02   1.0000000e-09
   5.0000000e+02   1.4000000e+02   4.0000000e-03   3.0000000e-02   1.0000000e-09
   5.0000000e+02   1.4000000e+02   4.0000000e-03   3.0000000e-02   1.0000000e-09
   5.0000000e+02   1.4000000e+02   4.0000000e-03   3.0000000e-02   1.0000000e-09
   5.0000000e+02   1.4000000e+02   4.0000000e-03   3.0000000e-02   1.0000000e-09
   5.0000000e+02   1.4000000e+02   4.0000000e-03   3.0000000e-02   1.0000000e-09
   5.0000000e+02   1.4000000e+02   4.0000000e-03   3.0000000e-02   1.0000000e-09
   5.0000000e+02   1.4000000e+02   4.0000000e-03   3.0000000e-02   1.0000000e-09
   5.0000000e+02   1.4000000e+02   4.0000000e-03   3.0000000e-02   1.0000000e-09
   5.0000000e+02   1.4000000e+02   4.0000000e-03   3.0000000e-02   1.0000000e-09
   5.0000000e+02   1.4000000e+02   4.0000000e-03   3.0000000e-02   1.0000000e-09
   5.0000000e+02   1.4000000e+02   4.0000000e-03   3.0000000e-02   1.0000000e-09
   5.0000000e+02   1.4000000e+02   4.0000000e-03   3.0000000e-02   1.0000000e-09
   5.0000000e+02   1.4000000e+02   4.0000000e-03   3.0000000e-02   1.0000000e-09
   5.0000000e+02   1.4000000e+02   4.0000000e-03   3.0000000e-02   1.0000000e-09
   5.0000000e+02   1.4000000e+02   4.0000000e-03   3.0000000e-02   1.0000000e-09
   5.0000000e+02   1.4000000e+02   4.0000000e-03   3.0000000e-02   1.0000000e-09
   5.0000000e+02   1.4000000e+02   4.0000000e-03   3.0000000e-02   1.0000000e-09
   5.0000000e+02   1.4000000e+02   4.0000000e-03   3.0000000e-02   1.0000000e-09
   5.0000000e+02   1.4000000e+02   4.0000000e-03   3.0000000e-02   1.0000000e-09
   5.0000000e+02   1.4000000e+02   4.0000000e-03   3.0000000e-02   1.0000000e-09
   5.0000000e+02   1.4000000e+02   4.0000000e-03   3.0000000e-02   1.0000000e-09
   5.0000000e+02   1.4000000e+02   4.0000000e-03   3.0000000e-02   1.0000000e-09
   5.0000000e+02   1.4000000e+02   4.0000000e-03   3.0000000e-02   1.0000000e-09
   5.0000000e+02   1.4000000e+02   4.0000000e-03   3.0000000e-02   1.0000000e-09
   5.0000000e+02   1.4000000e+02   4.0000000e-03   3.0000000e-02   1.0000000e-09
   5.0000000e+02   1.4000000e+02   4.0000000e-03   3.0000000e-02   1.0000000e-09
   5.0000000e+02   1.4000000e+02   4.0000000e-03   3.0000000e-02   1.0000000e-09
   5.0000000e+02   1.4000000e+02   4.0000000e-03   3.0000000e-02   1.0000000e-09
   5.0000000e+02   1.4000000e+02   4.0000000e-03   3.0000000e-02   1.0000000e-09
   5.0000000e+02   1.4000000e+02   4.0000000e-03   3.0000000e-02   1.0000000e-09
   5.0000000e+02   1.4000000e+02   4.0000000e-03   3.0000000e-02   1.0000000e-09
   5.0000000e+02   1.4000000e+02   4.0000000e-03   3.0000000e-02   1.0000000e-09
   5.0000000e+02   1.4000000e+02   4.0000000e-03   3.0000000e-02   1.0000000e-09
   5.0000000e+02   1.4000000e+02   4.0000000e-03   3.0000000e-02   1.0000000e-09
   5.0000000e+02   1.4000000e+02   4.0000000e-03   3.0000000e-02   1.0000000e-09
   5.0000000e+02   1.4000000e+02   4.0000000e-03   3.0000000e-02   1.0000000e-09
   5.0000000e+02   1.4000000e+02   4.0000000e-03   3.0000000e-02   1.0000000e-09
   5.0000000e+02   1.4000000e+02   4.0000000e-03   3.0000000e-02   1.0000000e-09
   5.0000000e+02   1.4000000e+02   4.0000000e-03   3.0000000e-02   1.0000000e-09
   5.0000000e+02   1.4000000e+02   4.0000000e-03   3.0000000e-02   1.0000000e-09
   5.0000000e+02   1.4000000e+02   4.0000000e-03   3.0000000e-02   1.0000000e-09
   5.0000000e+02   1.4000000e+02   4.0000000e-03   3.0000000e-02   1.0000000e-09
   5.0000000e+02   1.4000000e+02   4.0000000e-03   3.0000000e-02   1.0000000e-09
   5.0000000e+02   1.4000000e+02   4.0000000e-03   3.0000000e-02   1.0000000e-09
   5.0000000e+02   1.4000000e+02   4.0000000e-03   3.0000000e-02   1.0000000e-09
   5.0000000e+02   1.4000000e+02   4.0000000e-03   3.0000000e-02   1.0000000e-09
   5.0000000e+02   1.4000000e+02   4.0000000e-03   3.0000000e-02   1.0000000e-09
   5.0000000e+02   1.4000000e+02   4.0000000e-03   3.0000000e-02   1.0000000e-09
   5.0000000e+02   1.4000000e+02   4.0000000e-03   3.0000000e-02   1.0000000e-09
   5.0000000e+02   1.4000000e+02   4.0000000e-03   3.0000000e-02   1.0000000e-09
   5.0000000e+02   1.4000000e+02   4.0000000e-03   3.0000000e-02   1.0000000e-09
   5.0000000e+02   1.4000000e+02   4.0000000e-03   3.0000000e-02   1.0000000e-09
   5.0000000e+02   1.4000000e+02   4.0000000e-03   3.0000000e-02   1.0000000e-09
   5.0000000e+02   1.4000000e+02   4.0000000e-03   3.0000000e-02   1.0000000e-09
   5.0000000e+02   1.4000000e+02   4.0000000e-03   3.0000000e-02   1.0000000e-09
   5.0000000e+02   1.4000000e+02   4.0000000e-03   3.0000000e-02   1.0000000e-09
   5.0000000e+02   1.4000000e+02   4.0000000e-03   3.0000000e-02   1.0000000e-09
   5.0000000e+02   1.4000000e+02   4.0000000e-03   3.0000000e-02   1.0000000e-09
   5.0000000e+02   1.4000000e+02   4.0000000e-03   3.0000000e-02   1.0000000e-09
   5.0000000e+02   1.4000000e+02   4.0000000e-03   3.0000000e-02   1.0000000e-09
   5.0000000e+02   1.4000000e+02   4.0000000e-03   3.0000000e-02   1.0000000e-09
   5.0000000e+02   1.4000000e+02   4.0000000e-03   3.0000000e-02   1.0000000e-09
   5.0000000e+02   1.4000000e+02   4.0000000e-03   3.0000000e-02   1.0000000e-09
   5.0000000e+02   1.4000000e+02   4.0000000e-03   3.0000000e-02   1.0000000e-09
   5.0000000e+02   1.4000000e+02   4.0000000e-03   3.0000000e-02   1.0000000e-09
   5.0000000e+02   1.4000000e+02   4.0000000e-03   3.0000000e-02   1.0000000e-09
   5.0000000e+02   1.4000000e+02   4.0000000e-03   3.0000000e-02   1.0000000e-09
   5.0000000e+02   1.4000000e+02   4.0000000e-03   3.0000000e-02   1.0000000e-09
   5.0000000e+02   1.4000000e+02   4.0000000e-03   3.0000000e-02   1.0000000e-09
   5.0000000e+02   1.4000000e+02   4.0000000e-03   3.0000000e-02   1.0000000e-09
   5.0000000e+02   1.4000000e+02   4.0000000e-03   3.0000000e-02   1.0000000e-09
   5.0000000e+02   1.4000000e+02   4.0000000e-03   3.0000000e-02   1.0000000e-09
   5.0000000e+02   1.4000000e+02   4.0000000e-03   3.0000000e-02   1.0000000e-09
   5.0000000e+02   1.4000000e+02   4.0000000e-03   3.0000000e-02   1.0000000e-09
   5.0000000e+02   1.4000000e+02   4.0000000e-03   3.0000000e-02   1.0000000e-09
   5.0000000e+02   1.4000000e+02   4.0000000e-03   3.0000000e-02   1.0000000e-09
   5.0000000e+02   1.4000000e+02   4.0000000e-03   3.0000000e-02   1.0000000e-09
   5.0000000e+02   1.4000000e+02   4.0000000e-03   3.0000000e-02   1.0000000e-09
   5.0000000e+02   1.4000000e+02   4.0000000e-03   3.0000000e-02   1.0000000e-09
   5.0000000e+02   1.4000000e+02   4.0000000e-03   3.0000000e-02   1.0000000e-09
   5.0000000e+02   1.4000000e+02   4.0000000e-03   3.0000000e-02   1.0000000e-09
   5.0000000e+02   1.3000000e+02   4.0000000e-03   3.0000000e-02   3.0000000e-02
   5.0000000e+02   1.4000000e+02   4.0000000e-03   3.0000000e-02   1.0000000e-09
   5.0000000e+02   1.3000000e+02   4.0000000e-03   3.0000000e-02   3.0000000e-02
   5.0000000e+02   1.4000000e+02   4.0000000e-03   3.0000000e-02   1.0000000e-09
   5.0000000e+02   1.3000000e+02   4.0000000e-03   3.0000000e-02   3.0000000e-02
   5.0000000e+02   1.4000000e+02   4.0000000e-03   3.0000000e-02   1.0000000e-09
   5.0000000e+02   1.3000000e+02   4.0000000e-03   3.0000000e-02   3.0000000e-02
   5.0000000e+02   1.4000000e+02   4.0000000e-03   3.0000000e-02   1.0000000e-09
   5.0000000e+02   1.3000000e+02   4.0000000e-03   3.0000000e-02   3.0000000e-02
   5.0000000e+02   1.3000000e+02   4.0000000e-03   3.0000000e-02   3.0000000e-02
   5.0000000e+02   1.3000000e+02   4.0000000e-03   3.0000000e-02   3.0000000e-02
   5.0000000e+02   1.3000000e+02   4.0000000e-03   3.0000000e-02   3.0000000e-02
   5.0000000e+02   1.3000000e+02   4.0000000e-03   3.0000000e-02   3.0000000e-02
   5.0000000e+02   1.3000000e+02   4.0000000e-03   3.0000000e-02   3.0000000e-02
   5.0000000e+02   1.3000000e+02   4.0000000e-03   3.0000000e-02   3.0000000e-02
   5.0000000e+02   1.3000000e+02   4.0000000e-03   3.0000000e-02   3.0000000e-02
   5.0000000e+02   1.3000000e+02   4.0000000e-03   3.0000000e-02   3.0000000e-02
   5.0000000e+02   1.3000000e+02   4.0000000e-03   3.0000000e-02   3.0000000e-02
   5.0000000e+02   1.3000000e+02   4.0000000e-03   3.0000000e-02   3.0000000e-02
   5.0000000e+02   1.3000000e+02   4.0000000e-03   3.0000000e-02   3.0000000e-02
   5.0000000e+02   1.3000000e+02   4.0000000e-03   3.0000000e-02   3.0000000e-02
   5.0000000e+02   1.3000000e+02   4.0000000e-03   3.0000000e-02   3.0000000e-02
   5.0000000e+02   1.3000000e+02   4.0000000e-03   3.0000000e-02   3.0000000e-02
   5.0000000e+02   1.3000000e+02   4.0000000e-03   3.0000000e-02   3.0000000e-02
   5.0000000e+02   1.3000000e+02   4.0000000e-03   3.0000000e-02   3.0000000e-02
   5.0000000e+02   1.4000000e+02   4.0000000e-02   3.0000000e-02   1.0000000e-09
   5.0000000e+02   1.4000000e+02   3.0995140e-02   3.0000000e-02   1.0000000e-09
   5.0000000e+02   1.3000000e+02   4.0000000e-03   3.0000000e-02   3.0000000e-02
   5.0000000e+02   1.4000000e+02   4.0000000e-02   3.0000000e-02   1.0000000e-09
   5.0000000e+02   1.4000000e+02   4.0000000e-02   3.0000000e-02   1.0000000e-09
   5.0000000e+02   1.4000000e+02   4.0000000e-02   3.0000000e-02   1.0000000e-09
   5.0000000e+02   1.3000000e+02   4.0000000e-03   3.0000000e-02   3.0000000e-02
   5.0000000e+02   1.4000000e+02   4.0000000e-02   3.0000000e-02   1.0000000e-09
   5.0000000e+02   1.4000000e+02   2.1994960e-02   3.0000000e-02   1.0000000e-09
   5.0000000e+02   1.4000000e+02   4.0000000e-02   3.0000000e-02   1.0000000e-09
   5.0000000e+02   1.4000000e+02   3.9994960e-02   3.0000000e-02   1.0000000e-09
   5.0000000e+02   1.4000000e+02   4.0000000e-02   3.0000000e-02   1.0000000e-09
   5.0000000e+02   1.4000000e+02   4.0000000e-02   3.0000000e-02   1.0000000e-09
   5.0000000e+02   1.4000000e+02   4.0000000e-02   3.0000000e-02   1.0000000e-09
   5.0000000e+02   1.4000000e+02   4.0000000e-02   3.0000000e-02   1.0000000e-09
   5.0000000e+02   1.4000000e+02   4.0000000e-02   3.0000000e-02   1.0000000e-09
   5.0000000e+02   1.4000000e+02   4.0000000e-02   3.0000000e-02   1.0000000e-09
   5.0000000e+02   1.4000000e+02   4.0000000e-02   3.0000000e-02   1.0000000e-09
   5.0000000e+02   1.4000000e+02   4.0000000e-02   3.0000000e-02   1.0000000e-09
   5.0000000e+02   1.4000000e+02   4.0000000e-02   3.0000000e-02   1.0000000e-09
   5.0000000e+02   1.4000000e+02   4.0000000e-02   3.0000000e-02   1.0000000e-09
   5.0000000e+02   1.4000000e+02   4.0000000e-02   3.0000000e-02   1.0000000e-09
   5.0000000e+02   1.4000000e+02   4.0000000e-02   3.0000000e-02   1.0000000e-09
   5.0000000e+02   1.4000000e+02   4.0000000e-02   3.0000000e-02   1.0000000e-09
   5.0000000e+02   1.4000000e+02   4.0000000e-02   3.0000000e-02   1.0000000e-09
   5.0000000e+02   1.4000000e+02   4.0000000e-02   3.0000000e-02   1.0000000e-09
   5.0000000e+02   1.4000000e+02   4.0000000e-02   3.0000000e-02   1.0000000e-09
   5.0000000e+02   1.4000000e+02   4.0000000e-02   3.0000000e-02   1.0000000e-09
   5.0000000e+02   1.4000000e+02   3.9971740e-02   3.0000000e-02   1.0000000e-09
   5.0000000e+02   1.4000000e+02   2.1994180e-02   3.0000000e-02   1.0000000e-09
   5.0000000e+02   1.4000000e+02   4.0000000e-02   3.0000000e-02   1.0000000e-09
   5.0000000e+02   1.3000000e+02   4.0000000e-03   3.0000000e-02   3.0000000e-02
   5.0000000e+02   1.4000000e+02   4.0000000e-02   3.0000000e-02   1.0000000e-09
   5.0000000e+02   1.4000000e+02   4.0000000e-02   3.0000000e-02   1.0000000e-09
   5.0000000e+02   1.4000000e+02   4.0000000e-02   3.0000000e-02   1.0000000e-09
   5.0000000e+02   1.4000000e+02   4.0000000e-02   3.0000000e-02   1.0000000e-09
   5.0000000e+02   1.4000000e+02   4.0000000e-02   3.0000000e-02   1.0000000e-09
   5.0000000e+02   1.4000000e+02   4.0000000e-02   3.0000000e-02   1.0000000e-09
   5.0000000e+02   1.4000000e+02   4.0000000e-02   3.0000000e-02   1.0000000e-09
   5.0000000e+02   1.4000000e+02   4.0000000e-02   3.0000000e-02   1.0000000e-09
   5.0000000e+02   1.4000000e+02   4.0000000e-02   3.0000000e-02   1.0000000e-09
   5.0000000e+02   1.4000000e+02   4.0000000e-02   3.0000000e-02   1.0000000e-09
   5.0000000e+02   1.4000000e+02   4.0000000e-02   3.0000000e-02   1.0000000e-09
   5.0000000e+02   1.4000000e+02   4.0000000e-02   3.0000000e-02   1.0000000e-09
   5.0000000e+02   1.4000000e+02   4.0000000e-02   3.0000000e-02   1.0000000e-09
   5.0000000e+02   1.4000000e+02   4.0000000e-02   3.0000000e-02   1.0000000e-09
   5.0000000e+02   1.4000000e+02   4.0000000e-02   3.0000000e-02   1.0000000e-09
   5.0000000e+02   1.4000000e+02   4.0000000e-02   3.0000000e-02   1.0000000e-09
   5.0000000e+02   1.4000000e+02   4.0000000e-02   3.0000000e-02   1.0000000e-09
   5.0000000e+02   1.4000000e+02   4.0000000e-02   3.0000000e-02   1.0000000e-09
   5.0000000e+02   1.4000000e+02   4.0000000e-02   3.0000000e-02   1.0000000e-09
   5.0000000e+02   1.4000000e+02   4.0000000e-02   3.0000000e-02   1.0000000e-09
   5.0000000e+02   1.4000000e+02   4.0000000e-02   3.0000000e-02   1.0000000e-09
   5.0000000e+02   1.4000000e+02   4.0000000e-02   3.0000000e-02   1.0000000e-09
   5.0000000e+02   1.4000000e+02   4.0000000e-02   3.0000000e-02   1.0000000e-09
   5.0000000e+02   1.4000000e+02   4.0000000e-02   3.0000000e-02   1.0000000e-09
   5.0000000e+02   1.4000000e+02   4.0000000e-02   3.0000000e-02   1.0000000e-09
   5.0000000e+02   1.4000000e+02   4.0000000e-02   3.0000000e-02   1.0000000e-09
   5.0000000e+02   1.4000000e+02   4.0000000e-02   3.0000000e-02   1.0000000e-09
   5.0000000e+02   1.4000000e+02   4.0000000e-02   3.0000000e-02   1.0000000e-09
   5.0000000e+02   1.4000000e+02   4.0000000e-02   3.0000000e-02   1.0000000e-09
   5.0000000e+02   1.4000000e+02   4.0000000e-02   3.0000000e-02   1.0000000e-09
   5.0000000e+02   1.4000000e+02   4.0000000e-02   3.0000000e-02   1.0000000e-09
   5.0000000e+02   1.4000000e+02   4.0000000e-02   3.0000000e-02   1.0000000e-09
   5.0000000e+02   1.4000000e+02   4.0000000e-02   3.0000000e-02   1.0000000e-09
   5.0000000e+02   1.4000000e+02   4.0000000e-02   3.0000000e-02   1.0000000e-09
   5.0000000e+02   1.4000000e+02   4.0000000e-02   3.0000000e-02   1.0000000e-09
   5.0000000e+02   1.4000000e+02   4.0000000e-02   3.0000000e-02   1.0000000e-09
   5.0000000e+02   1.4000000e+02   4.0000000e-02   3.0000000e-02   1.0000000e-09
   5.0000000e+02   1.4000000e+02   4.0000000e-02   3.0000000e-02   1.0000000e-09
   5.0000000e+02   1.3000000e+02   4.0000000e-03   3.0000000e-02   3.0000000e-02
   5.0000000e+02   1.4000000e+02   4.0000000e-02   3.0000000e-02   1.0000000e-09
   5.0000000e+02   1.3000000e+02   4.0000000e-03   3.0000000e-02   3.0000000e-02
   5.0000000e+02   1.4000000e+02   4.0000000e-02   3.0000000e-02   1.0000000e-09
   5.0000000e+02   1.3000000e+02   4.0000000e-03   3.0000000e-02   3.0000000e-02
   5.0000000e+02   1.4000000e+02   4.0000000e-02   3.0000000e-02   1.0000000e-09
   5.0000000e+02   1.3000000e+02   4.0000000e-03   3.0000000e-02   3.0000000e-02
   5.0000000e+02   1.4000000e+02   4.0000000e-02   3.0000000e-02   1.0000000e-09
   5.0000000e+02   1.3000000e+02   4.0000000e-03   3.0000000e-02   3.0000000e-02
   5.0000000e+02   1.4000000e+02   4.0000000e-02   3.0000000e-02   1.0000000e-09
   5.0000000e+02   1.3000000e+02   4.0000000e-03   3.0000000e-02   3.0000000e-02
   5.0000000e+02   1.4000000e+02   4.0000000e-02   3.0000000e-02   1.0000000e-09
   5.0000000e+02   1.3000000e+02   4.0000000e-03   3.0000000e-02   3.0000000e-02
   5.0000000e+02   1.4000000e+02   4.0000000e-02   3.0000000e-02   1.0000000e-09
   5.0000000e+02   1.3000000e+02   4.0000000e-03   3.0000000e-02   3.0000000e-02
   5.0000000e+02   1.4000000e+02   4.0000000e-02   3.0000000e-02   1.0000000e-09
   5.0000000e+02   1.3000000e+02   4.0000000e-03   3.0000000e-02   3.0000000e-02
   5.0000000e+02   1.4000000e+02   4.0000000e-02   3.0000000e-02   1.0000000e-09
   5.0000000e+02   1.3000000e+02   4.0000000e-03   3.0000000e-02   3.0000000e-02
   5.0000000e+02   1.4000000e+02   4.0000000e-02   3.0000000e-02   1.0000000e-09
   5.0000000e+02   1.3000000e+02   4.0000000e-03   3.0000000e-02   3.0000000e-02
   5.0000000e+02   1.4000000e+02   4.0000000e-02   3.0000000e-02   1.0000000e-09
   5.0000000e+02   1.3000000e+02   4.0000000e-03   3.0000000e-02   3.0000000e-02
   5.0000000e+02   1.4000000e+02   4.0000000e-02   3.0000000e-02   1.0000000e-09
   5.0000000e+02   1.4000000e+02   4.0000000e-03   3.0000000e-02   1.0000000e-09
   5.0000000e+02   1.4000000e+02   4.0000000e-02   3.0000000e-02   1.0000000e-09
   5.0000000e+02   1.4000000e+02   4.0000000e-03   3.0000000e-02   1.0000000e-09
   5.0000000e+02   1.4000000e+02   4.0000000e-02   3.0000000e-02   1.0000000e-09
   5.0000000e+02   1.4000000e+02   4.0000000e-03   3.0000000e-02   1.0000000e-09
   5.0000000e+02   1.4000000e+02   4.0000000e-02   3.0000000e-02   1.0000000e-09
   5.0000000e+02   1.4000000e+02   4.0000000e-03   3.0000000e-02   1.0000000e-09
   5.0000000e+02   1.4000000e+02   4.0000000e-02   3.0000000e-02   1.0000000e-09
   5.0000000e+02   1.4000000e+02   4.0000000e-03   3.0000000e-02   1.0000000e-09
   5.0000000e+02   1.4000000e+02   4.0000000e-02   3.0000000e-02   1.0000000e-09
   5.0000000e+02   1.4000000e+02   4.0000000e-03   3.0000000e-02   1.0000000e-09
   5.0000000e+02   1.4000000e+02   4.0000000e-02   3.0000000e-02   1.0000000e-09
   5.0000000e+02   1.4000000e+02   4.0000000e-03   3.0000000e-02   1.0000000e-09
   5.0000000e+02   1.4000000e+02   4.0000000e-02   3.0000000e-02   1.0000000e-09
   5.0000000e+02   1.4000000e+02   4.0000000e-03   3.0000000e-02   1.0000000e-09
   5.0000000e+02   1.4000000e+02   4.0000000e-02   3.0000000e-02   1.0000000e-09
   5.0000000e+02   1.4000000e+02   4.0000000e-03   3.0000000e-02   1.0000000e-09
   5.0000000e+02   1.4000000e+02   4.0000000e-02   3.0000000e-02   1.0000000e-09
   5.0000000e+02   1.4000000e+02   4.0000000e-03   3.0000000e-02   1.0000000e-09
   5.0000000e+02   1.4000000e+02   4.0000000e-02   3.0000000e-02   1.0000000e-09
   5.0000000e+02   1.4000000e+02   4.0000000e-03   3.0000000e-02   1.0000000e-09
   5.0000000e+02   1.4000000e+02   4.0000000e-02   3.0000000e-02   1.0000000e-09
   5.0000000e+02   1.4000000e+02   4.0000000e-03   3.0000000e-02   1.0000000e-09
   5.0000000e+02   1.4000000e+02   4.0000000e-02   3.0000000e-02   1.0000000e-09
   5.0000000e+02   1.4000000e+02   4.0000000e-03   3.0000000e-02   1.0000000e-09
   5.0000000e+02   1.4000000e+02   4.0000000e-02   3.0000000e-02   1.0000000e-09
   5.0000000e+02   1.4000000e+02   4.0000000e-03   3.0000000e-02   1.0000000e-09
   5.0000000e+02   1.4000000e+02   4.0000000e-02   3.0000000e-02   1.0000000e-09
   5.0000000e+02   1.4000000e+02   4.0000000e-03   3.0000000e-02   1.0000000e-09
   5.0000000e+02   1.4000000e+02   4.0000000e-02   3.0000000e-02   1.0000000e-09
   5.0000000e+02   1.4000000e+02   4.0000000e-03   3.0000000e-02   1.0000000e-09
   5.0000000e+02   1.4000000e+02   4.0000000e-02   3.0000000e-02   1.0000000e-09
   5.0000000e+02   1.4000000e+02   4.0000000e-03   3.0000000e-02   1.0000000e-09
   5.0000000e+02   1.4000000e+02   4.0000000e-02   3.0000000e-02   1.0000000e-09
   5.0000000e+02   1.4000000e+02   4.0000000e-03   3.0000000e-02   1.0000000e-09
   5.0000000e+02   1.4000000e+02   4.0000000e-02   3.0000000e-02   1.0000000e-09
   5.0000000e+02   1.4000000e+02   4.0000000e-03   3.0000000e-02   1.0000000e-09
   5.0000000e+02   1.4000000e+02   4.0000000e-02   3.0000000e-02   1.0000000e-09
   5.0000000e+02   1.4000000e+02   4.0000000e-03   3.0000000e-02   1.0000000e-09
   5.0000000e+02   1.4000000e+02   4.0000000e-02   3.0000000e-02   1.0000000e-09
   5.0000000e+02   1.4000000e+02   4.0000000e-03   3.0000000e-02   1.0000000e-09
   5.0000000e+02   1.4000000e+02   4.0000000e-02   3.0000000e-02   1.0000000e-09
   5.0000000e+02   1.4000000e+02   4.0000000e-03   3.0000000e-02   1.0000000e-09
   5.0000000e+02   1.4000000e+02   4.0000000e-02   3.0000000e-02   1.0000000e-09
   5.0000000e+02   1.4000000e+02   4.0000000e-03   3.0000000e-02   1.0000000e-09
   5.0000000e+02   1.4000000e+02   4.0000000e-02   3.0000000e-02   1.0000000e-09
   5.0000000e+02   1.4000000e+02   4.0000000e-03   3.0000000e-02   1.0000000e-09
   5.0000000e+02   1.4000000e+02   4.0000000e-02   3.0000000e-02   1.0000000e-09
   5.0000000e+02   1.4000000e+02   4.0000000e-03   3.0000000e-02   1.0000000e-09
   5.0000000e+02   1.4000000e+02   4.0000000e-02   3.0000000e-02   1.0000000e-09
   5.0000000e+02   1.4000000e+02   4.0000000e-03   3.0000000e-02   1.0000000e-09
   5.0000000e+02   1.4000000e+02   4.0000000e-02   3.0000000e-02   1.0000000e-09
   5.0000000e+02   1.4000000e+02   4.0000000e-03   3.0000000e-02   1.0000000e-09
   5.0000000e+02   1.4000000e+02   4.0000000e-02   3.0000000e-02   1.0000000e-09
   5.0000000e+02   1.4000000e+02   4.0000000e-03   3.0000000e-02   1.0000000e-09
   5.0000000e+02   1.4000000e+02   4.0000000e-02   3.0000000e-02   1.0000000e-09
   5.0000000e+02   1.4000000e+02   4.0000000e-03   3.0000000e-02   1.0000000e-09
   5.0000000e+02   1.4000000e+02   4.0000000e-02   3.0000000e-02   1.0000000e-09
   5.0000000e+02   1.4000000e+02   4.0000000e-03   3.0000000e-02   1.0000000e-09
   5.0000000e+02   1.4000000e+02   4.0000000e-02   3.0000000e-02   1.0000000e-09
   5.0000000e+02   1.4000000e+02   4.0000000e-03   3.0000000e-02   1.0000000e-09
   5.0000000e+02   1.4000000e+02   4.0000000e-02   3.0000000e-02   1.0000000e-09
   5.0000000e+02   1.4000000e+02   4.0000000e-03   3.0000000e-02   1.0000000e-09
   5.0000000e+02   1.4000000e+02   4.0000000e-02   3.0000000e-02   1.0000000e-09
   5.0000000e+02   1.4000000e+02   4.0000000e-03   3.0000000e-02   1.0000000e-09
   5.0000000e+02   1.4000000e+02   4.0000000e-02   3.0000000e-02   1.0000000e-09
   5.0000000e+02   1.4000000e+02   4.0000000e-03   3.0000000e-02   1.0000000e-09
   5.0000000e+02   1.4000000e+02   4.0000000e-02   3.0000000e-02   1.0000000e-09
   5.0000000e+02   1.4000000e+02   4.0000000e-03   3.0000000e-02   1.0000000e-09
   5.0000000e+02   1.4000000e+02   4.0000000e-02   3.0000000e-02   1.0000000e-09
   5.0000000e+02   1.4000000e+02   4.0000000e-03   3.0000000e-02   1.0000000e-09
   5.0000000e+02   1.4000000e+02   4.0000000e-02   3.0000000e-02   1.0000000e-09
   5.0000000e+02   1.4000000e+02   4.0000000e-03   3.0000000e-02   1.0000000e-09
   5.0000000e+02   1.4000000e+02   4.0000000e-02   3.0000000e-02   1.0000000e-09
   5.0000000e+02   1.4000000e+02   4.0000000e-03   3.0000000e-02   1.0000000e-09
   5.0000000e+02   1.4000000e+02   4.0000000e-02   3.0000000e-02   1.0000000e-09
   5.0000000e+02   1.4000000e+02   4.0000000e-03   3.0000000e-02   1.0000000e-09
   5.0000000e+02   1.4000000e+02   4.0000000e-02   3.0000000e-02   1.0000000e-09
   5.0000000e+02   1.4000000e+02   4.0000000e-03   3.0000000e-02   1.0000000e-09
   5.0000000e+02   1.4000000e+02   4.0000000e-02   3.0000000e-02   1.0000000e-09
   5.0000000e+02   1.4000000e+02   4.0000000e-03   3.0000000e-02   1.0000000e-09
   5.0000000e+02   1.4000000e+02   4.0000000e-02   3.0000000e-02   1.0000000e-09
   5.0000000e+02   1.4000000e+02   4.0000000e-03   3.0000000e-02   1.0000000e-09
   5.0000000e+02   1.4000000e+02   4.0000000e-02   3.0000000e-02   1.0000000e-09
   5.0000000e+02   1.4000000e+02   4.0000000e-03   3.0000000e-02   1.0000000e-09
   5.0000000e+02   1.4000000e+02   4.0000000e-02   3.0000000e-02   1.0000000e-09
   5.0000000e+02   1.4000000e+02   4.0000000e-03   3.0000000e-02   1.0000000e-09
   5.0000000e+02   1.4000000e+02   4.0000000e-02   3.0000000e-02   1.0000000e-09
   5.0000000e+02   1.4000000e+02   4.0000000e-03   3.0000000e-02   1.0000000e-09
   5.0000000e+02   1.4000000e+02   4.0000000e-02   3.0000000e-02   1.0000000e-09
   5.0000000e+02   1.4000000e+02   4.0000000e-02   3.0000000e-02   1.0000000e-09
   5.0000000e+02   1.4000000e+02   4.0000000e-02   3.0000000e-02   1.0000000e-09
   5.0000000e+02   1.4000000e+02   4.0000000e-02   3.0000000e-02   1.0000000e-09
   5.0000000e+02   1.4000000e+02   3.9662980e-02   3.0000000e-02   1.0000000e-09
   5.0000000e+02   1.4000000e+02   4.0000000e-02   3.0000000e-02   1.0000000e-09
   5.0000000e+02   1.4000000e+02   4.0000000e-02   3.0000000e-02   1.0000000e-09
   5.0000000e+02   1.4000000e+02   4.0000000e-02   3.0000000e-02   1.0000000e-09
   5.0000000e+02   1.4000000e+02   4.0000000e-02   3.0000000e-02   1.0000000e-09
   5.0000000e+02   1.4000000e+02   4.0000000e-02   3.0000000e-02   1.0000000e-09
   5.0000000e+02   1.4000000e+02   4.0000000e-02   3.0000000e-02   1.0000000e-09
   5.0000000e+02   1.4000000e+02   4.0000000e-02   3.0000000e-02   1.0000000e-09
   5.0000000e+02   1.4000000e+02   4.0000000e-02   3.0000000e-02   1.0000000e-09
   5.0000000e+02   1.4000000e+02   4.0000000e-02   3.0000000e-02   1.0000000e-09
   5.0000000e+02   1.4000000e+02   4.0000000e-02   3.0000000e-02   1.0000000e-09
   5.0000000e+02   1.4000000e+02   4.0000000e-02   3.0000000e-02   1.0000000e-09
   5.0000000e+02   1.4000000e+02   4.0000000e-02   3.0000000e-02   1.0000000e-09
   5.0000000e+02   1.4000000e+02   4.0000000e-02   3.0000000e-02   1.0000000e-09
   5.0000000e+02   1.4000000e+02   4.0000000e-02   3.0000000e-02   1.0000000e-09
   5.0000000e+02   1.4000000e+02   4.0000000e-02   3.0000000e-02   1.0000000e-09
   5.0000000e+02   1.4000000e+02   4.0000000e-02   3.0000000e-02   1.0000000e-09
   5.0000000e+02   1.4000000e+02   4.0000000e-02   3.0000000e-02   1.0000000e-09
   5.0000000e+02   1.4000000e+02   4.0000000e-02   3.0000000e-02   1.0000000e-09
   5.0000000e+02   1.4000000e+02   4.0000000e-02   3.0000000e-02   1.0000000e-09
   5.0000000e+02   1.4000000e+02   4.0000000e-02   3.0000000e-02   1.0000000e-09
   5.0000000e+02   1.4000000e+02   4.0000000e-02   3.0000000e-02   1.0000000e-09
   5.0000000e+02   1.4000000e+02   4.0000000e-02   3.0000000e-02   1.0000000e-09
   5.0000000e+02   1.4000000e+02   4.0000000e-02   3.0000000e-02   1.0000000e-09
   5.0000000e+02   1.4000000e+02   4.0000000e-02   3.0000000e-02   1.0000000e-09
   5.0000000e+02   1.4000000e+02   4.0000000e-02   3.0000000e-02   1.0000000e-09
   5.0000000e+02   1.4000000e+02   4.0000000e-02   3.0000000e-02   1.0000000e-09
   5.0000000e+02   1.4000000e+02   4.0000000e-02   3.0000000e-02   1.0000000e-09
   5.0000000e+02   1.4000000e+02   4.0000000e-02   3.0000000e-02   1.0000000e-09
   5.0000000e+02   1.4000000e+02   4.0000000e-02   3.0000000e-02   1.0000000e-09
   5.0000000e+02   1.4000000e+02   4.0000000e-02   3.0000000e-02   1.0000000e-09
   5.0000000e+02   1.4000000e+02   4.0000000e-02   3.0000000e-02   1.0000000e-09
   5.0000000e+02   1.4000000e+02   4.0000000e-02   3.0000000e-02   1.0000000e-09
   5.0000000e+02   1.4000000e+02   4.0000000e-02   3.0000000e-02   1.0000000e-09
   5.0000000e+02   1.4000000e+02   4.0000000e-02   3.0000000e-02   1.0000000e-09
   5.0000000e+02   1.4000000e+02   4.0000000e-02   3.0000000e-02   1.0000000e-09
   5.0000000e+02   1.4000000e+02   4.0000000e-02   3.0000000e-02   1.0000000e-09
   5.0000000e+02   1.4000000e+02   4.0000000e-02   3.0000000e-02   1.0000000e-09
   5.0000000e+02   1.4000000e+02   4.0000000e-02   3.0000000e-02   1.0000000e-09
   5.0000000e+02   1.4000000e+02   4.0000000e-02   3.0000000e-02   1.0000000e-09
   5.0000000e+02   1.4000000e+02   4.0000000e-02   3.0000000e-02   1.0000000e-09
   5.0000000e+02   1.4000000e+02   3.9989680e-02   3.0000000e-02   1.0000000e-09
   5.0000000e+02   1.4000000e+02   4.0000000e-02   3.0000000e-02   1.0000000e-09
   5.0000000e+02   1.4000000e+02   4.0000000e-02   3.0000000e-02   1.0000000e-09
   5.0000000e+02   1.4000000e+02   4.0000000e-02   3.0000000e-02   1.0000000e-09
   5.0000000e+02   1.4000000e+02   4.0000000e-02   3.0000000e-02   1.0000000e-09
   5.0000000e+02   1.4000000e+02   4.0000000e-02   3.0000000e-02   1.0000000e-09
   5.0000000e+02   1.4000000e+02   4.0000000e-02   3.0000000e-02   1.0000000e-09
   5.0000000e+02   1.4000000e+02   4.0000000e-02   3.0000000e-02   1.0000000e-09
   5.0000000e+02   1.4000000e+02   4.0000000e-02   3.0000000e-02   1.0000000e-09
   5.0000000e+02   1.4000000e+02   4.0000000e-02   3.0000000e-02   1.0000000e-09
   5.0000000e+02   1.4000000e+02   4.0000000e-02   3.0000000e-02   1.0000000e-09
   5.0000000e+02   1.4000000e+02   4.0000000e-02   3.0000000e-02   1.0000000e-09
   5.0000000e+02   1.4000000e+02   4.0000000e-02   3.0000000e-02   1.0000000e-09
   5.0000000e+02   1.4000000e+02   4.0000000e-02   3.0000000e-02   1.0000000e-09
   5.0000000e+02   1.4000000e+02   4.0000000e-02   3.0000000e-02   1.0000000e-09
   5.0000000e+02   1.4000000e+02   4.0000000e-02   3.0000000e-02   1.0000000e-09
   5.0000000e+02   1.4000000e+02   4.0000000e-02   3.0000000e-02   1.0000000e-09
   5.0000000e+02   1.4000000e+02   4.0000000e-02   3.0000000e-02   1.0000000e-09
   5.0000000e+02   1.4000000e+02   2.2002460e-02   3.0000000e-02   1.0000000e-09
   5.0000000e+02   1.4000000e+02   4.0073800e-03   3.0000000e-02   1.0000000e-09
   5.0000000e+02   1.4000000e+02   4.0000000e-02   3.0000000e-02   1.0000000e-09
   5.0000000e+02   1.4000000e+02   4.0000000e-02   3.0000000e-02   1.0000000e-09
   5.0000000e+02   1.4000000e+02   4.0000000e-02   3.0000000e-02   1.0000000e-09
   5.0000000e+02   1.4000000e+02   3.0992380e-02   3.0000000e-02   1.0000000e-09
   5.0000000e+02   1.4000000e+02   4.0000000e-02   3.0000000e-02   1.0000000e-09
   5.0000000e+02   1.4000000e+02   4.0000000e-03   3.0000000e-02   1.0000000e-09
   5.0000000e+02   1.4000000e+02   1.3004080e-02   3.0000000e-02   1.0000000e-09
   5.0000000e+02   1.4000000e+02   4.0000000e-03   3.0000000e-02   1.0000000e-09
   5.0000000e+02   1.4000000e+02   4.0000000e-03   3.0000000e-02   1.0000000e-09
   5.0000000e+02   1.4000000e+02   4.0000000e-03   3.0000000e-02   1.0000000e-09
   5.0000000e+02   1.4000000e+02   4.0000000e-03   3.0000000e-02   1.0000000e-09
   5.0000000e+02   1.4000000e+02   4.0000000e-03   3.0000000e-02   1.0000000e-09
   5.0000000e+02   1.4000000e+02   4.0000000e-03   3.0000000e-02   1.0000000e-09
   5.0000000e+02   1.4000000e+02   4.0000000e-03   3.0000000e-02   1.0000000e-09
   5.0000000e+02   1.4000000e+02   4.0000000e-03   3.0000000e-02   1.0000000e-09
   5.0000000e+02   1.4000000e+02   4.0000000e-03   3.0000000e-02   1.0000000e-09
   5.0000000e+02   1.4000000e+02   4.0000000e-03   3.0000000e-02   1.0000000e-09
   5.0000000e+02   1.4000000e+02   4.0000000e-03   3.0000000e-02   1.0000000e-09
   5.0000000e+02   1.4000000e+02   4.0000000e-03   3.0000000e-02   1.0000000e-09
   5.0000000e+02   1.4000000e+02   4.0000000e-03   3.0000000e-02   1.0000000e-09
   5.0000000e+02   1.4000000e+02   4.0000000e-03   3.0000000e-02   1.0000000e-09
   5.0000000e+02   1.4000000e+02   4.0000000e-03   3.0000000e-02   1.0000000e-09
   5.0000000e+02   1.4000000e+02   4.0000000e-03   3.0000000e-02   1.0000000e-09
   5.0000000e+02   1.4000000e+02   4.0000000e-03   3.0000000e-02   1.0000000e-09
   5.0000000e+02   1.4000000e+02   4.0000000e-03   3.0000000e-02   1.0000000e-09
   5.0000000e+02   1.4000000e+02   4.0000000e-03   3.0000000e-02   1.0000000e-09
   5.0000000e+02   1.4000000e+02   4.0000000e-03   3.0000000e-02   1.0000000e-09
   5.0000000e+02   1.4000000e+02   4.0000000e-03   3.0000000e-02   1.0000000e-09
   5.0000000e+02   1.4000000e+02   4.0000000e-03   3.0000000e-02   1.0000000e-09
   5.0000000e+02   1.4000000e+02   4.0000000e-03   3.0000000e-02   1.0000000e-09
   5.0000000e+02   1.4000000e+02   4.0000000e-03   3.0000000e-02   1.0000000e-09
   5.0000000e+02   1.4000000e+02   4.0000000e-03   3.0000000e-02   1.0000000e-09
   5.0000000e+02   1.4000000e+02   4.0000000e-03   3.0000000e-02   1.0000000e-09
   5.0000000e+02   1.4000000e+02   4.0000000e-03   3.0000000e-02   1.0000000e-09
   5.0000000e+02   1.4000000e+02   4.0000000e-03   3.0000000e-02   1.0000000e-09
   5.0000000e+02   1.4000000e+02   4.0000000e-03   3.0000000e-02   1.0000000e-09
   5.0000000e+02   1.4000000e+02   4.0000000e-03   3.0000000e-02   1.0000000e-09
   5.0000000e+02   1.4000000e+02   4.0000000e-03   3.0000000e-02   1.0000000e-09
   5.0000000e+02   1.4000000e+02   4.0000000e-03   3.0000000e-02   1.0000000e-09
   5.0000000e+02   1.4000000e+02   4.0000000e-03   3.0000000e-02   1.0000000e-09
   5.0000000e+02   1.4000000e+02   4.0000000e-03   3.0000000e-02   1.0000000e-09
   5.0000000e+02   1.4000000e+02   4.0000000e-03   3.0000000e-02   1.0000000e-09
   5.0000000e+02   1.4000000e+02   4.0000000e-03   3.0000000e-02   1.0000000e-09
   5.0000000e+02   1.4000000e+02   4.0000000e-03   3.0000000e-02   1.0000000e-09
   5.0000000e+02   1.4000000e+02   4.0000000e-03   3.0000000e-02   1.0000000e-09
   5.0000000e+02   1.4000000e+02   4.0000000e-03   3.0000000e-02   1.0000000e-09
   5.0000000e+02   1.4000000e+02   4.0000000e-03   3.0000000e-02   1.0000000e-09
   5.0000000e+02   1.4000000e+02   4.0000000e-03   3.0000000e-02   1.0000000e-09
   5.0000000e+02   1.4000000e+02   4.0000000e-03   3.0000000e-02   1.0000000e-09
   5.0000000e+02   1.4000000e+02   4.0000000e-03   3.0000000e-02   1.0000000e-09
   5.0000000e+02   1.4000000e+02   4.0000000e-03   3.0000000e-02   1.0000000e-09
   5.0000000e+02   1.4000000e+02   4.0000000e-03   3.0000000e-02   1.0000000e-09
   5.0000000e+02   1.4000000e+02   4.0000000e-03   3.0000000e-02   1.0000000e-09
   5.0000000e+02   1.4000000e+02   4.0000000e-03   3.0000000e-02   1.0000000e-09
   5.0000000e+02   1.4000000e+02   4.0000000e-03   3.0000000e-02   1.0000000e-09
   5.0000000e+02   1.4000000e+02   4.0000000e-03   3.0000000e-02   1.0000000e-09
   5.0000000e+02   1.4000000e+02   4.0000000e-03   3.0000000e-02   1.0000000e-09
   5.0000000e+02   1.4000000e+02   4.0000000e-03   3.0000000e-02   1.0000000e-09
   5.0000000e+02   1.4000000e+02   4.0000000e-03   3.0000000e-02   1.0000000e-09
   5.0000000e+02   1.4000000e+02   4.0000000e-03   3.0000000e-02   1.0000000e-09
   5.0000000e+02   1.4000000e+02   4.0000000e-03   3.0000000e-02   1.0000000e-09
   5.0000000e+02   1.4000000e+02   4.0000000e-03   3.0000000e-02   1.0000000e-09
   5.0000000e+02   1.4000000e+02   4.0000000e-03   3.0000000e-02   1.0000000e-09
   5.0000000e+02   1.4000000e+02   4.0000000e-03   3.0000000e-02   1.0000000e-09
   5.0000000e+02   1.4000000e+02   4.0000000e-03   3.0000000e-02   1.0000000e-09
   5.0000000e+02   1.4000000e+02   4.0000000e-03   3.0000000e-02   1.0000000e-09
   5.0000000e+02   1.4000000e+02   4.0000000e-03   3.0000000e-02   1.0000000e-09
   5.0000000e+02   1.4000000e+02   4.0000000e-03   3.0000000e-02   1.0000000e-09
   5.0000000e+02   1.4000000e+02   4.0000000e-03   3.0000000e-02   1.0000000e-09
   5.0000000e+02   1.4000000e+02   4.0000000e-03   3.0000000e-02   1.0000000e-09
   5.0000000e+02   1.4000000e+02   4.0000000e-03   3.0000000e-02   1.0000000e-09
   5.0000000e+02   1.4000000e+02   4.0000000e-03   3.0000000e-02   1.0000000e-09
   5.0000000e+02   1.4000000e+02   4.0000000e-03   3.0000000e-02   1.0000000e-09
   5.0000000e+02   1.4000000e+02   4.0000000e-03   3.0000000e-02   1.0000000e-09
   5.0000000e+02   1.4000000e+02   4.0000000e-03   3.0000000e-02   1.0000000e-09
   5.0000000e+02   1.4000000e+02   4.0000000e-03   3.0000000e-02   1.0000000e-09
   5.0000000e+02   1.4000000e+02   4.0000000e-03   3.0000000e-02   1.0000000e-09
   5.0000000e+02   1.4000000e+02   4.0000000e-03   3.0000000e-02   1.0000000e-09
   5.0000000e+02   1.4000000e+02   4.0000000e-03   3.0000000e-02   1.0000000e-09
   5.0000000e+02   1.4000000e+02   4.0000000e-03   3.0000000e-02   1.0000000e-09
   5.0000000e+02   1.4000000e+02   4.0000000e-03   3.0000000e-02   1.0000000e-09
   5.0000000e+02   1.4000000e+02   4.0000000e-03   3.0000000e-02   1.0000000e-09
   5.0000000e+02   1.4000000e+02   4.0000000e-03   3.0000000e-02   1.0000000e-09
   5.0000000e+02   1.4000000e+02   4.0000000e-03   3.0000000e-02   1.0000000e-09
   5.0000000e+02   1.4000000e+02   4.0000000e-03   3.0000000e-02   1.0000000e-09
   5.0000000e+02   1.4000000e+02   4.0000000e-03   3.0000000e-02   1.0000000e-09
   5.0000000e+02   1.4000000e+02   4.0000000e-03   3.0000000e-02   1.0000000e-09
   5.0000000e+02   1.4000000e+02   4.0000000e-03   3.0000000e-02   1.0000000e-09
   5.0000000e+02   1.4000000e+02   4.0000000e-03   3.0000000e-02   1.0000000e-09
   5.0000000e+02   1.4000000e+02   4.0000000e-03   3.0000000e-02   1.0000000e-09
   5.0000000e+02   1.4000000e+02   4.0000000e-03   3.0000000e-02   1.0000000e-09
   5.0000000e+02   1.4000000e+02   4.0000000e-03   3.0000000e-02   1.0000000e-09
   5.0000000e+02   1.4000000e+02   4.0000000e-03   3.0000000e-02   1.0000000e-09
   5.0000000e+02   1.4000000e+02   4.0000000e-03   3.0000000e-02   1.0000000e-09
   5.0000000e+02   1.3000000e+02   4.0000000e-03   3.0000000e-02   3.0000000e-02
   5.0000000e+02   1.4000000e+02   4.0000000e-03   3.0000000e-02   1.0000000e-09
   5.0000000e+02   1.3000000e+02   4.0000000e-03   3.0000000e-02   3.0000000e-02
   5.0000000e+02   1.4000000e+02   4.0000000e-03   3.0000000e-02   1.0000000e-09
   5.0000000e+02   1.3000000e+02   4.0000000e-03   3.0000000e-02   3.0000000e-02
   5.0000000e+02   1.4000000e+02   4.0000000e-03   3.0000000e-02   1.0000000e-09
   5.0000000e+02   1.3000000e+02   4.0000000e-03   3.0000000e-02   3.0000000e-02
   5.0000000e+02   1.4000000e+02   4.0000000e-03   3.0000000e-02   1.0000000e-09
   5.0000000e+02   1.3000000e+02   4.0000000e-03   3.0000000e-02   3.0000000e-02
   5.0000000e+02   1.3000000e+02   4.0000000e-03   3.0000000e-02   3.0000000e-02
   5.0000000e+02   1.3000000e+02   4.0000000e-03   3.0000000e-02   3.0000000e-02
   5.0000000e+02   1.3000000e+02   4.0000000e-03   3.0000000e-02   3.0000000e-02
   5.0000000e+02   1.3000000e+02   4.0000000e-03   3.0000000e-02   3.0000000e-02
   5.0000000e+02   1.3000000e+02   4.0000000e-03   3.0000000e-02   3.0000000e-02
   5.0000000e+02   1.3000000e+02   4.0000000e-03   3.0000000e-02   3.0000000e-02
   5.0000000e+02   1.3000000e+02   4.0000000e-03   3.0000000e-02   3.0000000e-02
   5.0000000e+02   1.3000000e+02   4.0000000e-03   3.0000000e-02   3.0000000e-02
   5.0000000e+02   1.3000000e+02   4.0000000e-03   3.0000000e-02   3.0000000e-02
   5.0000000e+02   1.4000000e+02   4.0000000e-02   3.0000000e-02   1.0000000e-09
   5.0000000e+02   1.3000000e+02   4.0000000e-03   3.0000000e-02   3.0000000e-02
   5.0000000e+02   1.3000000e+02   4.0000000e-03   3.0000000e-02   3.0000000e-02
   5.0000000e+02   1.3000000e+02   4.0000000e-03   3.0000000e-02   3.0000000e-02
   5.0000000e+02   1.3000000e+02   4.0000000e-03   3.0000000e-02   3.0000000e-02
   5.0000000e+02   1.3000000e+02   4.0000000e-03   3.0000000e-02   3.0000000e-02
   5.0000000e+02   1.3000000e+02   4.0000000e-03   3.0000000e-02   3.0000000e-02
   5.0000000e+02   1.3000000e+02   4.0000000e-03   3.0000000e-02   3.0000000e-02
   5.0000000e+02   1.3000000e+02   4.0000000e-03   3.0000000e-02   3.0000000e-02
   5.0000000e+02   1.4000000e+02   4.0000000e-02   3.0000000e-02   1.0000000e-09
   5.0000000e+02   1.4000000e+02   2.1994660e-02   3.0000000e-02   1.0000000e-09
   5.0000000e+02   1.3000000e+02   4.0000000e-03   3.0000000e-02   3.0000000e-02
   5.0000000e+02   1.4000000e+02   3.9994660e-02   3.0000000e-02   1.0000000e-09
   5.0000000e+02   1.4000000e+02   4.0000000e-02   3.0000000e-02   1.0000000e-09
   5.0000000e+02   1.4000000e+02   4.0000000e-02   3.0000000e-02   1.0000000e-09
   5.0000000e+02   1.4000000e+02   1.2994540e-02   3.0000000e-02   1.0000000e-09
   5.0000000e+02   1.4000000e+02   4.0000000e-02   3.0000000e-02   1.0000000e-09
   5.0000000e+02   1.4000000e+02   4.0000000e-02   3.0000000e-02   1.0000000e-09
   5.0000000e+02   1.4000000e+02   3.0994540e-02   3.0000000e-02   1.0000000e-09
   5.0000000e+02   1.4000000e+02   4.0000000e-02   3.0000000e-02   1.0000000e-09
   5.0000000e+02   1.4000000e+02   4.0000000e-02   3.0000000e-02   1.0000000e-09
   5.0000000e+02   1.4000000e+02   4.0000000e-02   3.0000000e-02   1.0000000e-09
   5.0000000e+02   1.4000000e+02   4.0000000e-02   3.0000000e-02   1.0000000e-09
   5.0000000e+02   1.4000000e+02   4.0000000e-02   3.0000000e-02   1.0000000e-09
   5.0000000e+02   1.4000000e+02   4.0000000e-02   3.0000000e-02   1.0000000e-09
   5.0000000e+02   1.4000000e+02   4.0000000e-02   3.0000000e-02   1.0000000e-09
   5.0000000e+02   1.4000000e+02   4.0000000e-02   3.0000000e-02   1.0000000e-09
   5.0000000e+02   1.4000000e+02   4.0000000e-02   3.0000000e-02   1.0000000e-09
   5.0000000e+02   1.4000000e+02   4.0000000e-02   3.0000000e-02   1.0000000e-09
   5.0000000e+02   1.4000000e+02   4.0000000e-02   3.0000000e-02   1.0000000e-09
   5.0000000e+02   1.4000000e+02   4.0000000e-02   3.0000000e-02   1.0000000e-09
   5.0000000e+02   1.4000000e+02   4.0000000e-02   3.0000000e-02   1.0000000e-09
   5.0000000e+02   1.4000000e+02   4.0000000e-02   3.0000000e-02   1.0000000e-09
   5.0000000e+02   1.4000000e+02   4.0000000e-02   3.0000000e-02   1.0000000e-09
   5.0000000e+02   1.4000000e+02   4.0000000e-02   3.0000000e-02   1.0000000e-09
   5.0000000e+02   1.4000000e+02   1.2993820e-02   3.0000000e-02   1.0000000e-09
   5.0000000e+02   1.4000000e+02   4.0000000e-02   3.0000000e-02   1.0000000e-09
   5.0000000e+02   1.4000000e+02   4.0000000e-02   3.0000000e-02   1.0000000e-09
   5.0000000e+02   1.4000000e+02   4.0000000e-02   3.0000000e-02   1.0000000e-09
   5.0000000e+02   1.4000000e+02   4.0000000e-02   3.0000000e-02   1.0000000e-09
   5.0000000e+02   1.4000000e+02   4.0000000e-02   3.0000000e-02   1.0000000e-09
   5.0000000e+02   1.4000000e+02   4.0000000e-02   3.0000000e-02   1.0000000e-09
   5.0000000e+02   1.4000000e+02   4.0000000e-02   3.0000000e-02   1.0000000e-09
   5.0000000e+02   1.4000000e+02   4.0000000e-02   3.0000000e-02   1.0000000e-09
   5.0000000e+02   1.4000000e+02   4.0000000e-02   3.0000000e-02   1.0000000e-09
   5.0000000e+02   1.4000000e+02   4.0000000e-02   3.0000000e-02   1.0000000e-09
   5.0000000e+02   1.4000000e+02   4.0000000e-02   3.0000000e-02   1.0000000e-09
   5.0000000e+02   1.4000000e+02   4.0000000e-02   3.0000000e-02   1.0000000e-09
   5.0000000e+02   1.4000000e+02   4.0000000e-02   3.0000000e-02   1.0000000e-09
   5.0000000e+02   1.4000000e+02   4.0000000e-02   3.0000000e-02   1.0000000e-09
   5.0000000e+02   1.4000000e+02   4.0000000e-02   3.0000000e-02   1.0000000e-09
   5.0000000e+02   1.4000000e+02   4.0000000e-02   3.0000000e-02   1.0000000e-09
   5.0000000e+02   1.4000000e+02   4.0000000e-02   3.0000000e-02   1.0000000e-09
   5.0000000e+02   1.4000000e+02   4.0000000e-02   3.0000000e-02   1.0000000e-09
   5.0000000e+02   1.4000000e+02   4.0000000e-02   3.0000000e-02   1.0000000e-09
   5.0000000e+02   1.4000000e+02   4.0000000e-02   3.0000000e-02   1.0000000e-09
   5.0000000e+02   1.4000000e+02   4.0000000e-02   3.0000000e-02   1.0000000e-09
   5.0000000e+02   1.4000000e+02   4.0000000e-02   3.0000000e-02   1.0000000e-09
   5.0000000e+02   1.4000000e+02   4.0000000e-02   3.0000000e-02   1.0000000e-09
   5.0000000e+02   1.4000000e+02   4.0000000e-02   3.0000000e-02   1.0000000e-09
   5.0000000e+02   1.4000000e+02   4.0000000e-02   3.0000000e-02   1.0000000e-09
   5.0000000e+02   1.4000000e+02   4.0000000e-02   3.0000000e-02   1.0000000e-09
   5.0000000e+02   1.4000000e+02   4.0000000e-02   3.0000000e-02   1.0000000e-09
   5.0000000e+02   1.4000000e+02   4.0000000e-02   3.0000000e-02   1.0000000e-09
   5.0000000e+02   1.4000000e+02   4.0000000e-02   3.0000000e-02   1.0000000e-09
   5.0000000e+02   1.4000000e+02   4.0000000e-02   3.0000000e-02   1.0000000e-09
   5.0000000e+02   1.4000000e+02   4.0000000e-02   3.0000000e-02   1.0000000e-09
   5.0000000e+02   1.4000000e+02   4.0000000e-02   3.0000000e-02   1.0000000e-09
   5.0000000e+02   1.4000000e+02   4.0000000e-02   3.0000000e-02   1.0000000e-09
   5.0000000e+02   1.4000000e+02   1.2994300e-02   3.0000000e-02   1.0000000e-09
   5.0000000e+02   1.4000000e+02   4.0000000e-02   3.0000000e-02   1.0000000e-09
   5.0000000e+02   1.4000000e+02   4.0000000e-02   3.0000000e-02   1.0000000e-09
   5.0000000e+02   1.4000000e+02   4.0000000e-02   3.0000000e-02   1.0000000e-09
   5.0000000e+02   1.4000000e+02   4.0000000e-02   3.0000000e-02   1.0000000e-09
   5.0000000e+02   1.4000000e+02   4.0000000e-02   3.0000000e-02   1.0000000e-09
   5.0000000e+02   1.4000000e+02   4.0000000e-02   3.0000000e-02   1.0000000e-09
   5.0000000e+02   1.4000000e+02   4.0000000e-02   3.0000000e-02   1.0000000e-09
   5.0000000e+02   1.4000000e+02   4.0000000e-02   3.0000000e-02   1.0000000e-09
   5.0000000e+02   1.4000000e+02   4.0000000e-02   3.0000000e-02   1.0000000e-09
   5.0000000e+02   1.4000000e+02   4.0000000e-02   3.0000000e-02   1.0000000e-09
   5.0000000e+02   1.4000000e+02   4.0000000e-02   3.0000000e-02   1.0000000e-09
   5.0000000e+02   1.4000000e+02   4.0000000e-02   3.0000000e-02   1.0000000e-09
   5.0000000e+02   1.4000000e+02   4.0000000e-02   3.0000000e-02   1.0000000e-09
   5.0000000e+02   1.4000000e+02   4.0000000e-02   3.0000000e-02   1.0000000e-09
   5.0000000e+02   1.4000000e+02   4.0000000e-02   3.0000000e-02   1.0000000e-09
   5.0000000e+02   1.4000000e+02   4.0000000e-02   3.0000000e-02   1.0000000e-09
   5.0000000e+02   1.4000000e+02   4.0000000e-02   3.0000000e-02   1.0000000e-09
   5.0000000e+02   1.4000000e+02   4.0000000e-02   3.0000000e-02   1.0000000e-09
   5.0000000e+02   1.4000000e+02   4.0000000e-02   3.0000000e-02   1.0000000e-09
   5.0000000e+02   1.4000000e+02   4.0000000e-02   3.0000000e-02   1.0000000e-09
   5.0000000e+02   1.4000000e+02   4.0000000e-02   3.0000000e-02   1.0000000e-09
   5.0000000e+02   1.4000000e+02   4.0000000e-02   3.0000000e-02   1.0000000e-09
   5.0000000e+02   1.4000000e+02   4.0000000e-02   3.0000000e-02   1.0000000e-09
   5.0000000e+02   1.4000000e+02   4.0000000e-02   3.0000000e-02   1.0000000e-09
   5.0000000e+02   1.4000000e+02   4.0000000e-02   3.0000000e-02   1.0000000e-09
   5.0000000e+02   1.4000000e+02   4.0000000e-02   3.0000000e-02   1.0000000e-09
   5.0000000e+02   1.4000000e+02   4.0000000e-02   3.0000000e-02   1.0000000e-09
   5.0000000e+02   1.4000000e+02   4.0000000e-02   3.0000000e-02   1.0000000e-09
   5.0000000e+02   1.4000000e+02   4.0000000e-02   3.0000000e-02   1.0000000e-09
   5.0000000e+02   1.4000000e+02   4.0000000e-02   3.0000000e-02   1.0000000e-09
   5.0000000e+02   1.4000000e+02   4.0000000e-02   3.0000000e-02   1.0000000e-09
   5.0000000e+02   1.4000000e+02   4.0000000e-02   3.0000000e-02   1.0000000e-09
   5.0000000e+02   1.4000000e+02   4.0000000e-02   3.0000000e-02   1.0000000e-09
   5.0000000e+02   1.4000000e+02   4.0000000e-02   3.0000000e-02   1.0000000e-09
   5.0000000e+02   1.4000000e+02   4.0000000e-02   3.0000000e-02   1.0000000e-09
   5.0000000e+02   1.4000000e+02   4.0000000e-02   3.0000000e-02   1.0000000e-09
   5.0000000e+02   1.4000000e+02   4.0000000e-02   3.0000000e-02   1.0000000e-09
   5.0000000e+02   1.4000000e+02   4.0000000e-02   3.0000000e-02   1.0000000e-09
   5.0000000e+02   1.4000000e+02   4.0000000e-02   3.0000000e-02   1.0000000e-09
   5.0000000e+02   1.4000000e+02   4.0000000e-02   3.0000000e-02   1.0000000e-09
   5.0000000e+02   1.4000000e+02   4.0000000e-02   3.0000000e-02   1.0000000e-09
   5.0000000e+02   1.4000000e+02   4.0000000e-02   3.0000000e-02   1.0000000e-09
   5.0000000e+02   1.4000000e+02   4.0000000e-02   3.0000000e-02   1.0000000e-09
   5.0000000e+02   1.4000000e+02   4.0000000e-02   3.0000000e-02   1.0000000e-09
   5.0000000e+02   1.4000000e+02   4.0000000e-02   3.0000000e-02   1.0000000e-09
   5.0000000e+02   1.4000000e+02   4.0000000e-02   3.0000000e-02   1.0000000e-09
   5.0000000e+02   1.4000000e+02   4.0000000e-02   3.0000000e-02   1.0000000e-09
   5.0000000e+02   1.4000000e+02   4.0000000e-02   3.0000000e-02   1.0000000e-09
   5.0000000e+02   1.4000000e+02   4.0000000e-02   3.0000000e-02   1.0000000e-09
   5.0000000e+02   1.4000000e+02   4.0000000e-02   3.0000000e-02   1.0000000e-09
   5.0000000e+02   1.4000000e+02   4.0000000e-02   3.0000000e-02   1.0000000e-09
   5.0000000e+02   1.4000000e+02   4.0000000e-02   3.0000000e-02   1.0000000e-09
   5.0000000e+02   1.4000000e+02   4.0000000e-02   3.0000000e-02   1.0000000e-09
   5.0000000e+02   1.4000000e+02   4.0000000e-02   3.0000000e-02   1.0000000e-09
   5.0000000e+02   1.4000000e+02   4.0000000e-02   3.0000000e-02   1.0000000e-09
   5.0000000e+02   1.4000000e+02   4.0000000e-02   3.0000000e-02   1.0000000e-09
   5.0000000e+02   1.4000000e+02   4.0000000e-02   3.0000000e-02   1.0000000e-09
   5.0000000e+02   1.4000000e+02   4.0000000e-02   3.0000000e-02   1.0000000e-09
   5.0000000e+02   1.4000000e+02   4.0000000e-02   3.0000000e-02   1.0000000e-09
   5.0000000e+02   1.4000000e+02   4.0000000e-02   3.0000000e-02   1.0000000e-09
   5.0000000e+02   1.4000000e+02   4.0000000e-02   3.0000000e-02   1.0000000e-09
   5.0000000e+02   1.4000000e+02   4.0000000e-02   3.0000000e-02   1.0000000e-09
   5.0000000e+02   1.4000000e+02   4.0000000e-02   3.0000000e-02   1.0000000e-09
   5.0000000e+02   1.4000000e+02   4.0000000e-02   3.0000000e-02   1.0000000e-09
   5.0000000e+02   1.4000000e+02   4.0000000e-02   3.0000000e-02   1.0000000e-09
   5.0000000e+02   1.4000000e+02   4.0000000e-02   3.0000000e-02   1.0000000e-09
   5.0000000e+02   1.4000000e+02   4.0000000e-02   3.0000000e-02   1.0000000e-09
   5.0000000e+02   1.4000000e+02   4.0000000e-02   3.0000000e-02   1.0000000e-09
   5.0000000e+02   1.4000000e+02   4.0000000e-02   3.0000000e-02   1.0000000e-09
   5.0000000e+02   1.4000000e+02   4.0000000e-02   3.0000000e-02   1.0000000e-09
   5.0000000e+02   1.4000000e+02   4.0000000e-02   3.0000000e-02   1.0000000e-09
   5.0000000e+02   1.4000000e+02   4.0000000e-02   3.0000000e-02   1.0000000e-09
   5.0000000e+02   1.4000000e+02   4.0000000e-02   3.0000000e-02   1.0000000e-09
   5.0000000e+02   1.4000000e+02   4.0000000e-02   3.0000000e-02   1.0000000e-09
   5.0000000e+02   1.4000000e+02   4.0000000e-02   3.0000000e-02   1.0000000e-09
   5.0000000e+02   1.4000000e+02   4.0000000e-02   3.0000000e-02   1.0000000e-09
   5.0000000e+02   1.4000000e+02   4.0000000e-02   3.0000000e-02   1.0000000e-09
   5.0000000e+02   1.4000000e+02   4.0000000e-02   3.0000000e-02   1.0000000e-09
   5.0000000e+02   1.4000000e+02   4.0000000e-02   3.0000000e-02   1.0000000e-09
   5.0000000e+02   1.4000000e+02   4.0000000e-02   3.0000000e-02   1.0000000e-09
   5.0000000e+02   1.4000000e+02   4.0000000e-02   3.0000000e-02   1.0000000e-09
   5.0000000e+02   1.4000000e+02   4.0000000e-02   3.0000000e-02   1.0000000e-09
   5.0000000e+02   1.4000000e+02   4.0000000e-02   3.0000000e-02   1.0000000e-09
   5.0000000e+02   1.4000000e+02   4.0000000e-02   3.0000000e-02   1.0000000e-09
   5.0000000e+02   1.4000000e+02   4.0000000e-02   3.0000000e-02   1.0000000e-09
   5.0000000e+02   1.4000000e+02   4.0000000e-02   3.0000000e-02   1.0000000e-09
   5.0000000e+02   1.4000000e+02   4.0000000e-02   3.0000000e-02   1.0000000e-09
   5.0000000e+02   1.4000000e+02   4.0000000e-02   3.0000000e-02   1.0000000e-09
   5.0000000e+02   1.4000000e+02   4.0000000e-02   3.0000000e-02   1.0000000e-09
   5.0000000e+02   1.4000000e+02   4.0000000e-02   3.0000000e-02   1.0000000e-09
   5.0000000e+02   1.4000000e+02   4.0000000e-02   3.0000000e-02   1.0000000e-09
   5.0000000e+02   1.4000000e+02   4.0000000e-02   3.0000000e-02   1.0000000e-09
   5.0000000e+02   1.4000000e+02   4.0000000e-02   3.0000000e-02   1.0000000e-09
   5.0000000e+02   1.4000000e+02   4.0000000e-02   3.0000000e-02   1.0000000e-09
   5.0000000e+02   1.4000000e+02   4.0000000e-02   3.0000000e-02   1.0000000e-09
   5.0000000e+02   1.4000000e+02   4.0000000e-02   3.0000000e-02   1.0000000e-09
   5.0000000e+02   1.4000000e+02   4.0000000e-02   3.0000000e-02   1.0000000e-09
   5.0000000e+02   1.4000000e+02   4.0000000e-02   3.0000000e-02   1.0000000e-09
   5.0000000e+02   1.4000000e+02   4.0000000e-02   3.0000000e-02   1.0000000e-09
   5.0000000e+02   1.4000000e+02   4.0000000e-02   3.0000000e-02   1.0000000e-09
   5.0000000e+02   1.4000000e+02   4.0000000e-02   3.0000000e-02   1.0000000e-09
   5.0000000e+02   1.4000000e+02   4.0000000e-02   3.0000000e-02   1.0000000e-09
   5.0000000e+02   1.4000000e+02   4.0000000e-02   3.0000000e-02   1.0000000e-09
   5.0000000e+02   1.4000000e+02   4.0000000e-02   3.0000000e-02   1.0000000e-09
   5.0000000e+02   1.4000000e+02   4.0000000e-02   3.0000000e-02   1.0000000e-09
   5.0000000e+02   1.4000000e+02   4.0000000e-02   3.0000000e-02   1.0000000e-09
   5.0000000e+02   1.4000000e+02   4.0000000e-02   3.0000000e-02   1.0000000e-09
   5.0000000e+02   1.4000000e+02   4.0000000e-02   3.0000000e-02   1.0000000e-09
   5.0000000e+02   1.4000000e+02   4.0000000e-02   3.0000000e-02   1.0000000e-09
   5.0000000e+02   1.4000000e+02   4.0000000e-02   3.0000000e-02   1.0000000e-09
   5.0000000e+02   1.4000000e+02   4.0000000e-02   3.0000000e-02   1.0000000e-09
   5.0000000e+02   1.4000000e+02   4.0000000e-02   3.0000000e-02   1.0000000e-09
   5.0000000e+02   1.4000000e+02   4.0000000e-02   3.0000000e-02   1.0000000e-09
   5.0000000e+02   1.4000000e+02   4.0022800e-03   3.0000000e-02   1.0000000e-09
   5.0000000e+02   1.4000000e+02   4.0000000e-02   3.0000000e-02   1.0000000e-09
   5.0000000e+02   1.4000000e+02   4.0000000e-02   3.0000000e-02   1.0000000e-09
   5.0000000e+02   1.4000000e+02   4.0000000e-03   3.0000000e-02   1.0000000e-09
   5.0000000e+02   1.4000000e+02   4.0000000e-02   3.0000000e-02   1.0000000e-09
   5.0000000e+02   1.4000000e+02   4.0000000e-02   3.0000000e-02   1.0000000e-09
   5.0000000e+02   1.4000000e+02   4.0000000e-02   3.0000000e-02   1.0000000e-09
   5.0000000e+02   1.4000000e+02   4.0000000e-02   3.0000000e-02   1.0000000e-09
   5.0000000e+02   1.4000000e+02   4.0000000e-02   3.0000000e-02   1.0000000e-09
   5.0000000e+02   1.4000000e+02   4.0000000e-02   3.0000000e-02   1.0000000e-09
   5.0000000e+02   1.4000000e+02   4.0000000e-02   3.0000000e-02   1.0000000e-09
   5.0000000e+02   1.4000000e+02   4.0000000e-02   3.0000000e-02   1.0000000e-09
   5.0000000e+02   1.4000000e+02   4.0000000e-02   3.0000000e-02   1.0000000e-09
   5.0000000e+02   1.4000000e+02   4.0000000e-02   3.0000000e-02   1.0000000e-09
   5.0000000e+02   1.4000000e+02   4.0000000e-02   3.0000000e-02   1.0000000e-09
   5.0000000e+02   1.4000000e+02   4.0000000e-02   3.0000000e-02   1.0000000e-09
   5.0000000e+02   1.4000000e+02   4.0000000e-02   3.0000000e-02   1.0000000e-09
   5.0000000e+02   1.4000000e+02   4.0000000e-02   3.0000000e-02   1.0000000e-09
   5.0000000e+02   1.4000000e+02   4.0000000e-02   3.0000000e-02   1.0000000e-09
   5.0000000e+02   1.4000000e+02   4.0000000e-02   3.0000000e-02   1.0000000e-09
   5.0000000e+02   1.4000000e+02   4.0000000e-02   3.0000000e-02   1.0000000e-09
   5.0000000e+02   1.4000000e+02   4.0000000e-02   3.0000000e-02   1.0000000e-09
   5.0000000e+02   1.4000000e+02   4.0000000e-02   3.0000000e-02   1.0000000e-09
   5.0000000e+02   1.4000000e+02   4.0000000e-02   3.0000000e-02   1.0000000e-09
   5.0000000e+02   1.4000000e+02   4.0000000e-02   3.0000000e-02   1.0000000e-09
   5.0000000e+02   1.4000000e+02   4.0000000e-02   3.0000000e-02   1.0000000e-09
   5.0000000e+02   1.4000000e+02   4.0000000e-02   3.0000000e-02   1.0000000e-09
   5.0000000e+02   1.4000000e+02   4.0000000e-02   3.0000000e-02   1.0000000e-09
   5.0000000e+02   1.4000000e+02   4.0000000e-02   3.0000000e-02   1.0000000e-09
   5.0000000e+02   1.4000000e+02   4.0000000e-02   3.0000000e-02   1.0000000e-09
   5.0000000e+02   1.4000000e+02   4.0000000e-02   3.0000000e-02   1.0000000e-09
   5.0000000e+02   1.4000000e+02   4.0000000e-02   3.0000000e-02   1.0000000e-09
   5.0000000e+02   1.4000000e+02   3.0923080e-02   3.0000000e-02   1.0000000e-09
   5.0000000e+02   1.4000000e+02   4.0000000e-02   3.0000000e-02   1.0000000e-09
   5.0000000e+02   1.4000000e+02   4.0000000e-02   3.0000000e-02   1.0000000e-09
   5.0000000e+02   1.4000000e+02   4.0000000e-02   3.0000000e-02   1.0000000e-09
   5.0000000e+02   1.4000000e+02   4.0000000e-02   3.0000000e-02   1.0000000e-09
   5.0000000e+02   1.4000000e+02   3.0738280e-02   3.0000000e-02   1.0000000e-09
   5.0000000e+02   1.4000000e+02   4.0000000e-02   3.0000000e-02   1.0000000e-09
   5.0000000e+02   1.4000000e+02   4.0000000e-02   3.0000000e-02   1.0000000e-09
   5.0000000e+02   1.4000000e+02   4.0000000e-02   3.0000000e-02   1.0000000e-09
   5.0000000e+02   1.4000000e+02   3.0979480e-02   3.0000000e-02   1.0000000e-09
   5.0000000e+02   1.4000000e+02   4.0000000e-02   3.0000000e-02   1.0000000e-09
   5.0000000e+02   1.4000000e+02   4.0000000e-02   3.0000000e-02   1.0000000e-09
   5.0000000e+02   1.4000000e+02   4.0000000e-02   3.0000000e-02   1.0000000e-09
   5.0000000e+02   1.4000000e+02   4.0000000e-02   3.0000000e-02   1.0000000e-09
   5.0000000e+02   1.4000000e+02   4.0000000e-02   3.0000000e-02   1.0000000e-09
   5.0000000e+02   1.4000000e+02   4.0000000e-02   3.0000000e-02   1.0000000e-09
   5.0000000e+02   1.4000000e+02   4.0000000e-02   3.0000000e-02   1.0000000e-09
   5.0000000e+02   1.4000000e+02   4.0000000e-02   3.0000000e-02   1.0000000e-09
   5.0000000e+02   1.4000000e+02   4.0000000e-02   3.0000000e-02   1.0000000e-09
   5.0000000e+02   1.4000000e+02   4.0000000e-02   3.0000000e-02   1.0000000e-09
   5.0000000e+02   1.4000000e+02   4.0000000e-02   3.0000000e-02   1.0000000e-09
   5.0000000e+02   1.4000000e+02   4.0000000e-02   3.0000000e-02   1.0000000e-09
   5.0000000e+02   1.4000000e+02   4.0000000e-02   3.0000000e-02   1.0000000e-09
   5.0000000e+02   1.4000000e+02   4.0000000e-02   3.0000000e-02   1.0000000e-09
   5.0000000e+02   1.4000000e+02   4.0000000e-02   3.0000000e-02   1.0000000e-09
   5.0000000e+02   1.4000000e+02   1.2999400e-02   3.0000000e-02   1.0000000e-09
   5.0000000e+02   1.4000000e+02   4.0000000e-03   3.0000000e-02   1.0000000e-09
   5.0000000e+02   1.4000000e+02   4.0000000e-02   3.0000000e-02   1.0000000e-09
   5.0000000e+02   1.4000000e+02   4.0000000e-03   3.0000000e-02   1.0000000e-09
   5.0000000e+02   1.4000000e+02   3.9952840e-02   3.0000000e-02   1.0000000e-09
   5.0000000e+02   1.4000000e+02   4.0000000e-02   3.0000000e-02   1.0000000e-09
   5.0000000e+02   1.4000000e+02   4.0000000e-03   3.0000000e-02   1.0000000e-09
   5.0000000e+02   1.4000000e+02   4.0000000e-02   3.0000000e-02   1.0000000e-09
   5.0000000e+02   1.4000000e+02   4.0000000e-03   3.0000000e-02   1.0000000e-09
   5.0000000e+02   1.4000000e+02   4.0000000e-02   3.0000000e-02   1.0000000e-09
   5.0000000e+02   1.4000000e+02   4.0000000e-03   3.0000000e-02   1.0000000e-09
   5.0000000e+02   1.4000000e+02   4.0000000e-02   3.0000000e-02   1.0000000e-09
   5.0000000e+02   1.4000000e+02   4.0000000e-03   3.0000000e-02   1.0000000e-09
   5.0000000e+02   1.4000000e+02   4.0000000e-03   3.0000000e-02   1.0000000e-09
   5.0000000e+02   1.4000000e+02   4.0000000e-03   3.0000000e-02   1.0000000e-09
   5.0000000e+02   1.4000000e+02   4.0000000e-03   3.0000000e-02   1.0000000e-09
   5.0000000e+02   1.4000000e+02   4.0000000e-03   3.0000000e-02   1.0000000e-09
   5.0000000e+02   1.4000000e+02   4.0000000e-03   3.0000000e-02   1.0000000e-09
   5.0000000e+02   1.4000000e+02   4.0000000e-03   3.0000000e-02   1.0000000e-09
   5.0000000e+02   1.4000000e+02   4.0000000e-03   3.0000000e-02   1.0000000e-09
   5.0000000e+02   1.4000000e+02   4.0000000e-03   3.0000000e-02   1.0000000e-09
   5.0000000e+02   1.4000000e+02   4.0000000e-03   3.0000000e-02   1.0000000e-09
   5.0000000e+02   1.4000000e+02   4.0000000e-03   3.0000000e-02   1.0000000e-09
   5.0000000e+02   1.4000000e+02   4.0000000e-03   3.0000000e-02   1.0000000e-09
   5.0000000e+02   1.4000000e+02   4.0000000e-03   3.0000000e-02   1.0000000e-09
   5.0000000e+02   1.4000000e+02   4.0000000e-03   3.0000000e-02   1.0000000e-09
   5.0000000e+02   1.4000000e+02   4.0000000e-03   3.0000000e-02   1.0000000e-09
   5.0000000e+02   1.4000000e+02   4.0000000e-03   3.0000000e-02   1.0000000e-09
   5.0000000e+02   1.4000000e+02   4.0000000e-03   3.0000000e-02   1.0000000e-09
   5.0000000e+02   1.4000000e+02   4.0000000e-03   3.0000000e-02   1.0000000e-09
   5.0000000e+02   1.4000000e+02   4.0000000e-03   3.0000000e-02   1.0000000e-09
   5.0000000e+02   1.4000000e+02   4.0000000e-03   3.0000000e-02   1.0000000e-09
   5.0000000e+02   1.4000000e+02   4.0000000e-03   3.0000000e-02   1.0000000e-09
   5.0000000e+02   1.4000000e+02   4.0000000e-03   3.0000000e-02   1.0000000e-09
   5.0000000e+02   1.4000000e+02   4.0000000e-03   3.0000000e-02   1.0000000e-09
   5.0000000e+02   1.4000000e+02   4.0000000e-03   3.0000000e-02   1.0000000e-09
   5.0000000e+02   1.4000000e+02   4.0000000e-03   3.0000000e-02   1.0000000e-09
   5.0000000e+02   1.4000000e+02   4.0000000e-03   3.0000000e-02   1.0000000e-09
   5.0000000e+02   1.4000000e+02   4.0000000e-03   3.0000000e-02   1.0000000e-09
   5.0000000e+02   1.4000000e+02   4.0000000e-03   3.0000000e-02   1.0000000e-09
   5.0000000e+02   1.4000000e+02   4.0000000e-03   3.0000000e-02   1.0000000e-09
   5.0000000e+02   1.4000000e+02   4.0000000e-03   3.0000000e-02   1.0000000e-09
   5.0000000e+02   1.4000000e+02   4.0000000e-03   3.0000000e-02   1.0000000e-09
   5.0000000e+02   1.4000000e+02   4.0000000e-03   3.0000000e-02   1.0000000e-09
   5.0000000e+02   1.4000000e+02   4.0000000e-03   3.0000000e-02   1.0000000e-09
   5.0000000e+02   1.4000000e+02   4.0000000e-03   3.0000000e-02   1.0000000e-09
   5.0000000e+02   1.4000000e+02   4.0000000e-03   3.0000000e-02   1.0000000e-09
   5.0000000e+02   1.4000000e+02   4.0000000e-03   3.0000000e-02   1.0000000e-09
   5.0000000e+02   1.4000000e+02   4.0000000e-03   3.0000000e-02   1.0000000e-09
   5.0000000e+02   1.4000000e+02   4.0000000e-03   3.0000000e-02   1.0000000e-09
   5.0000000e+02   1.4000000e+02   4.0000000e-03   3.0000000e-02   1.0000000e-09
   5.0000000e+02   1.4000000e+02   4.0000000e-03   3.0000000e-02   1.0000000e-09
   5.0000000e+02   1.4000000e+02   4.0000000e-03   3.0000000e-02   1.0000000e-09
   5.0000000e+02   1.4000000e+02   4.0000000e-03   3.0000000e-02   1.0000000e-09
   5.0000000e+02   1.4000000e+02   4.0000000e-03   3.0000000e-02   1.0000000e-09
   5.0000000e+02   1.4000000e+02   4.0000000e-03   3.0000000e-02   1.0000000e-09
   5.0000000e+02   1.4000000e+02   4.0000000e-03   3.0000000e-02   1.0000000e-09
   5.0000000e+02   1.4000000e+02   4.0000000e-03   3.0000000e-02   1.0000000e-09
   5.0000000e+02   1.4000000e+02   4.0000000e-03   3.0000000e-02   1.0000000e-09
   5.0000000e+02   1.4000000e+02   4.0000000e-03   3.0000000e-02   1.0000000e-09
   5.0000000e+02   1.4000000e+02   4.0000000e-03   3.0000000e-02   1.0000000e-09
   5.0000000e+02   1.4000000e+02   4.0000000e-03   3.0000000e-02   1.0000000e-09
   5.0000000e+02   1.4000000e+02   4.0000000e-03   3.0000000e-02   1.0000000e-09
   5.0000000e+02   1.4000000e+02   4.0000000e-03   3.0000000e-02   1.0000000e-09
   5.0000000e+02   1.4000000e+02   4.0000000e-03   3.0000000e-02   1.0000000e-09
   5.0000000e+02   1.4000000e+02   4.0000000e-03   3.0000000e-02   1.0000000e-09
   5.0000000e+02   1.4000000e+02   4.0000000e-03   3.0000000e-02   1.0000000e-09
   5.0000000e+02   1.4000000e+02   4.0000000e-03   3.0000000e-02   1.0000000e-09
   5.0000000e+02   1.4000000e+02   4.0000000e-03   3.0000000e-02   1.0000000e-09
   5.0000000e+02   1.4000000e+02   4.0000000e-03   3.0000000e-02   1.0000000e-09
   5.0000000e+02   1.4000000e+02   4.0000000e-03   3.0000000e-02   1.0000000e-09
   5.0000000e+02   1.4000000e+02   4.0000000e-03   3.0000000e-02   1.0000000e-09
   5.0000000e+02   1.4000000e+02   4.0000000e-03   3.0000000e-02   1.0000000e-09
   5.0000000e+02   1.4000000e+02   4.0000000e-03   3.0000000e-02   1.0000000e-09
   5.0000000e+02   1.4000000e+02   4.0000000e-03   3.0000000e-02   1.0000000e-09
   5.0000000e+02   1.4000000e+02   4.0000000e-03   3.0000000e-02   1.0000000e-09
   5.0000000e+02   1.4000000e+02   4.0000000e-03   3.0000000e-02   1.0000000e-09
   5.0000000e+02   1.4000000e+02   4.0000000e-03   3.0000000e-02   1.0000000e-09
   5.0000000e+02   1.4000000e+02   4.0000000e-03   3.0000000e-02   1.0000000e-09
   5.0000000e+02   1.4000000e+02   4.0000000e-03   3.0000000e-02   1.0000000e-09
   5.0000000e+02   1.4000000e+02   4.0000000e-03   3.0000000e-02   1.0000000e-09
   5.0000000e+02   1.4000000e+02   4.0000000e-03   3.0000000e-02   1.0000000e-09
   5.0000000e+02   1.4000000e+02   4.0000000e-03   3.0000000e-02   1.0000000e-09
   5.0000000e+02   1.4000000e+02   4.0000000e-03   3.0000000e-02   1.0000000e-09
   5.0000000e+02   1.4000000e+02   4.0000000e-03   3.0000000e-02   1.0000000e-09
   5.0000000e+02   1.4000000e+02   4.0000000e-03   3.0000000e-02   1.0000000e-09
   5.0000000e+02   1.4000000e+02   4.0000000e-03   3.0000000e-02   1.0000000e-09
   5.0000000e+02   1.4000000e+02   4.0000000e-03   3.0000000e-02   1.0000000e-09
   5.0000000e+02   1.4000000e+02   4.0000000e-03   3.0000000e-02   1.0000000e-09
   5.0000000e+02   1.4000000e+02   4.0000000e-03   3.0000000e-02   1.0000000e-09
   5.0000000e+02   1.4000000e+02   4.0000000e-03   3.0000000e-02   1.0000000e-09
   5.0000000e+02   1.4000000e+02   4.0000000e-03   3.0000000e-02   1.0000000e-09
   5.0000000e+02   1.4000000e+02   4.0000000e-03   3.0000000e-02   1.0000000e-09
   5.0000000e+02   1.4000000e+02   4.0000000e-03   3.0000000e-02   1.0000000e-09
   5.0000000e+02   1.4000000e+02   4.0000000e-03   3.0000000e-02   1.0000000e-09
   5.0000000e+02   1.4000000e+02   4.0000000e-03   3.0000000e-02   1.0000000e-09
   5.0000000e+02   1.4000000e+02   4.0000000e-03   3.0000000e-02   1.0000000e-09
   5.0000000e+02   1.4000000e+02   4.0000000e-03   3.0000000e-02   1.0000000e-09
   5.0000000e+02   1.3000000e+02   4.0000000e-03   3.0000000e-02   3.0000000e-02
   5.0000000e+02   1.4000000e+02   4.0000000e-03   3.0000000e-02   1.0000000e-09
   5.0000000e+02   1.3000000e+02   4.0000000e-03   3.0000000e-02   3.0000000e-02
   5.0000000e+02   1.4000000e+02   4.0000000e-03   3.0000000e-02   1.0000000e-09
   5.0000000e+02   1.3000000e+02   4.0000000e-03   3.0000000e-02   3.0000000e-02
   5.0000000e+02   1.4000000e+02   4.0000000e-03   3.0000000e-02   1.0000000e-09
   5.0000000e+02   1.3000000e+02   4.0000000e-03   3.0000000e-02   3.0000000e-02
   5.0000000e+02   1.3000000e+02   4.0000000e-03   3.0000000e-02   3.0000000e-02
   5.0000000e+02   1.3000000e+02   4.0000000e-03   3.0000000e-02   3.0000000e-02
   5.0000000e+02   1.3000000e+02   4.0000000e-03   3.0000000e-02   3.0000000e-02
   5.0000000e+02   1.3000000e+02   4.0000000e-03   3.0000000e-02   3.0000000e-02
   5.0000000e+02   1.3000000e+02   4.0000000e-03   3.0000000e-02   3.0000000e-02
   5.0000000e+02   1.3000000e+02   4.0000000e-03   3.0000000e-02   3.0000000e-02
   5.0000000e+02   1.3000000e+02   4.0000000e-03   3.0000000e-02   3.0000000e-02
   5.0000000e+02   1.3000000e+02   4.0000000e-03   3.0000000e-02   3.0000000e-02
   5.0000000e+02   1.3000000e+02   4.0000000e-03   3.0000000e-02   3.0000000e-02
   5.0000000e+02   1.3000000e+02   4.0000000e-03   3.0000000e-02   3.0000000e-02
   5.0000000e+02   1.3000000e+02   4.0000000e-03   3.0000000e-02   3.0000000e-02
   5.0000000e+02   1.3000000e+02   4.0000000e-03   3.0000000e-02   3.0000000e-02
   5.0000000e+02   1.3000000e+02   4.0000000e-03   3.0000000e-02   3.0000000e-02
   5.0000000e+02   1.3000000e+02   4.0000000e-03   3.0000000e-02   3.0000000e-02
   5.0000000e+02   1.4000000e+02   4.0000000e-02   3.0000000e-02   1.0000000e-09
   5.0000000e+02   1.3000000e+02   4.0000000e-03   3.0000000e-02   3.0000000e-02
   5.0000000e+02   1.3000000e+02   4.0000000e-03   3.0000000e-02   3.0000000e-02
   5.0000000e+02   1.4000000e+02   4.0000000e-02   3.0000000e-02   1.0000000e-09
   5.0000000e+02   1.3000000e+02   4.0000000e-03   3.0000000e-02   3.0000000e-02
   5.0000000e+02   1.4000000e+02   3.0994300e-02   3.0000000e-02   1.0000000e-09
   5.0000000e+02   1.4000000e+02   4.0000000e-02   3.0000000e-02   1.0000000e-09
   5.0000000e+02   1.4000000e+02   4.0000000e-02   3.0000000e-02   1.0000000e-09
   5.0000000e+02   1.3000000e+02   4.0000000e-03   3.0000000e-02   3.0000000e-02
   5.0000000e+02   1.4000000e+02   4.0000000e-02   3.0000000e-02   1.0000000e-09
   5.0000000e+02   1.4000000e+02   4.0000000e-02   3.0000000e-02   1.0000000e-09
   5.0000000e+02   1.4000000e+02   4.0000000e-02   3.0000000e-02   1.0000000e-09
   5.0000000e+02   1.4000000e+02   4.0000000e-02   3.0000000e-02   1.0000000e-09
   5.0000000e+02   1.4000000e+02   4.0000000e-02   3.0000000e-02   1.0000000e-09
   5.0000000e+02   1.4000000e+02   4.0000000e-02   3.0000000e-02   1.0000000e-09
   5.0000000e+02   1.4000000e+02   4.0000000e-02   3.0000000e-02   1.0000000e-09
   5.0000000e+02   1.4000000e+02   4.0000000e-02   3.0000000e-02   1.0000000e-09
   5.0000000e+02   1.4000000e+02   4.0000000e-02   3.0000000e-02   1.0000000e-09
   5.0000000e+02   1.4000000e+02   4.0000000e-02   3.0000000e-02   1.0000000e-09
   5.0000000e+02   1.4000000e+02   4.0000000e-02   3.0000000e-02   1.0000000e-09
   5.0000000e+02   1.4000000e+02   4.0000000e-02   3.0000000e-02   1.0000000e-09
   5.0000000e+02   1.4000000e+02   4.0000000e-02   3.0000000e-02   1.0000000e-09
   5.0000000e+02   1.4000000e+02   4.0000000e-02   3.0000000e-02   1.0000000e-09
   5.0000000e+02   1.4000000e+02   4.0000000e-02   3.0000000e-02   1.0000000e-09
   5.0000000e+02   1.4000000e+02   4.0000000e-02   3.0000000e-02   1.0000000e-09
   5.0000000e+02   1.4000000e+02   4.0000000e-02   3.0000000e-02   1.0000000e-09
   5.0000000e+02   1.4000000e+02   3.0937540e-02   3.0000000e-02   1.0000000e-09
   5.0000000e+02   1.4000000e+02   4.0000000e-02   3.0000000e-02   1.0000000e-09
   5.0000000e+02   1.4000000e+02   4.0000000e-02   3.0000000e-02   1.0000000e-09
   5.0000000e+02   1.4000000e+02   4.0000000e-02   3.0000000e-02   1.0000000e-09
   5.0000000e+02   1.4000000e+02   4.0000000e-02   3.0000000e-02   1.0000000e-09
   5.0000000e+02   1.4000000e+02   4.0000000e-02   3.0000000e-02   1.0000000e-09
   5.0000000e+02   1.4000000e+02   4.0000000e-02   3.0000000e-02   1.0000000e-09
   5.0000000e+02   1.4000000e+02   4.0000000e-02   3.0000000e-02   1.0000000e-09
   5.0000000e+02   1.4000000e+02   4.0000000e-02   3.0000000e-02   1.0000000e-09
   5.0000000e+02   1.4000000e+02   4.0000000e-02   3.0000000e-02   1.0000000e-09
   5.0000000e+02   1.4000000e+02   4.0000000e-02   3.0000000e-02   1.0000000e-09
   5.0000000e+02   1.4000000e+02   4.0000000e-02   3.0000000e-02   1.0000000e-09
   5.0000000e+02   1.4000000e+02   4.0000000e-02   3.0000000e-02   1.0000000e-09
   5.0000000e+02   1.4000000e+02   4.0000000e-02   3.0000000e-02   1.0000000e-09
   5.0000000e+02   1.4000000e+02   4.0000000e-02   3.0000000e-02   1.0000000e-09
   5.0000000e+02   1.4000000e+02   4.0000000e-02   3.0000000e-02   1.0000000e-09
   5.0000000e+02   1.4000000e+02   4.0000000e-02   3.0000000e-02   1.0000000e-09
   5.0000000e+02   1.4000000e+02   4.0000000e-02   3.0000000e-02   1.0000000e-09
   5.0000000e+02   1.4000000e+02   4.0000000e-02   3.0000000e-02   1.0000000e-09
   5.0000000e+02   1.4000000e+02   4.0000000e-02   3.0000000e-02   1.0000000e-09
   5.0000000e+02   1.4000000e+02   4.0000000e-02   3.0000000e-02   1.0000000e-09
   5.0000000e+02   1.4000000e+02   4.0000000e-02   3.0000000e-02   1.0000000e-09
   5.0000000e+02   1.4000000e+02   4.0000000e-02   3.0000000e-02   1.0000000e-09
   5.0000000e+02   1.4000000e+02   4.0000000e-02   3.0000000e-02   1.0000000e-09
   5.0000000e+02   1.4000000e+02   4.0000000e-02   3.0000000e-02   1.0000000e-09
   5.0000000e+02   1.4000000e+02   4.0000000e-02   3.0000000e-02   1.0000000e-09
   5.0000000e+02   1.4000000e+02   4.0000000e-02   3.0000000e-02   1.0000000e-09
   5.0000000e+02   1.4000000e+02   4.0000000e-02   3.0000000e-02   1.0000000e-09
   5.0000000e+02   1.4000000e+02   4.0000000e-02   3.0000000e-02   1.0000000e-09
   5.0000000e+02   1.4000000e+02   4.0000000e-02   3.0000000e-02   1.0000000e-09
   5.0000000e+02   1.4000000e+02   4.0000000e-02   3.0000000e-02   1.0000000e-09
   5.0000000e+02   1.4000000e+02   4.0000000e-02   3.0000000e-02   1.0000000e-09
   5.0000000e+02   1.4000000e+02   4.0000000e-02   3.0000000e-02   1.0000000e-09
   5.0000000e+02   1.4000000e+02   4.0000000e-02   3.0000000e-02   1.0000000e-09
   5.0000000e+02   1.4000000e+02   4.0000000e-02   3.0000000e-02   1.0000000e-09
   5.0000000e+02   1.4000000e+02   4.0000000e-02   3.0000000e-02   1.0000000e-09
   5.0000000e+02   1.4000000e+02   4.0000000e-02   3.0000000e-02   1.0000000e-09
   5.0000000e+02   1.4000000e+02   4.0000000e-02   3.0000000e-02   1.0000000e-09
   5.0000000e+02   1.4000000e+02   4.0000000e-02   3.0000000e-02   1.0000000e-09
   5.0000000e+02   1.4000000e+02   4.0000000e-02   3.0000000e-02   1.0000000e-09
   5.0000000e+02   1.4000000e+02   4.0000000e-02   3.0000000e-02   1.0000000e-09
   5.0000000e+02   1.4000000e+02   4.0000000e-02   3.0000000e-02   1.0000000e-09
   5.0000000e+02   1.4000000e+02   4.0000000e-02   3.0000000e-02   1.0000000e-09
   5.0000000e+02   1.4000000e+02   4.0000000e-02   3.0000000e-02   1.0000000e-09
   5.0000000e+02   1.4000000e+02   4.0000000e-02   3.0000000e-02   1.0000000e-09
   5.0000000e+02   1.4000000e+02   4.0000000e-02   3.0000000e-02   1.0000000e-09
   5.0000000e+02   1.4000000e+02   4.0000000e-02   3.0000000e-02   1.0000000e-09
   5.0000000e+02   1.4000000e+02   4.0000000e-02   3.0000000e-02   1.0000000e-09
   5.0000000e+02   1.4000000e+02   4.0000000e-02   3.0000000e-02   1.0000000e-09
   5.0000000e+02   1.4000000e+02   4.0000000e-02   3.0000000e-02   1.0000000e-09
   5.0000000e+02   1.4000000e+02   4.0000000e-02   3.0000000e-02   1.0000000e-09
   5.0000000e+02   1.4000000e+02   4.0000000e-02   3.0000000e-02   1.0000000e-09
   5.0000000e+02   1.4000000e+02   4.0000000e-02   3.0000000e-02   1.0000000e-09
   5.0000000e+02   1.4000000e+02   4.0000000e-02   3.0000000e-02   1.0000000e-09
   5.0000000e+02   1.4000000e+02   4.0000000e-02   3.0000000e-02   1.0000000e-09
   5.0000000e+02   1.4000000e+02   4.0000000e-02   3.0000000e-02   1.0000000e-09
   5.0000000e+02   1.4000000e+02   4.0000000e-02   3.0000000e-02   1.0000000e-09
   5.0000000e+02   1.4000000e+02   4.0000000e-02   3.0000000e-02   1.0000000e-09
   5.0000000e+02   1.4000000e+02   4.0000000e-02   3.0000000e-02   1.0000000e-09
   5.0000000e+02   1.4000000e+02   4.0000000e-02   3.0000000e-02   1.0000000e-09
   5.0000000e+02   1.4000000e+02   4.0000000e-02   3.0000000e-02   1.0000000e-09
   5.0000000e+02   1.4000000e+02   4.0000000e-02   3.0000000e-02   1.0000000e-09
   5.0000000e+02   1.4000000e+02   4.0000000e-02   3.0000000e-02   1.0000000e-09
   5.0000000e+02   1.4000000e+02   4.0000000e-02   3.0000000e-02   1.0000000e-09
   5.0000000e+02   1.4000000e+02   4.0000000e-02   3.0000000e-02   1.0000000e-09
   5.0000000e+02   1.4000000e+02   4.0000000e-02   3.0000000e-02   1.0000000e-09
   5.0000000e+02   1.4000000e+02   4.0000000e-02   3.0000000e-02   1.0000000e-09
   5.0000000e+02   1.4000000e+02   4.0000000e-02   3.0000000e-02   1.0000000e-09
   5.0000000e+02   1.4000000e+02   4.0000000e-02   3.0000000e-02   1.0000000e-09
   5.0000000e+02   1.4000000e+02   4.0000000e-02   3.0000000e-02   1.0000000e-09
   5.0000000e+02   1.4000000e+02   4.0000000e-02   3.0000000e-02   1.0000000e-09
   5.0000000e+02   1.4000000e+02   4.0000000e-02   3.0000000e-02   1.0000000e-09
   5.0000000e+02   1.4000000e+02   4.0000000e-02   3.0000000e-02   1.0000000e-09
   5.0000000e+02   1.4000000e+02   4.0000000e-02   3.0000000e-02   1.0000000e-09
   5.0000000e+02   1.4000000e+02   4.0000000e-02   3.0000000e-02   1.0000000e-09
   5.0000000e+02   1.4000000e+02   4.0000000e-02   3.0000000e-02   1.0000000e-09
   5.0000000e+02   1.4000000e+02   4.0000000e-02   3.0000000e-02   1.0000000e-09
   5.0000000e+02   1.4000000e+02   4.0000000e-02   3.0000000e-02   1.0000000e-09
   5.0000000e+02   1.4000000e+02   4.0000000e-02   3.0000000e-02   1.0000000e-09
   5.0000000e+02   1.4000000e+02   4.0000000e-02   3.0000000e-02   1.0000000e-09
   5.0000000e+02   1.4000000e+02   4.0000000e-02   3.0000000e-02   1.0000000e-09
   5.0000000e+02   1.4000000e+02   4.0000000e-02   3.0000000e-02   1.0000000e-09
   5.0000000e+02   1.4000000e+02   4.0000000e-02   3.0000000e-02   1.0000000e-09
   5.0000000e+02   1.4000000e+02   4.0000000e-02   3.0000000e-02   1.0000000e-09
   5.0000000e+02   1.4000000e+02   4.0000000e-02   3.0000000e-02   1.0000000e-09
   5.0000000e+02   1.4000000e+02   4.0000000e-02   3.0000000e-02   1.0000000e-09
   5.0000000e+02   1.4000000e+02   4.0000000e-02   3.0000000e-02   1.0000000e-09
   5.0000000e+02   1.4000000e+02   4.0000000e-02   3.0000000e-02   1.0000000e-09
   5.0000000e+02   1.4000000e+02   4.0000000e-02   3.0000000e-02   1.0000000e-09
   5.0000000e+02   1.4000000e+02   4.0000000e-02   3.0000000e-02   1.0000000e-09
   5.0000000e+02   1.4000000e+02   4.0000000e-02   3.0000000e-02   1.0000000e-09
   5.0000000e+02   1.4000000e+02   4.0000000e-02   3.0000000e-02   1.0000000e-09
   5.0000000e+02   1.4000000e+02   4.0000000e-02   3.0000000e-02   1.0000000e-09
   5.0000000e+02   1.4000000e+02   4.0000000e-02   3.0000000e-02   1.0000000e-09
   5.0000000e+02   1.4000000e+02   4.0000000e-02   3.0000000e-02   1.0000000e-09
   5.0000000e+02   1.4000000e+02   4.0000000e-02   3.0000000e-02   1.0000000e-09
   5.0000000e+02   1.4000000e+02   4.0000000e-02   3.0000000e-02   1.0000000e-09
   5.0000000e+02   1.4000000e+02   4.0000000e-02   3.0000000e-02   1.0000000e-09
   5.0000000e+02   1.4000000e+02   4.0000000e-02   3.0000000e-02   1.0000000e-09
   5.0000000e+02   1.4000000e+02   4.0000000e-02   3.0000000e-02   1.0000000e-09
   5.0000000e+02   1.4000000e+02   4.0000000e-02   3.0000000e-02   1.0000000e-09
   5.0000000e+02   1.4000000e+02   4.0000000e-02   3.0000000e-02   1.0000000e-09
   5.0000000e+02   1.4000000e+02   4.0000000e-02   3.0000000e-02   1.0000000e-09
   5.0000000e+02   1.4000000e+02   4.0000000e-02   3.0000000e-02   1.0000000e-09
   5.0000000e+02   1.4000000e+02   4.0000000e-02   3.0000000e-02   1.0000000e-09
   5.0000000e+02   1.4000000e+02   4.0000000e-02   3.0000000e-02   1.0000000e-09
   5.0000000e+02   1.4000000e+02   4.0000000e-02   3.0000000e-02   1.0000000e-09
   5.0000000e+02   1.4000000e+02   4.0000000e-02   3.0000000e-02   1.0000000e-09
   5.0000000e+02   1.4000000e+02   4.0000000e-02   3.0000000e-02   1.0000000e-09
   5.0000000e+02   1.4000000e+02   4.0000000e-02   3.0000000e-02   1.0000000e-09
   5.0000000e+02   1.4000000e+02   4.0000000e-02   3.0000000e-02   1.0000000e-09
   5.0000000e+02   1.4000000e+02   4.0000000e-02   3.0000000e-02   1.0000000e-09
   5.0000000e+02   1.4000000e+02   4.0000000e-02   3.0000000e-02   1.0000000e-09
   5.0000000e+02   1.4000000e+02   4.0000000e-02   3.0000000e-02   1.0000000e-09
   5.0000000e+02   1.4000000e+02   4.0000000e-02   3.0000000e-02   1.0000000e-09
   5.0000000e+02   1.4000000e+02   4.0000000e-02   3.0000000e-02   1.0000000e-09
   5.0000000e+02   1.4000000e+02   4.0000000e-02   3.0000000e-02   1.0000000e-09
   5.0000000e+02   1.4000000e+02   4.0000000e-02   3.0000000e-02   1.0000000e-09
   5.0000000e+02   1.4000000e+02   4.0000000e-02   3.0000000e-02   1.0000000e-09
   5.0000000e+02   1.4000000e+02   4.0000000e-02   3.0000000e-02   1.0000000e-09
   5.0000000e+02   1.4000000e+02   4.0000000e-02   3.0000000e-02   1.0000000e-09
   5.0000000e+02   1.4000000e+02   4.0000000e-02   3.0000000e-02   1.0000000e-09
   5.0000000e+02   1.4000000e+02   4.0000000e-02   3.0000000e-02   1.0000000e-09
   5.0000000e+02   1.4000000e+02   4.0000000e-02   3.0000000e-02   1.0000000e-09
   5.0000000e+02   1.4000000e+02   4.0000000e-02   3.0000000e-02   1.0000000e-09
   5.0000000e+02   1.4000000e+02   4.0000000e-02   3.0000000e-02   1.0000000e-09
   5.0000000e+02   1.4000000e+02   4.0000000e-02   3.0000000e-02   1.0000000e-09
   5.0000000e+02   1.4000000e+02   4.0000000e-02   3.0000000e-02   1.0000000e-09
   5.0000000e+02   1.4000000e+02   4.0000000e-02   3.0000000e-02   1.0000000e-09
   5.0000000e+02   1.4000000e+02   4.0000000e-02   3.0000000e-02   1.0000000e-09
   5.0000000e+02   1.4000000e+02   4.0000000e-02   3.0000000e-02   1.0000000e-09
   5.0000000e+02   1.4000000e+02   4.0000000e-02   3.0000000e-02   1.0000000e-09
   5.0000000e+02   1.4000000e+02   4.0000000e-02   3.0000000e-02   1.0000000e-09
   5.0000000e+02   1.4000000e+02   4.0000000e-02   3.0000000e-02   1.0000000e-09
   5.0000000e+02   1.4000000e+02   4.0000000e-02   3.0000000e-02   1.0000000e-09
   5.0000000e+02   1.4000000e+02   4.0000000e-02   3.0000000e-02   1.0000000e-09
   5.0000000e+02   1.4000000e+02   4.0000000e-02   3.0000000e-02   1.0000000e-09
   5.0000000e+02   1.4000000e+02   4.0000000e-02   3.0000000e-02   1.0000000e-09
   5.0000000e+02   1.4000000e+02   4.0000000e-02   3.0000000e-02   1.0000000e-09
   5.0000000e+02   1.4000000e+02   4.0000000e-02   3.0000000e-02   1.0000000e-09
   5.0000000e+02   1.4000000e+02   4.0000000e-02   3.0000000e-02   1.0000000e-09
   5.0000000e+02   1.4000000e+02   4.0000000e-02   3.0000000e-02   1.0000000e-09
   5.0000000e+02   1.4000000e+02   4.0000000e-02   3.0000000e-02   1.0000000e-09
   5.0000000e+02   1.4000000e+02   4.0000000e-02   3.0000000e-02   1.0000000e-09
   5.0000000e+02   1.4000000e+02   4.0000000e-03   3.0000000e-02   1.0000000e-09
   5.0000000e+02   1.4000000e+02   4.0000000e-02   3.0000000e-02   1.0000000e-09
   5.0000000e+02   1.4000000e+02   4.0000000e-02   3.0000000e-02   1.0000000e-09
   5.0000000e+02   1.4000000e+02   4.0000000e-02   3.0000000e-02   1.0000000e-09
   5.0000000e+02   1.4000000e+02   4.0000000e-02   3.0000000e-02   1.0000000e-09
   5.0000000e+02   1.4000000e+02   4.0000000e-02   3.0000000e-02   1.0000000e-09
   5.0000000e+02   1.4000000e+02   4.0000000e-02   3.0000000e-02   1.0000000e-09
   5.0000000e+02   1.4000000e+02   4.0000000e-02   3.0000000e-02   1.0000000e-09
   5.0000000e+02   1.4000000e+02   4.0000000e-02   3.0000000e-02   1.0000000e-09
   5.0000000e+02   1.4000000e+02   4.0000000e-02   3.0000000e-02   1.0000000e-09
   5.0000000e+02   1.4000000e+02   4.0000000e-02   3.0000000e-02   1.0000000e-09
   5.0000000e+02   1.4000000e+02   4.0000000e-02   3.0000000e-02   1.0000000e-09
   5.0000000e+02   1.4000000e+02   4.0000000e-02   3.0000000e-02   1.0000000e-09
   5.0000000e+02   1.4000000e+02   4.0000000e-02   3.0000000e-02   1.0000000e-09
   5.0000000e+02   1.4000000e+02   4.0000000e-02   3.0000000e-02   1.0000000e-09
   5.0000000e+02   1.4000000e+02   4.0000000e-02   3.0000000e-02   1.0000000e-09
   5.0000000e+02   1.4000000e+02   4.0000000e-02   3.0000000e-02   1.0000000e-09
   5.0000000e+02   1.4000000e+02   4.0000000e-02   3.0000000e-02   1.0000000e-09
   5.0000000e+02   1.4000000e+02   4.0000000e-02   3.0000000e-02   1.0000000e-09
   5.0000000e+02   1.4000000e+02   4.0000000e-02   3.0000000e-02   1.0000000e-09
   5.0000000e+02   1.4000000e+02   4.0000000e-02   3.0000000e-02   1.0000000e-09
   5.0000000e+02   1.4000000e+02   4.0000000e-02   3.0000000e-02   1.0000000e-09
   5.0000000e+02   1.4000000e+02   4.0000000e-02   3.0000000e-02   1.0000000e-09
   5.0000000e+02   1.4000000e+02   4.0000000e-02   3.0000000e-02   1.0000000e-09
   5.0000000e+02   1.4000000e+02   4.0000000e-02   3.0000000e-02   1.0000000e-09
   5.0000000e+02   1.4000000e+02   4.0000000e-02   3.0000000e-02   1.0000000e-09
   5.0000000e+02   1.4000000e+02   4.0000000e-02   3.0000000e-02   1.0000000e-09
   5.0000000e+02   1.4000000e+02   4.0000000e-02   3.0000000e-02   1.0000000e-09
   5.0000000e+02   1.4000000e+02   4.0000000e-02   3.0000000e-02   1.0000000e-09
   5.0000000e+02   1.4000000e+02   4.0000000e-02   3.0000000e-02   1.0000000e-09
   5.0000000e+02   1.4000000e+02   4.0000000e-02   3.0000000e-02   1.0000000e-09
   5.0000000e+02   1.4000000e+02   4.0000000e-02   3.0000000e-02   1.0000000e-09
   5.0000000e+02   1.4000000e+02   4.0000000e-02   3.0000000e-02   1.0000000e-09
   5.0000000e+02   1.4000000e+02   4.0000000e-02   3.0000000e-02   1.0000000e-09
   5.0000000e+02   1.4000000e+02   4.0000000e-02   3.0000000e-02   1.0000000e-09
   5.0000000e+02   1.4000000e+02   4.0000000e-03   3.0000000e-02   1.0000000e-09
   5.0000000e+02   1.4000000e+02   4.0000000e-02   3.0000000e-02   1.0000000e-09
   5.0000000e+02   1.4000000e+02   2.1968380e-02   3.0000000e-02   1.0000000e-09
   5.0000000e+02   1.4000000e+02   4.0000000e-02   3.0000000e-02   1.0000000e-09
   5.0000000e+02   1.4000000e+02   4.0000000e-02   3.0000000e-02   1.0000000e-09
   5.0000000e+02   1.4000000e+02   4.0000000e-02   3.0000000e-02   1.0000000e-09
   5.0000000e+02   1.4000000e+02   4.0000000e-02   3.0000000e-02   1.0000000e-09
   5.0000000e+02   1.4000000e+02   4.0000000e-02   3.0000000e-02   1.0000000e-09
   5.0000000e+02   1.4000000e+02   4.0000000e-02   3.0000000e-02   1.0000000e-09
   5.0000000e+02   1.4000000e+02   4.0000000e-02   3.0000000e-02   1.0000000e-09
   5.0000000e+02   1.4000000e+02   4.0000000e-02   3.0000000e-02   1.0000000e-09
   5.0000000e+02   1.4000000e+02   4.0000000e-02   3.0000000e-02   1.0000000e-09
   5.0000000e+02   1.4000000e+02   4.0000000e-02   3.0000000e-02   1.0000000e-09
   5.0000000e+02   1.4000000e+02   3.9912940e-02   3.0000000e-02   1.0000000e-09
   5.0000000e+02   1.4000000e+02   4.0000000e-02   3.0000000e-02   1.0000000e-09
   5.0000000e+02   1.4000000e+02   4.0000000e-02   3.0000000e-02   1.0000000e-09
   5.0000000e+02   1.4000000e+02   2.1820600e-02   3.0000000e-02   1.0000000e-09
   5.0000000e+02   1.4000000e+02   4.0000000e-03   3.0000000e-02   1.0000000e-09
   5.0000000e+02   1.4000000e+02   4.0000000e-02   3.0000000e-02   1.0000000e-09
   5.0000000e+02   1.4000000e+02   4.0000000e-03   3.0000000e-02   1.0000000e-09
   5.0000000e+02   1.4000000e+02   4.0000000e-03   3.0000000e-02   1.0000000e-09
   5.0000000e+02   1.4000000e+02   2.1860320e-02   3.0000000e-02   1.0000000e-09
   5.0000000e+02   1.4000000e+02   4.0000000e-03   3.0000000e-02   1.0000000e-09
   5.0000000e+02   1.4000000e+02   4.0000000e-02   3.0000000e-02   1.0000000e-09
   5.0000000e+02   1.4000000e+02   4.0000000e-03   3.0000000e-02   1.0000000e-09
   5.0000000e+02   1.4000000e+02   4.0000000e-02   3.0000000e-02   1.0000000e-09
   5.0000000e+02   1.4000000e+02   4.0000000e-03   3.0000000e-02   1.0000000e-09
   5.0000000e+02   1.4000000e+02   4.0000000e-02   3.0000000e-02   1.0000000e-09
   5.0000000e+02   1.4000000e+02   4.0000000e-03   3.0000000e-02   1.0000000e-09
   5.0000000e+02   1.4000000e+02   4.0000000e-03   3.0000000e-02   1.0000000e-09
   5.0000000e+02   1.4000000e+02   4.0000000e-03   3.0000000e-02   1.0000000e-09
   5.0000000e+02   1.4000000e+02   4.0000000e-03   3.0000000e-02   1.0000000e-09
   5.0000000e+02   1.4000000e+02   4.0000000e-03   3.0000000e-02   1.0000000e-09
   5.0000000e+02   1.4000000e+02   4.0000000e-03   3.0000000e-02   1.0000000e-09
   5.0000000e+02   1.4000000e+02   4.0000000e-03   3.0000000e-02   1.0000000e-09
   5.0000000e+02   1.4000000e+02   4.0000000e-03   3.0000000e-02   1.0000000e-09
   5.0000000e+02   1.4000000e+02   4.0000000e-03   3.0000000e-02   1.0000000e-09
   5.0000000e+02   1.4000000e+02   4.0000000e-03   3.0000000e-02   1.0000000e-09
   5.0000000e+02   1.4000000e+02   4.0000000e-03   3.0000000e-02   1.0000000e-09
   5.0000000e+02   1.4000000e+02   4.0000000e-03   3.0000000e-02   1.0000000e-09
   5.0000000e+02   1.4000000e+02   4.0000000e-03   3.0000000e-02   1.0000000e-09
   5.0000000e+02   1.4000000e+02   4.0000000e-03   3.0000000e-02   1.0000000e-09
   5.0000000e+02   1.4000000e+02   4.0000000e-03   3.0000000e-02   1.0000000e-09
   5.0000000e+02   1.4000000e+02   4.0000000e-03   3.0000000e-02   1.0000000e-09
   5.0000000e+02   1.4000000e+02   4.0000000e-03   3.0000000e-02   1.0000000e-09
   5.0000000e+02   1.4000000e+02   4.0000000e-03   3.0000000e-02   1.0000000e-09
   5.0000000e+02   1.4000000e+02   4.0000000e-03   3.0000000e-02   1.0000000e-09
   5.0000000e+02   1.4000000e+02   4.0000000e-03   3.0000000e-02   1.0000000e-09
   5.0000000e+02   1.4000000e+02   4.0000000e-03   3.0000000e-02   1.0000000e-09
   5.0000000e+02   1.4000000e+02   4.0000000e-03   3.0000000e-02   1.0000000e-09
   5.0000000e+02   1.4000000e+02   4.0000000e-03   3.0000000e-02   1.0000000e-09
   5.0000000e+02   1.4000000e+02   4.0000000e-03   3.0000000e-02   1.0000000e-09
   5.0000000e+02   1.4000000e+02   4.0000000e-03   3.0000000e-02   1.0000000e-09
   5.0000000e+02   1.4000000e+02   4.0000000e-03   3.0000000e-02   1.0000000e-09
   5.0000000e+02   1.4000000e+02   4.0000000e-03   3.0000000e-02   1.0000000e-09
   5.0000000e+02   1.4000000e+02   4.0000000e-03   3.0000000e-02   1.0000000e-09
   5.0000000e+02   1.4000000e+02   4.0000000e-03   3.0000000e-02   1.0000000e-09
   5.0000000e+02   1.4000000e+02   4.0000000e-03   3.0000000e-02   1.0000000e-09
   5.0000000e+02   1.4000000e+02   4.0000000e-03   3.0000000e-02   1.0000000e-09
   5.0000000e+02   1.4000000e+02   4.0000000e-03   3.0000000e-02   1.0000000e-09
   5.0000000e+02   1.4000000e+02   4.0000000e-03   3.0000000e-02   1.0000000e-09
   5.0000000e+02   1.4000000e+02   4.0000000e-03   3.0000000e-02   1.0000000e-09
   5.0000000e+02   1.4000000e+02   4.0000000e-03   3.0000000e-02   1.0000000e-09
   5.0000000e+02   1.4000000e+02   4.0000000e-03   3.0000000e-02   1.0000000e-09
   5.0000000e+02   1.4000000e+02   4.0000000e-03   3.0000000e-02   1.0000000e-09
   5.0000000e+02   1.4000000e+02   4.0000000e-03   3.0000000e-02   1.0000000e-09
   5.0000000e+02   1.4000000e+02   4.0000000e-03   3.0000000e-02   1.0000000e-09
   5.0000000e+02   1.4000000e+02   4.0000000e-03   3.0000000e-02   1.0000000e-09
   5.0000000e+02   1.4000000e+02   4.0000000e-03   3.0000000e-02   1.0000000e-09
   5.0000000e+02   1.4000000e+02   4.0000000e-03   3.0000000e-02   1.0000000e-09
   5.0000000e+02   1.4000000e+02   4.0000000e-03   3.0000000e-02   1.0000000e-09
   5.0000000e+02   1.4000000e+02   4.0000000e-03   3.0000000e-02   1.0000000e-09
   5.0000000e+02   1.4000000e+02   4.0000000e-03   3.0000000e-02   1.0000000e-09
   5.0000000e+02   1.4000000e+02   4.0000000e-03   3.0000000e-02   1.0000000e-09
   5.0000000e+02   1.4000000e+02   4.0000000e-03   3.0000000e-02   1.0000000e-09
   5.0000000e+02   1.4000000e+02   4.0000000e-03   3.0000000e-02   1.0000000e-09
   5.0000000e+02   1.4000000e+02   4.0000000e-03   3.0000000e-02   1.0000000e-09
   5.0000000e+02   1.4000000e+02   4.0000000e-03   3.0000000e-02   1.0000000e-09
   5.0000000e+02   1.4000000e+02   4.0000000e-03   3.0000000e-02   1.0000000e-09
   5.0000000e+02   1.4000000e+02   4.0000000e-03   3.0000000e-02   1.0000000e-09
   5.0000000e+02   1.4000000e+02   4.0000000e-03   3.0000000e-02   1.0000000e-09
   5.0000000e+02   1.4000000e+02   4.0000000e-03   3.0000000e-02   1.0000000e-09
   5.0000000e+02   1.4000000e+02   4.0000000e-03   3.0000000e-02   1.0000000e-09
   5.0000000e+02   1.4000000e+02   4.0000000e-03   3.0000000e-02   1.0000000e-09
   5.0000000e+02   1.4000000e+02   4.0000000e-03   3.0000000e-02   1.0000000e-09
   5.0000000e+02   1.4000000e+02   4.0000000e-03   3.0000000e-02   1.0000000e-09
   5.0000000e+02   1.4000000e+02   4.0000000e-03   3.0000000e-02   1.0000000e-09
   5.0000000e+02   1.4000000e+02   4.0000000e-03   3.0000000e-02   1.0000000e-09
   5.0000000e+02   1.4000000e+02   4.0000000e-03   3.0000000e-02   1.0000000e-09
   5.0000000e+02   1.4000000e+02   4.0000000e-03   3.0000000e-02   1.0000000e-09
   5.0000000e+02   1.4000000e+02   4.0000000e-03   3.0000000e-02   1.0000000e-09
   5.0000000e+02   1.4000000e+02   4.0000000e-03   3.0000000e-02   1.0000000e-09
   5.0000000e+02   1.4000000e+02   4.0000000e-03   3.0000000e-02   1.0000000e-09
   5.0000000e+02   1.4000000e+02   4.0000000e-03   3.0000000e-02   1.0000000e-09
   5.0000000e+02   1.4000000e+02   4.0000000e-03   3.0000000e-02   1.0000000e-09
   5.0000000e+02   1.4000000e+02   4.0000000e-03   3.0000000e-02   1.0000000e-09
   5.0000000e+02   1.4000000e+02   4.0000000e-03   3.0000000e-02   1.0000000e-09
   5.0000000e+02   1.4000000e+02   4.0000000e-03   3.0000000e-02   1.0000000e-09
   5.0000000e+02   1.4000000e+02   4.0000000e-03   3.0000000e-02   1.0000000e-09
   5.0000000e+02   1.4000000e+02   4.0000000e-03   3.0000000e-02   1.0000000e-09
   5.0000000e+02   1.4000000e+02   4.0000000e-03   3.0000000e-02   1.0000000e-09
   5.0000000e+02   1.4000000e+02   4.0000000e-03   3.0000000e-02   1.0000000e-09
   5.0000000e+02   1.4000000e+02   4.0000000e-03   3.0000000e-02   1.0000000e-09
   5.0000000e+02   1.4000000e+02   4.0000000e-03   3.0000000e-02   1.0000000e-09
   5.0000000e+02   1.4000000e+02   4.0000000e-03   3.0000000e-02   1.0000000e-09
   5.0000000e+02   1.4000000e+02   4.0000000e-03   3.0000000e-02   1.0000000e-09
   5.0000000e+02   1.4000000e+02   4.0000000e-03   3.0000000e-02   1.0000000e-09
   5.0000000e+02   1.4000000e+02   4.0000000e-03   3.0000000e-02   1.0000000e-09
   5.0000000e+02   1.4000000e+02   4.0000000e-03   3.0000000e-02   1.0000000e-09
   5.0000000e+02   1.4000000e+02   4.0000000e-03   3.0000000e-02   1.0000000e-09
   5.0000000e+02   1.4000000e+02   4.0000000e-03   3.0000000e-02   1.0000000e-09
   5.0000000e+02   1.4000000e+02   4.0000000e-03   3.0000000e-02   1.0000000e-09
   5.0000000e+02   1.4000000e+02   4.0000000e-03   3.0000000e-02   1.0000000e-09
   5.0000000e+02   1.4000000e+02   4.0000000e-03   3.0000000e-02   1.0000000e-09
   5.0000000e+02   1.3000000e+02   4.0000000e-03   3.0000000e-02   3.0000000e-02
   5.0000000e+02   1.4000000e+02   4.0000000e-03   3.0000000e-02   1.0000000e-09
   5.0000000e+02   1.3000000e+02   4.0000000e-03   3.0000000e-02   3.0000000e-02
   5.0000000e+02   1.4000000e+02   4.0000000e-03   3.0000000e-02   1.0000000e-09
   5.0000000e+02   1.3000000e+02   4.0000000e-03   3.0000000e-02   3.0000000e-02
   5.0000000e+02   1.4000000e+02   4.0000000e-03   3.0000000e-02   1.0000000e-09
   5.0000000e+02   1.3000000e+02   4.0000000e-03   3.0000000e-02   3.0000000e-02
   5.0000000e+02   1.3000000e+02   4.0000000e-03   3.0000000e-02   3.0000000e-02
   5.0000000e+02   1.3000000e+02   4.0000000e-03   3.0000000e-02   3.0000000e-02
   5.0000000e+02   1.3000000e+02   4.0000000e-03   3.0000000e-02   3.0000000e-02
   5.0000000e+02   1.3000000e+02   4.0000000e-03   3.0000000e-02   3.0000000e-02
   5.0000000e+02   1.3000000e+02   4.0000000e-03   3.0000000e-02   3.0000000e-02
   5.0000000e+02   1.3000000e+02   4.0000000e-03   3.0000000e-02   3.0000000e-02
   5.0000000e+02   1.3000000e+02   4.0000000e-03   3.0000000e-02   3.0000000e-02
   5.0000000e+02   1.3000000e+02   4.0000000e-03   3.0000000e-02   3.0000000e-02
   5.0000000e+02   1.3000000e+02   4.0000000e-03   3.0000000e-02   3.0000000e-02
   5.0000000e+02   1.3000000e+02   4.0000000e-03   3.0000000e-02   3.0000000e-02
   5.0000000e+02   1.3000000e+02   4.0000000e-03   3.0000000e-02   3.0000000e-02
   5.0000000e+02   1.3000000e+02   4.0000000e-03   3.0000000e-02   3.0000000e-02
   5.0000000e+02   1.4000000e+02   4.0000000e-02   3.0000000e-02   1.0000000e-09
   5.0000000e+02   1.3000000e+02   4.0000000e-03   3.0000000e-02   3.0000000e-02
   5.0000000e+02   1.4000000e+02   4.0000000e-02   3.0000000e-02   1.0000000e-09
   5.0000000e+02   1.3000000e+02   4.0000000e-03   3.0000000e-02   3.0000000e-02
   5.0000000e+02   1.4000000e+02   2.1993940e-02   3.0000000e-02   1.0000000e-09
   5.0000000e+02   1.3000000e+02   4.0000000e-03   3.0000000e-02   3.0000000e-02
   5.0000000e+02   1.3000000e+02   4.0000000e-03   3.0000000e-02   3.0000000e-02
   5.0000000e+02   1.4000000e+02   4.0000000e-02   3.0000000e-02   1.0000000e-09
   5.0000000e+02   1.3000000e+02   4.0000000e-03   3.0000000e-02   3.0000000e-02
   5.0000000e+02   1.4000000e+02   4.0000000e-02   3.0000000e-02   1.0000000e-09
   5.0000000e+02   1.4000000e+02   4.0000000e-02   3.0000000e-02   1.0000000e-09
   5.0000000e+02   1.4000000e+02   4.0000000e-02   3.0000000e-02   1.0000000e-09
   5.0000000e+02   1.4000000e+02   2.1919600e-02   3.0000000e-02   1.0000000e-09
   5.0000000e+02   1.4000000e+02   4.0000000e-02   3.0000000e-02   1.0000000e-09
   5.0000000e+02   1.4000000e+02   4.0000000e-02   3.0000000e-02   1.0000000e-09
   5.0000000e+02   1.4000000e+02   4.0000000e-02   3.0000000e-02   1.0000000e-09
   5.0000000e+02   1.4000000e+02   4.0000000e-02   3.0000000e-02   1.0000000e-09
   5.0000000e+02   1.4000000e+02   4.0000000e-02   3.0000000e-02   1.0000000e-09
   5.0000000e+02   1.4000000e+02   4.0000000e-02   3.0000000e-02   1.0000000e-09
   5.0000000e+02   1.4000000e+02   4.0000000e-02   3.0000000e-02   1.0000000e-09
   5.0000000e+02   1.4000000e+02   4.0000000e-02   3.0000000e-02   1.0000000e-09
   5.0000000e+02   1.4000000e+02   4.0000000e-02   3.0000000e-02   1.0000000e-09
   5.0000000e+02   1.4000000e+02   4.0000000e-02   3.0000000e-02   1.0000000e-09
   5.0000000e+02   1.4000000e+02   4.0000000e-02   3.0000000e-02   1.0000000e-09
   5.0000000e+02   1.4000000e+02   4.0000000e-02   3.0000000e-02   1.0000000e-09
   5.0000000e+02   1.4000000e+02   4.0000000e-02   3.0000000e-02   1.0000000e-09
   5.0000000e+02   1.4000000e+02   4.0000000e-02   3.0000000e-02   1.0000000e-09
   5.0000000e+02   1.4000000e+02   4.0000000e-02   3.0000000e-02   1.0000000e-09
   5.0000000e+02   1.4000000e+02   4.0000000e-02   3.0000000e-02   1.0000000e-09
   5.0000000e+02   1.4000000e+02   4.0000000e-02   3.0000000e-02   1.0000000e-09
   5.0000000e+02   1.4000000e+02   4.0000000e-02   3.0000000e-02   1.0000000e-09
   5.0000000e+02   1.4000000e+02   4.0000000e-02   3.0000000e-02   1.0000000e-09
   5.0000000e+02   1.4000000e+02   4.0000000e-02   3.0000000e-02   1.0000000e-09
   5.0000000e+02   1.4000000e+02   4.0000000e-02   3.0000000e-02   1.0000000e-09
   5.0000000e+02   1.4000000e+02   4.0000000e-02   3.0000000e-02   1.0000000e-09
   5.0000000e+02   1.4000000e+02   4.0000000e-02   3.0000000e-02   1.0000000e-09
   5.0000000e+02   1.4000000e+02   4.0000000e-02   3.0000000e-02   1.0000000e-09
   5.0000000e+02   1.4000000e+02   4.0000000e-02   3.0000000e-02   1.0000000e-09
   5.0000000e+02   1.4000000e+02   4.0000000e-02   3.0000000e-02   1.0000000e-09
   5.0000000e+02   1.4000000e+02   4.0000000e-02   3.0000000e-02   1.0000000e-09
   5.0000000e+02   1.4000000e+02   4.0000000e-02   3.0000000e-02   1.0000000e-09
   5.0000000e+02   1.4000000e+02   4.0000000e-02   3.0000000e-02   1.0000000e-09
   5.0000000e+02   1.4000000e+02   4.0000000e-02   3.0000000e-02   1.0000000e-09
   5.0000000e+02   1.4000000e+02   4.0000000e-02   3.0000000e-02   1.0000000e-09
   5.0000000e+02   1.4000000e+02   4.0000000e-02   3.0000000e-02   1.0000000e-09
   5.0000000e+02   1.4000000e+02   4.0000000e-02   3.0000000e-02   1.0000000e-09
   5.0000000e+02   1.4000000e+02   4.0000000e-02   3.0000000e-02   1.0000000e-09
   5.0000000e+02   1.4000000e+02   4.0000000e-02   3.0000000e-02   1.0000000e-09
   5.0000000e+02   1.4000000e+02   4.0000000e-02   3.0000000e-02   1.0000000e-09
   5.0000000e+02   1.4000000e+02   4.0000000e-02   3.0000000e-02   1.0000000e-09
   5.0000000e+02   1.4000000e+02   4.0000000e-02   3.0000000e-02   1.0000000e-09
   5.0000000e+02   1.4000000e+02   4.0000000e-02   3.0000000e-02   1.0000000e-09
   5.0000000e+02   1.3000000e+02   4.0000000e-03   3.0000000e-02   3.0000000e-02
   5.0000000e+02   1.4000000e+02   4.0000000e-02   3.0000000e-02   1.0000000e-09
   5.0000000e+02   1.3000000e+02   4.0000000e-03   3.0000000e-02   3.0000000e-02
   5.0000000e+02   1.4000000e+02   4.0000000e-02   3.0000000e-02   1.0000000e-09
   5.0000000e+02   1.4000000e+02   4.0000000e-02   3.0000000e-02   1.0000000e-09
   5.0000000e+02   1.4000000e+02   4.0000000e-02   3.0000000e-02   1.0000000e-09
   5.0000000e+02   1.4000000e+02   4.0000000e-02   3.0000000e-02   1.0000000e-09
   5.0000000e+02   1.4000000e+02   4.0000000e-02   3.0000000e-02   1.0000000e-09
   5.0000000e+02   1.4000000e+02   4.0000000e-02   3.0000000e-02   1.0000000e-09
   5.0000000e+02   1.4000000e+02   4.0000000e-02   3.0000000e-02   1.0000000e-09
   5.0000000e+02   1.4000000e+02   4.0000000e-02   3.0000000e-02   1.0000000e-09
   5.0000000e+02   1.4000000e+02   4.0000000e-02   3.0000000e-02   1.0000000e-09
   5.0000000e+02   1.4000000e+02   4.0000000e-02   3.0000000e-02   1.0000000e-09
   5.0000000e+02   1.4000000e+02   4.0000000e-02   3.0000000e-02   1.0000000e-09
   5.0000000e+02   1.4000000e+02   4.0000000e-02   3.0000000e-02   1.0000000e-09
   5.0000000e+02   1.4000000e+02   4.0000000e-02   3.0000000e-02   1.0000000e-09
   5.0000000e+02   1.4000000e+02   4.0000000e-02   3.0000000e-02   1.0000000e-09
   5.0000000e+02   1.4000000e+02   4.0000000e-02   3.0000000e-02   1.0000000e-09
   5.0000000e+02   1.4000000e+02   4.0000000e-02   3.0000000e-02   1.0000000e-09
   5.0000000e+02   1.4000000e+02   4.0000000e-02   3.0000000e-02   1.0000000e-09
   5.0000000e+02   1.4000000e+02   4.0000000e-02   3.0000000e-02   1.0000000e-09
   5.0000000e+02   1.4000000e+02   4.0000000e-02   3.0000000e-02   1.0000000e-09
   5.0000000e+02   1.4000000e+02   4.0000000e-02   3.0000000e-02   1.0000000e-09
   5.0000000e+02   1.4000000e+02   4.0000000e-02   3.0000000e-02   1.0000000e-09
   5.0000000e+02   1.4000000e+02   4.0000000e-02   3.0000000e-02   1.0000000e-09
   5.0000000e+02   1.4000000e+02   4.0000000e-02   3.0000000e-02   1.0000000e-09
   5.0000000e+02   1.4000000e+02   4.0000000e-02   3.0000000e-02   1.0000000e-09
   5.0000000e+02   1.4000000e+02   4.0000000e-02   3.0000000e-02   1.0000000e-09
   5.0000000e+02   1.4000000e+02   4.0000000e-02   3.0000000e-02   1.0000000e-09
   5.0000000e+02   1.4000000e+02   4.0000000e-02   3.0000000e-02   1.0000000e-09
   5.0000000e+02   1.4000000e+02   4.0000000e-02   3.0000000e-02   1.0000000e-09
   5.0000000e+02   1.4000000e+02   4.0000000e-02   3.0000000e-02   1.0000000e-09
   5.0000000e+02   1.4000000e+02   4.0000000e-02   3.0000000e-02   1.0000000e-09
   5.0000000e+02   1.4000000e+02   4.0000000e-02   3.0000000e-02   1.0000000e-09
   5.0000000e+02   1.4000000e+02   4.0000000e-02   3.0000000e-02   1.0000000e-09
   5.0000000e+02   1.4000000e+02   4.0000000e-02   3.0000000e-02   1.0000000e-09
   5.0000000e+02   1.4000000e+02   4.0000000e-02   3.0000000e-02   1.0000000e-09
   5.0000000e+02   1.4000000e+02   4.0000000e-02   3.0000000e-02   1.0000000e-09
   5.0000000e+02   1.4000000e+02   4.0000000e-02   3.0000000e-02   1.0000000e-09
   5.0000000e+02   1.4000000e+02   4.0000000e-02   3.0000000e-02   1.0000000e-09
   5.0000000e+02   1.4000000e+02   4.0000000e-02   3.0000000e-02   1.0000000e-09
   5.0000000e+02   1.4000000e+02   4.0000000e-02   3.0000000e-02   1.0000000e-09
   5.0000000e+02   1.4000000e+02   4.0000000e-02   3.0000000e-02   1.0000000e-09
   5.0000000e+02   1.4000000e+02   4.0000000e-02   3.0000000e-02   1.0000000e-09
   5.0000000e+02   1.4000000e+02   4.0000000e-02   3.0000000e-02   1.0000000e-09
   5.0000000e+02   1.4000000e+02   4.0000000e-02   3.0000000e-02   1.0000000e-09
   5.0000000e+02   1.4000000e+02   4.0000000e-02   3.0000000e-02   1.0000000e-09
   5.0000000e+02   1.4000000e+02   4.0000000e-02   3.0000000e-02   1.0000000e-09
   5.0000000e+02   1.4000000e+02   4.0000000e-02   3.0000000e-02   1.0000000e-09
   5.0000000e+02   1.4000000e+02   4.0000000e-02   3.0000000e-02   1.0000000e-09
   5.0000000e+02   1.4000000e+02   4.0000000e-02   3.0000000e-02   1.0000000e-09
   5.0000000e+02   1.4000000e+02   4.0000000e-02   3.0000000e-02   1.0000000e-09
   5.0000000e+02   1.4000000e+02   4.0000000e-02   3.0000000e-02   1.0000000e-09
   5.0000000e+02   1.4000000e+02   4.0000000e-02   3.0000000e-02   1.0000000e-09
   5.0000000e+02   1.4000000e+02   4.0000000e-02   3.0000000e-02   1.0000000e-09
   5.0000000e+02   1.4000000e+02   4.0000000e-02   3.0000000e-02   1.0000000e-09
   5.0000000e+02   1.4000000e+02   4.0000000e-02   3.0000000e-02   1.0000000e-09
   5.0000000e+02   1.4000000e+02   4.0000000e-02   3.0000000e-02   1.0000000e-09
   5.0000000e+02   1.4000000e+02   4.0000000e-02   3.0000000e-02   1.0000000e-09
   5.0000000e+02   1.4000000e+02   4.0000000e-02   3.0000000e-02   1.0000000e-09
   5.0000000e+02   1.4000000e+02   4.0000000e-02   3.0000000e-02   1.0000000e-09
   5.0000000e+02   1.4000000e+02   4.0000000e-02   3.0000000e-02   1.0000000e-09
   5.0000000e+02   1.4000000e+02   4.0000000e-02   3.0000000e-02   1.0000000e-09
   5.0000000e+02   1.4000000e+02   4.0000000e-02   3.0000000e-02   1.0000000e-09
   5.0000000e+02   1.4000000e+02   4.0000000e-02   3.0000000e-02   1.0000000e-09
   5.0000000e+02   1.4000000e+02   4.0000000e-02   3.0000000e-02   1.0000000e-09
   5.0000000e+02   1.4000000e+02   4.0000000e-02   3.0000000e-02   1.0000000e-09
   5.0000000e+02   1.4000000e+02   4.0000000e-02   3.0000000e-02   1.0000000e-09
   5.0000000e+02   1.4000000e+02   4.0000000e-02   3.0000000e-02   1.0000000e-09
   5.0000000e+02   1.4000000e+02   4.0000000e-02   3.0000000e-02   1.0000000e-09
   5.0000000e+02   1.4000000e+02   4.0000000e-02   3.0000000e-02   1.0000000e-09
   5.0000000e+02   1.4000000e+02   4.0000000e-02   3.0000000e-02   1.0000000e-09
   5.0000000e+02   1.4000000e+02   4.0000000e-02   3.0000000e-02   1.0000000e-09
   5.0000000e+02   1.4000000e+02   4.0000000e-02   3.0000000e-02   1.0000000e-09
   5.0000000e+02   1.4000000e+02   4.0000000e-02   3.0000000e-02   1.0000000e-09
   5.0000000e+02   1.4000000e+02   4.0000000e-02   3.0000000e-02   1.0000000e-09
   5.0000000e+02   1.4000000e+02   4.0000000e-02   3.0000000e-02   1.0000000e-09
   5.0000000e+02   1.4000000e+02   4.0000000e-02   3.0000000e-02   1.0000000e-09
   5.0000000e+02   1.4000000e+02   4.0000000e-02   3.0000000e-02   1.0000000e-09
   5.0000000e+02   1.4000000e+02   4.0000000e-02   3.0000000e-02   1.0000000e-09
   5.0000000e+02   1.4000000e+02   4.0000000e-02   3.0000000e-02   1.0000000e-09
   5.0000000e+02   1.4000000e+02   4.0000000e-02   3.0000000e-02   1.0000000e-09
   5.0000000e+02   1.4000000e+02   4.0000000e-02   3.0000000e-02   1.0000000e-09
   5.0000000e+02   1.4000000e+02   4.0000000e-02   3.0000000e-02   1.0000000e-09
   5.0000000e+02   1.4000000e+02   4.0000000e-02   3.0000000e-02   1.0000000e-09
   5.0000000e+02   1.4000000e+02   4.0000000e-02   3.0000000e-02   1.0000000e-09
   5.0000000e+02   1.4000000e+02   4.0000000e-02   3.0000000e-02   1.0000000e-09
   5.0000000e+02   1.4000000e+02   4.0000000e-02   3.0000000e-02   1.0000000e-09
   5.0000000e+02   1.4000000e+02   4.0000000e-02   3.0000000e-02   1.0000000e-09
   5.0000000e+02   1.4000000e+02   4.0000000e-02   3.0000000e-02   1.0000000e-09
   5.0000000e+02   1.4000000e+02   4.0000000e-02   3.0000000e-02   1.0000000e-09
   5.0000000e+02   1.4000000e+02   4.0000000e-02   3.0000000e-02   1.0000000e-09
   5.0000000e+02   1.4000000e+02   4.0000000e-02   3.0000000e-02   1.0000000e-09
   5.0000000e+02   1.4000000e+02   4.0000000e-02   3.0000000e-02   1.0000000e-09
   5.0000000e+02   1.4000000e+02   4.0000000e-02   3.0000000e-02   1.0000000e-09
   5.0000000e+02   1.4000000e+02   4.0000000e-02   3.0000000e-02   1.0000000e-09
   5.0000000e+02   1.4000000e+02   4.0000000e-02   3.0000000e-02   1.0000000e-09
   5.0000000e+02   1.4000000e+02   4.0000000e-02   3.0000000e-02   1.0000000e-09
   5.0000000e+02   1.4000000e+02   4.0000000e-02   3.0000000e-02   1.0000000e-09
   5.0000000e+02   1.4000000e+02   4.0000000e-02   3.0000000e-02   1.0000000e-09
   5.0000000e+02   1.4000000e+02   4.0000000e-02   3.0000000e-02   1.0000000e-09
   5.0000000e+02   1.4000000e+02   4.0000000e-02   3.0000000e-02   1.0000000e-09
   5.0000000e+02   1.4000000e+02   4.0000000e-02   3.0000000e-02   1.0000000e-09
   5.0000000e+02   1.4000000e+02   4.0000000e-02   3.0000000e-02   1.0000000e-09
   5.0000000e+02   1.4000000e+02   4.0000000e-02   3.0000000e-02   1.0000000e-09
   5.0000000e+02   1.4000000e+02   4.0000000e-02   3.0000000e-02   1.0000000e-09
   5.0000000e+02   1.4000000e+02   4.0000000e-02   3.0000000e-02   1.0000000e-09
   5.0000000e+02   1.4000000e+02   4.0000000e-02   3.0000000e-02   1.0000000e-09
   5.0000000e+02   1.4000000e+02   4.0000000e-02   3.0000000e-02   1.0000000e-09
   5.0000000e+02   1.4000000e+02   4.0000000e-02   3.0000000e-02   1.0000000e-09
   5.0000000e+02   1.4000000e+02   4.0000000e-03   3.0000000e-02   1.0000000e-09
   5.0000000e+02   1.4000000e+02   4.0000000e-02   3.0000000e-02   1.0000000e-09
   5.0000000e+02   1.4000000e+02   4.0000000e-03   3.0000000e-02   1.0000000e-09
   5.0000000e+02   1.4000000e+02   4.0000000e-02   3.0000000e-02   1.0000000e-09
   5.0000000e+02   1.4000000e+02   4.0000000e-03   3.0000000e-02   1.0000000e-09
   5.0000000e+02   1.4000000e+02   4.0000000e-02   3.0000000e-02   1.0000000e-09
   5.0000000e+02   1.4000000e+02   4.0000000e-02   3.0000000e-02   1.0000000e-09
   5.0000000e+02   1.4000000e+02   4.0000000e-02   3.0000000e-02   1.0000000e-09
   5.0000000e+02   1.4000000e+02   4.0000000e-02   3.0000000e-02   1.0000000e-09
   5.0000000e+02   1.4000000e+02   4.0000000e-02   3.0000000e-02   1.0000000e-09
   5.0000000e+02   1.4000000e+02   4.0000000e-02   3.0000000e-02   1.0000000e-09
   5.0000000e+02   1.4000000e+02   4.0000000e-02   3.0000000e-02   1.0000000e-09
   5.0000000e+02   1.4000000e+02   4.0000000e-02   3.0000000e-02   1.0000000e-09
   5.0000000e+02   1.4000000e+02   4.0000000e-02   3.0000000e-02   1.0000000e-09
   5.0000000e+02   1.4000000e+02   4.0000000e-02   3.0000000e-02   1.0000000e-09
   5.0000000e+02   1.4000000e+02   4.0000000e-02   3.0000000e-02   1.0000000e-09
   5.0000000e+02   1.4000000e+02   4.0000000e-02   3.0000000e-02   1.0000000e-09
   5.0000000e+02   1.4000000e+02   4.0000000e-02   3.0000000e-02   1.0000000e-09
   5.0000000e+02   1.4000000e+02   4.0000000e-02   3.0000000e-02   1.0000000e-09
   5.0000000e+02   1.4000000e+02   4.0000000e-02   3.0000000e-02   1.0000000e-09
   5.0000000e+02   1.4000000e+02   4.0000000e-02   3.0000000e-02   1.0000000e-09
   5.0000000e+02   1.4000000e+02   4.0000000e-02   3.0000000e-02   1.0000000e-09
   5.0000000e+02   1.4000000e+02   4.0000000e-02   3.0000000e-02   1.0000000e-09
   5.0000000e+02   1.4000000e+02   4.0000000e-02   3.0000000e-02   1.0000000e-09
   5.0000000e+02   1.4000000e+02   4.0000000e-02   3.0000000e-02   1.0000000e-09
   5.0000000e+02   1.4000000e+02   4.0000000e-02   3.0000000e-02   1.0000000e-09
   5.0000000e+02   1.4000000e+02   4.0000000e-02   3.0000000e-02   1.0000000e-09
   5.0000000e+02   1.4000000e+02   4.0000000e-02   3.0000000e-02   1.0000000e-09
   5.0000000e+02   1.4000000e+02   4.0000000e-02   3.0000000e-02   1.0000000e-09
   5.0000000e+02   1.4000000e+02   4.0000000e-02   3.0000000e-02   1.0000000e-09
   5.0000000e+02   1.4000000e+02   4.0000000e-02   3.0000000e-02   1.0000000e-09
   5.0000000e+02   1.4000000e+02   4.0000000e-02   3.0000000e-02   1.0000000e-09
   5.0000000e+02   1.4000000e+02   4.0000000e-02   3.0000000e-02   1.0000000e-09
   5.0000000e+02   1.4000000e+02   3.9531220e-02   3.0000000e-02   1.0000000e-09
   5.0000000e+02   1.4000000e+02   4.0000000e-02   3.0000000e-02   1.0000000e-09
   5.0000000e+02   1.4000000e+02   4.0000000e-03   3.0000000e-02   1.0000000e-09
   5.0000000e+02   1.4000000e+02   4.0000000e-02   3.0000000e-02   1.0000000e-09
   5.0000000e+02   1.4000000e+02   4.0000000e-02   3.0000000e-02   1.0000000e-09
   5.0000000e+02   1.4000000e+02   4.0000000e-02   3.0000000e-02   1.0000000e-09
   5.0000000e+02   1.4000000e+02   4.0000000e-02   3.0000000e-02   1.0000000e-09
   5.0000000e+02   1.4000000e+02   4.0000000e-02   3.0000000e-02   1.0000000e-09
   5.0000000e+02   1.4000000e+02   4.0000000e-02   3.0000000e-02   1.0000000e-09
   5.0000000e+02   1.4000000e+02   4.0000000e-02   3.0000000e-02   1.0000000e-09
   5.0000000e+02   1.4000000e+02   4.0000000e-02   3.0000000e-02   1.0000000e-09
   5.0000000e+02   1.4000000e+02   4.0000000e-02   3.0000000e-02   1.0000000e-09
   5.0000000e+02   1.4000000e+02   4.0000000e-02   3.0000000e-02   1.0000000e-09
   5.0000000e+02   1.4000000e+02   4.0000000e-02   3.0000000e-02   1.0000000e-09
   5.0000000e+02   1.4000000e+02   4.0000000e-02   3.0000000e-02   1.0000000e-09
   5.0000000e+02   1.4000000e+02   4.0000000e-02   3.0000000e-02   1.0000000e-09
   5.0000000e+02   1.4000000e+02   3.0843580e-02   3.0000000e-02   1.0000000e-09
   5.0000000e+02   1.4000000e+02   1.2949660e-02   3.0000000e-02   1.0000000e-09
   5.0000000e+02   1.4000000e+02   4.0000000e-02   3.0000000e-02   1.0000000e-09
   5.0000000e+02   1.4000000e+02   4.0000000e-03   3.0000000e-02   1.0000000e-09
   5.0000000e+02   1.4000000e+02   4.0000000e-03   3.0000000e-02   1.0000000e-09
   5.0000000e+02   1.4000000e+02   4.0000000e-02   3.0000000e-02   1.0000000e-09
   5.0000000e+02   1.4000000e+02   4.0000000e-03   3.0000000e-02   1.0000000e-09
   5.0000000e+02   1.4000000e+02   7.1779600e-03   3.0000000e-02   1.0000000e-09
   5.0000000e+02   1.4000000e+02   4.0000000e-03   3.0000000e-02   1.0000000e-09
   5.0000000e+02   1.4000000e+02   4.0000000e-03   3.0000000e-02   1.0000000e-09
   5.0000000e+02   1.4000000e+02   4.0000000e-03   3.0000000e-02   1.0000000e-09
   5.0000000e+02   1.4000000e+02   4.0000000e-03   3.0000000e-02   1.0000000e-09
   5.0000000e+02   1.4000000e+02   4.0000000e-03   3.0000000e-02   1.0000000e-09
   5.0000000e+02   1.4000000e+02   4.0000000e-03   3.0000000e-02   1.0000000e-09
   5.0000000e+02   1.4000000e+02   4.0000000e-03   3.0000000e-02   1.0000000e-09
   5.0000000e+02   1.4000000e+02   4.0000000e-02   3.0000000e-02   1.0000000e-09
   5.0000000e+02   1.4000000e+02   4.0000000e-03   3.0000000e-02   1.0000000e-09
   5.0000000e+02   1.4000000e+02   6.9953200e-03   3.0000000e-02   1.0000000e-09
   5.0000000e+02   1.4000000e+02   4.0000000e-03   3.0000000e-02   1.0000000e-09
   5.0000000e+02   1.4000000e+02   6.9879400e-03   3.0000000e-02   1.0000000e-09
   5.0000000e+02   1.4000000e+02   4.0000000e-03   3.0000000e-02   1.0000000e-09
   5.0000000e+02   1.4000000e+02   6.9832000e-03   3.0000000e-02   1.0000000e-09
   5.0000000e+02   1.4000000e+02   4.0000000e-03   3.0000000e-02   1.0000000e-09
   5.0000000e+02   1.4000000e+02   6.9807400e-03   3.0000000e-02   1.0000000e-09
   5.0000000e+02   1.4000000e+02   4.0000000e-03   3.0000000e-02   1.0000000e-09
   5.0000000e+02   1.4000000e+02   6.9799000e-03   3.0000000e-02   1.0000000e-09
   5.0000000e+02   1.4000000e+02   4.0000000e-03   3.0000000e-02   1.0000000e-09
   5.0000000e+02   1.4000000e+02   6.9798400e-03   3.0000000e-02   1.0000000e-09
   5.0000000e+02   1.4000000e+02   4.0000000e-03   3.0000000e-02   1.0000000e-09
   5.0000000e+02   1.4000000e+02   6.9800200e-03   3.0000000e-02   1.0000000e-09
   5.0000000e+02   1.4000000e+02   4.0000000e-03   3.0000000e-02   1.0000000e-09
   5.0000000e+02   1.4000000e+02   6.9801400e-03   3.0000000e-02   1.0000000e-09
   5.0000000e+02   1.4000000e+02   4.0000000e-03   3.0000000e-02   1.0000000e-09
   5.0000000e+02   1.4000000e+02   6.9802600e-03   3.0000000e-02   1.0000000e-09
   5.0000000e+02   1.4000000e+02   4.0000000e-03   3.0000000e-02   1.0000000e-09
   5.0000000e+02   1.4000000e+02   6.9802600e-03   3.0000000e-02   1.0000000e-09
   5.0000000e+02   1.4000000e+02   4.0000000e-03   3.0000000e-02   1.0000000e-09
   5.0000000e+02   1.4000000e+02   6.9802600e-03   3.0000000e-02   1.0000000e-09
   5.0000000e+02   1.4000000e+02   4.0000000e-03   3.0000000e-02   1.0000000e-09
   5.0000000e+02   1.4000000e+02   6.9802600e-03   3.0000000e-02   1.0000000e-09
   5.0000000e+02   1.4000000e+02   4.0000000e-03   3.0000000e-02   1.0000000e-09
   5.0000000e+02   1.4000000e+02   6.9802600e-03   3.0000000e-02   1.0000000e-09
   5.0000000e+02   1.4000000e+02   4.0000000e-03   3.0000000e-02   1.0000000e-09
   5.0000000e+02   1.4000000e+02   6.9802600e-03   3.0000000e-02   1.0000000e-09
   5.0000000e+02   1.4000000e+02   4.0000000e-03   3.0000000e-02   1.0000000e-09
   5.0000000e+02   1.4000000e+02   6.9802600e-03   3.0000000e-02   1.0000000e-09
   5.0000000e+02   1.4000000e+02   4.0000000e-03   3.0000000e-02   1.0000000e-09
   5.0000000e+02   1.4000000e+02   6.9802600e-03   3.0000000e-02   1.0000000e-09
   5.0000000e+02   1.4000000e+02   4.0000000e-03   3.0000000e-02   1.0000000e-09
   5.0000000e+02   1.4000000e+02   6.9802600e-03   3.0000000e-02   1.0000000e-09
   5.0000000e+02   1.4000000e+02   4.0000000e-03   3.0000000e-02   1.0000000e-09
   5.0000000e+02   1.4000000e+02   6.9802600e-03   3.0000000e-02   1.0000000e-09
   5.0000000e+02   1.4000000e+02   4.0000000e-03   3.0000000e-02   1.0000000e-09
   5.0000000e+02   1.4000000e+02   6.9802600e-03   3.0000000e-02   1.0000000e-09
   5.0000000e+02   1.4000000e+02   4.0000000e-03   3.0000000e-02   1.0000000e-09
   5.0000000e+02   1.4000000e+02   6.9802600e-03   3.0000000e-02   1.0000000e-09
   5.0000000e+02   1.4000000e+02   4.0000000e-03   3.0000000e-02   1.0000000e-09
   5.0000000e+02   1.4000000e+02   6.9802600e-03   3.0000000e-02   1.0000000e-09
   5.0000000e+02   1.4000000e+02   4.0000000e-03   3.0000000e-02   1.0000000e-09
   5.0000000e+02   1.4000000e+02   6.9802600e-03   3.0000000e-02   1.0000000e-09
   5.0000000e+02   1.4000000e+02   4.0000000e-03   3.0000000e-02   1.0000000e-09
   5.0000000e+02   1.4000000e+02   6.9802600e-03   3.0000000e-02   1.0000000e-09
   5.0000000e+02   1.4000000e+02   4.0000000e-03   3.0000000e-02   1.0000000e-09
   5.0000000e+02   1.4000000e+02   6.9802600e-03   3.0000000e-02   1.0000000e-09
   5.0000000e+02   1.4000000e+02   4.0000000e-03   3.0000000e-02   1.0000000e-09
   5.0000000e+02   1.4000000e+02   6.9802600e-03   3.0000000e-02   1.0000000e-09
   5.0000000e+02   1.4000000e+02   4.0000000e-03   3.0000000e-02   1.0000000e-09
   5.0000000e+02   1.4000000e+02   6.9802600e-03   3.0000000e-02   1.0000000e-09
   5.0000000e+02   1.4000000e+02   4.0000000e-03   3.0000000e-02   1.0000000e-09
   5.0000000e+02   1.4000000e+02   6.9802600e-03   3.0000000e-02   1.0000000e-09
   5.0000000e+02   1.4000000e+02   4.0000000e-03   3.0000000e-02   1.0000000e-09
   5.0000000e+02   1.4000000e+02   6.9802600e-03   3.0000000e-02   1.0000000e-09
   5.0000000e+02   1.4000000e+02   4.0000000e-03   3.0000000e-02   1.0000000e-09
   5.0000000e+02   1.4000000e+02   6.9802600e-03   3.0000000e-02   1.0000000e-09
   5.0000000e+02   1.4000000e+02   4.0000000e-03   3.0000000e-02   1.0000000e-09
   5.0000000e+02   1.4000000e+02   6.9802600e-03   3.0000000e-02   1.0000000e-09
   5.0000000e+02   1.4000000e+02   4.0000000e-03   3.0000000e-02   1.0000000e-09
   5.0000000e+02   1.4000000e+02   6.9802600e-03   3.0000000e-02   1.0000000e-09
   5.0000000e+02   1.4000000e+02   4.0000000e-03   3.0000000e-02   1.0000000e-09
   5.0000000e+02   1.4000000e+02   6.9802600e-03   3.0000000e-02   1.0000000e-09
   5.0000000e+02   1.4000000e+02   4.0000000e-03   3.0000000e-02   1.0000000e-09
   5.0000000e+02   1.4000000e+02   6.9802600e-03   3.0000000e-02   1.0000000e-09
   5.0000000e+02   1.4000000e+02   4.0000000e-03   3.0000000e-02   1.0000000e-09
   5.0000000e+02   1.4000000e+02   6.9802600e-03   3.0000000e-02   1.0000000e-09
   5.0000000e+02   1.4000000e+02   4.0000000e-03   3.0000000e-02   1.0000000e-09
   5.0000000e+02   1.4000000e+02   6.9802600e-03   3.0000000e-02   1.0000000e-09
   5.0000000e+02   1.4000000e+02   4.0000000e-03   3.0000000e-02   1.0000000e-09
   5.0000000e+02   1.4000000e+02   6.9802600e-03   3.0000000e-02   1.0000000e-09
   5.0000000e+02   1.4000000e+02   4.0000000e-03   3.0000000e-02   1.0000000e-09
   5.0000000e+02   1.4000000e+02   6.9802600e-03   3.0000000e-02   1.0000000e-09
   5.0000000e+02   1.4000000e+02   4.0000000e-03   3.0000000e-02   1.0000000e-09
   5.0000000e+02   1.4000000e+02   6.9802600e-03   3.0000000e-02   1.0000000e-09
   5.0000000e+02   1.4000000e+02   4.0000000e-03   3.0000000e-02   1.0000000e-09
   5.0000000e+02   1.4000000e+02   6.9802600e-03   3.0000000e-02   1.0000000e-09
   5.0000000e+02   1.4000000e+02   4.0000000e-03   3.0000000e-02   1.0000000e-09
   5.0000000e+02   1.4000000e+02   6.9802600e-03   3.0000000e-02   1.0000000e-09
   5.0000000e+02   1.4000000e+02   4.0000000e-03   3.0000000e-02   1.0000000e-09
   5.0000000e+02   1.4000000e+02   6.9802600e-03   3.0000000e-02   1.0000000e-09
   5.0000000e+02   1.3000000e+02   4.0000000e-03   3.0000000e-02   3.0000000e-02
   5.0000000e+02   1.4000000e+02   6.9802600e-03   3.0000000e-02   1.0000000e-09
   5.0000000e+02   1.3000000e+02   4.0000000e-03   3.0000000e-02   3.0000000e-02
   5.0000000e+02   1.4000000e+02   6.9802600e-03   3.0000000e-02   1.0000000e-09
   5.0000000e+02   1.3000000e+02   4.0000000e-03   3.0000000e-02   3.0000000e-02
   5.0000000e+02   1.4000000e+02   6.9802600e-03   3.0000000e-02   1.0000000e-09
   5.0000000e+02   1.3000000e+02   4.0000000e-03   3.0000000e-02   3.0000000e-02
   5.0000000e+02   1.4000000e+02   6.9802600e-03   3.0000000e-02   1.0000000e-09
   5.0000000e+02   1.3000000e+02   4.0000000e-03   3.0000000e-02   3.0000000e-02
   5.0000000e+02   1.4000000e+02   6.9802600e-03   3.0000000e-02   1.0000000e-09
   5.0000000e+02   1.3000000e+02   4.0000000e-03   3.0000000e-02   3.0000000e-02
   5.0000000e+02   1.4000000e+02   6.9802600e-03   3.0000000e-02   1.0000000e-09
   5.0000000e+02   1.3000000e+02   4.0000000e-03   3.0000000e-02   3.0000000e-02
   5.0000000e+02   1.4000000e+02   6.9802600e-03   3.0000000e-02   1.0000000e-09
   5.0000000e+02   1.3000000e+02   4.0000000e-03   3.0000000e-02   3.0000000e-02
   5.0000000e+02   1.4000000e+02   6.9802600e-03   3.0000000e-02   1.0000000e-09
   5.0000000e+02   1.3000000e+02   4.0000000e-03   3.0000000e-02   3.0000000e-02
   5.0000000e+02   1.4000000e+02   6.9802600e-03   3.0000000e-02   1.0000000e-09
   5.0000000e+02   1.3000000e+02   4.0000000e-03   3.0000000e-02   3.0000000e-02
   5.0000000e+02   1.3000000e+02   4.0000000e-03   3.0000000e-02   3.0000000e-02
   5.0000000e+02   1.3000000e+02   4.0000000e-03   3.0000000e-02   3.0000000e-02
   5.0000000e+02   1.3000000e+02   4.0000000e-03   3.0000000e-02   3.0000000e-02
   5.0000000e+02   1.3000000e+02   4.0000000e-03   3.0000000e-02   3.0000000e-02
   5.0000000e+02   1.4000000e+02   4.0000000e-02   3.0000000e-02   1.0000000e-09
   5.0000000e+02   1.4000000e+02   1.2993580e-02   3.0000000e-02   1.0000000e-09
   5.0000000e+02   1.3000000e+02   4.0000000e-03   3.0000000e-02   3.0000000e-02
   5.0000000e+02   1.4000000e+02   4.0000000e-02   3.0000000e-02   1.0000000e-09
   5.0000000e+02   1.4000000e+02   4.0000000e-02   3.0000000e-02   1.0000000e-09
   5.0000000e+02   1.4000000e+02   3.0863440e-02   3.0000000e-02   1.0000000e-09
   5.0000000e+02   1.4000000e+02   4.0000000e-02   3.0000000e-02   1.0000000e-09
   5.0000000e+02   1.3000000e+02   4.0000000e-03   3.0000000e-02   3.0000000e-02
   5.0000000e+02   1.4000000e+02   3.0693640e-02   3.0000000e-02   1.0000000e-09
   5.0000000e+02   1.4000000e+02   4.0000000e-02   3.0000000e-02   1.0000000e-09
   5.0000000e+02   1.4000000e+02   4.0000000e-02   3.0000000e-02   1.0000000e-09
   5.0000000e+02   1.4000000e+02   3.9601000e-02   3.0000000e-02   1.0000000e-09
   5.0000000e+02   1.4000000e+02   4.0000000e-02   3.0000000e-02   1.0000000e-09
   5.0000000e+02   1.4000000e+02   4.0000000e-02   3.0000000e-02   1.0000000e-09
   5.0000000e+02   1.4000000e+02   4.0000000e-02   3.0000000e-02   1.0000000e-09
   5.0000000e+02   1.4000000e+02   4.0000000e-02   3.0000000e-02   1.0000000e-09
   5.0000000e+02   1.4000000e+02   4.0000000e-02   3.0000000e-02   1.0000000e-09
   5.0000000e+02   1.4000000e+02   4.0000000e-02   3.0000000e-02   1.0000000e-09
   5.0000000e+02   1.4000000e+02   4.0000000e-02   3.0000000e-02   1.0000000e-09
   5.0000000e+02   1.4000000e+02   4.0000000e-02   3.0000000e-02   1.0000000e-09
   5.0000000e+02   1.4000000e+02   4.0000000e-02   3.0000000e-02   1.0000000e-09
   5.0000000e+02   1.4000000e+02   4.0000000e-02   3.0000000e-02   1.0000000e-09
   5.0000000e+02   1.4000000e+02   4.0000000e-02   3.0000000e-02   1.0000000e-09
   5.0000000e+02   1.4000000e+02   4.0000000e-02   3.0000000e-02   1.0000000e-09
   5.0000000e+02   1.4000000e+02   4.0000000e-02   3.0000000e-02   1.0000000e-09
   5.0000000e+02   1.4000000e+02   4.0000000e-02   3.0000000e-02   1.0000000e-09
   5.0000000e+02   1.4000000e+02   4.0000000e-02   3.0000000e-02   1.0000000e-09
   5.0000000e+02   1.4000000e+02   4.0000000e-02   3.0000000e-02   1.0000000e-09
   5.0000000e+02   1.4000000e+02   4.0000000e-02   3.0000000e-02   1.0000000e-09
   5.0000000e+02   1.4000000e+02   4.0000000e-02   3.0000000e-02   1.0000000e-09
   5.0000000e+02   1.4000000e+02   4.0000000e-02   3.0000000e-02   1.0000000e-09
   5.0000000e+02   1.4000000e+02   4.0000000e-02   3.0000000e-02   1.0000000e-09
   5.0000000e+02   1.4000000e+02   4.0000000e-02   3.0000000e-02   1.0000000e-09
   5.0000000e+02   1.4000000e+02   4.0000000e-02   3.0000000e-02   1.0000000e-09
   5.0000000e+02   1.4000000e+02   4.0000000e-02   3.0000000e-02   1.0000000e-09
   5.0000000e+02   1.4000000e+02   4.0000000e-02   3.0000000e-02   1.0000000e-09
   5.0000000e+02   1.4000000e+02   4.0000000e-02   3.0000000e-02   1.0000000e-09
   5.0000000e+02   1.4000000e+02   4.0000000e-02   3.0000000e-02   1.0000000e-09
   5.0000000e+02   1.4000000e+02   4.0000000e-02   3.0000000e-02   1.0000000e-09
   5.0000000e+02   1.4000000e+02   4.0000000e-02   3.0000000e-02   1.0000000e-09
   5.0000000e+02   1.4000000e+02   4.0000000e-02   3.0000000e-02   1.0000000e-09
   5.0000000e+02   1.4000000e+02   4.0000000e-02   3.0000000e-02   1.0000000e-09
   5.0000000e+02   1.4000000e+02   4.0000000e-02   3.0000000e-02   1.0000000e-09
   5.0000000e+02   1.4000000e+02   1.3032100e-02   3.0000000e-02   1.0000000e-09
   5.0000000e+02   1.4000000e+02   4.0000000e-02   3.0000000e-02   1.0000000e-09
   5.0000000e+02   1.4000000e+02   4.0000000e-02   3.0000000e-02   1.0000000e-09
   5.0000000e+02   1.4000000e+02   4.0000000e-02   3.0000000e-02   1.0000000e-09
   5.0000000e+02   1.4000000e+02   4.0000000e-02   3.0000000e-02   1.0000000e-09
   5.0000000e+02   1.4000000e+02   4.0000000e-02   3.0000000e-02   1.0000000e-09
   5.0000000e+02   1.4000000e+02   4.0000000e-02   3.0000000e-02   1.0000000e-09
   5.0000000e+02   1.4000000e+02   4.0000000e-02   3.0000000e-02   1.0000000e-09
   5.0000000e+02   1.4000000e+02   4.0000000e-02   3.0000000e-02   1.0000000e-09
   5.0000000e+02   1.4000000e+02   4.0000000e-02   3.0000000e-02   1.0000000e-09
   5.0000000e+02   1.4000000e+02   4.0000000e-02   3.0000000e-02   1.0000000e-09
   5.0000000e+02   1.4000000e+02   4.0000000e-02   3.0000000e-02   1.0000000e-09
   5.0000000e+02   1.4000000e+02   4.0000000e-02   3.0000000e-02   1.0000000e-09
   5.0000000e+02   1.4000000e+02   4.0000000e-02   3.0000000e-02   1.0000000e-09
   5.0000000e+02   1.4000000e+02   4.0000000e-02   3.0000000e-02   1.0000000e-09
   5.0000000e+02   1.4000000e+02   4.0000000e-02   3.0000000e-02   1.0000000e-09
   5.0000000e+02   1.4000000e+02   4.0000000e-02   3.0000000e-02   1.0000000e-09
   5.0000000e+02   1.4000000e+02   4.0000000e-02   3.0000000e-02   1.0000000e-09
   5.0000000e+02   1.4000000e+02   4.0000000e-02   3.0000000e-02   1.0000000e-09
   5.0000000e+02   1.4000000e+02   4.0000000e-02   3.0000000e-02   1.0000000e-09
   5.0000000e+02   1.4000000e+02   4.0000000e-02   3.0000000e-02   1.0000000e-09
   5.0000000e+02   1.4000000e+02   4.0000000e-02   3.0000000e-02   1.0000000e-09
   5.0000000e+02   1.4000000e+02   4.0000000e-02   3.0000000e-02   1.0000000e-09
   5.0000000e+02   1.4000000e+02   4.0000000e-02   3.0000000e-02   1.0000000e-09
   5.0000000e+02   1.4000000e+02   4.0000000e-02   3.0000000e-02   1.0000000e-09
   5.0000000e+02   1.4000000e+02   4.0000000e-02   3.0000000e-02   1.0000000e-09
   5.0000000e+02   1.4000000e+02   4.0000000e-02   3.0000000e-02   1.0000000e-09
   5.0000000e+02   1.4000000e+02   4.0000000e-02   3.0000000e-02   1.0000000e-09
   5.0000000e+02   1.4000000e+02   4.0000000e-02   3.0000000e-02   1.0000000e-09
   5.0000000e+02   1.4000000e+02   4.0000000e-02   3.0000000e-02   1.0000000e-09
   5.0000000e+02   1.4000000e+02   4.0000000e-02   3.0000000e-02   1.0000000e-09
   5.0000000e+02   1.4000000e+02   4.0000000e-02   3.0000000e-02   1.0000000e-09
   5.0000000e+02   1.4000000e+02   4.0000000e-02   3.0000000e-02   1.0000000e-09
   5.0000000e+02   1.4000000e+02   4.0000000e-02   3.0000000e-02   1.0000000e-09
   5.0000000e+02   1.4000000e+02   4.0000000e-02   3.0000000e-02   1.0000000e-09
   5.0000000e+02   1.4000000e+02   4.0000000e-02   3.0000000e-02   1.0000000e-09
   5.0000000e+02   1.4000000e+02   4.0000000e-02   3.0000000e-02   1.0000000e-09
   5.0000000e+02   1.4000000e+02   4.0000000e-02   3.0000000e-02   1.0000000e-09
   5.0000000e+02   1.4000000e+02   4.0000000e-02   3.0000000e-02   1.0000000e-09
   5.0000000e+02   1.4000000e+02   4.0000000e-02   3.0000000e-02   1.0000000e-09
   5.0000000e+02   1.4000000e+02   4.0000000e-02   3.0000000e-02   1.0000000e-09
   5.0000000e+02   1.4000000e+02   4.0000000e-02   3.0000000e-02   1.0000000e-09
   5.0000000e+02   1.4000000e+02   4.0000000e-02   3.0000000e-02   1.0000000e-09
   5.0000000e+02   1.4000000e+02   4.0000000e-02   3.0000000e-02   1.0000000e-09
   5.0000000e+02   1.4000000e+02   4.0000000e-02   3.0000000e-02   1.0000000e-09
   5.0000000e+02   1.4000000e+02   4.0000000e-02   3.0000000e-02   1.0000000e-09
   5.0000000e+02   1.4000000e+02   4.0000000e-02   3.0000000e-02   1.0000000e-09
   5.0000000e+02   1.4000000e+02   4.0000000e-02   3.0000000e-02   1.0000000e-09
   5.0000000e+02   1.4000000e+02   4.0000000e-02   3.0000000e-02   1.0000000e-09
   5.0000000e+02   1.4000000e+02   4.0000000e-02   3.0000000e-02   1.0000000e-09
   5.0000000e+02   1.4000000e+02   4.0000000e-02   3.0000000e-02   1.0000000e-09
   5.0000000e+02   1.4000000e+02   4.0000000e-02   3.0000000e-02   1.0000000e-09
   5.0000000e+02   1.4000000e+02   4.0000000e-02   3.0000000e-02   1.0000000e-09
   5.0000000e+02   1.4000000e+02   4.0000000e-02   3.0000000e-02   1.0000000e-09
   5.0000000e+02   1.4000000e+02   4.0000000e-02   3.0000000e-02   1.0000000e-09
   5.0000000e+02   1.4000000e+02   4.0000000e-02   3.0000000e-02   1.0000000e-09
   5.0000000e+02   1.4000000e+02   4.0000000e-02   3.0000000e-02   1.0000000e-09
   5.0000000e+02   1.4000000e+02   4.0000000e-02   3.0000000e-02   1.0000000e-09
   5.0000000e+02   1.4000000e+02   4.0000000e-02   3.0000000e-02   1.0000000e-09
   5.0000000e+02   1.4000000e+02   4.0000000e-02   3.0000000e-02   1.0000000e-09
   5.0000000e+02   1.4000000e+02   4.0000000e-02   3.0000000e-02   1.0000000e-09
   5.0000000e+02   1.4000000e+02   4.0000000e-02   3.0000000e-02   1.0000000e-09
   5.0000000e+02   1.4000000e+02   4.0000000e-02   3.0000000e-02   1.0000000e-09
   5.0000000e+02   1.4000000e+02   4.0000000e-02   3.0000000e-02   1.0000000e-09
   5.0000000e+02   1.4000000e+02   4.0000000e-02   3.0000000e-02   1.0000000e-09
   5.0000000e+02   1.4000000e+02   4.0000000e-02   3.0000000e-02   1.0000000e-09
   5.0000000e+02   1.4000000e+02   4.0000000e-02   3.0000000e-02   1.0000000e-09
   5.0000000e+02   1.4000000e+02   4.0000000e-02   3.0000000e-02   1.0000000e-09
   5.0000000e+02   1.4000000e+02   4.0000000e-02   3.0000000e-02   1.0000000e-09
   5.0000000e+02   1.4000000e+02   4.0000000e-02   3.0000000e-02   1.0000000e-09
   5.0000000e+02   1.4000000e+02   4.0000000e-02   3.0000000e-02   1.0000000e-09
   5.0000000e+02   1.4000000e+02   4.0000000e-02   3.0000000e-02   1.0000000e-09
   5.0000000e+02   1.4000000e+02   4.0000000e-02   3.0000000e-02   1.0000000e-09
   5.0000000e+02   1.4000000e+02   4.0000000e-02   3.0000000e-02   1.0000000e-09
   5.0000000e+02   1.4000000e+02   4.0000000e-02   3.0000000e-02   1.0000000e-09
   5.0000000e+02   1.4000000e+02   4.0000000e-02   3.0000000e-02   1.0000000e-09
   5.0000000e+02   1.4000000e+02   4.0000000e-02   3.0000000e-02   1.0000000e-09
   5.0000000e+02   1.4000000e+02   4.0000000e-02   3.0000000e-02   1.0000000e-09
   5.0000000e+02   1.4000000e+02   4.0000000e-02   3.0000000e-02   1.0000000e-09
   5.0000000e+02   1.4000000e+02   4.0000000e-02   3.0000000e-02   1.0000000e-09
   5.0000000e+02   1.4000000e+02   4.0000000e-02   3.0000000e-02   1.0000000e-09
   5.0000000e+02   1.4000000e+02   4.0000000e-02   3.0000000e-02   1.0000000e-09
   5.0000000e+02   1.4000000e+02   4.0000000e-02   3.0000000e-02   1.0000000e-09
   5.0000000e+02   1.4000000e+02   4.0000000e-02   3.0000000e-02   1.0000000e-09
   5.0000000e+02   1.4000000e+02   4.0000000e-02   3.0000000e-02   1.0000000e-09
   5.0000000e+02   1.4000000e+02   4.0000000e-02   3.0000000e-02   1.0000000e-09
   5.0000000e+02   1.4000000e+02   4.0000000e-02   3.0000000e-02   1.0000000e-09
   5.0000000e+02   1.4000000e+02   4.0000000e-02   3.0000000e-02   1.0000000e-09
   5.0000000e+02   1.4000000e+02   4.0000000e-02   3.0000000e-02   1.0000000e-09
   5.0000000e+02   1.4000000e+02   4.0000000e-02   3.0000000e-02   1.0000000e-09
   5.0000000e+02   1.4000000e+02   4.0000000e-02   3.0000000e-02   1.0000000e-09
   5.0000000e+02   1.4000000e+02   4.0000000e-02   3.0000000e-02   1.0000000e-09
   5.0000000e+02   1.4000000e+02   4.0000000e-02   3.0000000e-02   1.0000000e-09
   5.0000000e+02   1.4000000e+02   4.0000000e-02   3.0000000e-02   1.0000000e-09
   5.0000000e+02   1.4000000e+02   4.0000000e-02   3.0000000e-02   1.0000000e-09
   5.0000000e+02   1.4000000e+02   4.0000000e-02   3.0000000e-02   1.0000000e-09
   5.0000000e+02   1.4000000e+02   4.0000000e-02   3.0000000e-02   1.0000000e-09
   5.0000000e+02   1.4000000e+02   4.0000000e-02   3.0000000e-02   1.0000000e-09
   5.0000000e+02   1.4000000e+02   4.0000000e-02   3.0000000e-02   1.0000000e-09
   5.0000000e+02   1.4000000e+02   4.0000000e-02   3.0000000e-02   1.0000000e-09
   5.0000000e+02   1.4000000e+02   4.0000000e-02   3.0000000e-02   1.0000000e-09
   5.0000000e+02   1.4000000e+02   4.0000000e-02   3.0000000e-02   1.0000000e-09
   5.0000000e+02   1.4000000e+02   4.0000000e-02   3.0000000e-02   1.0000000e-09
   5.0000000e+02   1.4000000e+02   4.0000000e-02   3.0000000e-02   1.0000000e-09
   5.0000000e+02   1.4000000e+02   4.0000000e-02   3.0000000e-02   1.0000000e-09
   5.0000000e+02   1.4000000e+02   4.0000000e-02   3.0000000e-02   1.0000000e-09
   5.0000000e+02   1.4000000e+02   4.0000000e-02   3.0000000e-02   1.0000000e-09
   5.0000000e+02   1.4000000e+02   4.0000000e-02   3.0000000e-02   1.0000000e-09
   5.0000000e+02   1.4000000e+02   4.0000000e-02   3.0000000e-02   1.0000000e-09
   5.0000000e+02   1.4000000e+02   4.0000000e-02   3.0000000e-02   1.0000000e-09
   5.0000000e+02   1.4000000e+02   4.0000000e-02   3.0000000e-02   1.0000000e-09
   5.0000000e+02   1.4000000e+02   4.0000000e-02   3.0000000e-02   1.0000000e-09
   5.0000000e+02   1.4000000e+02   4.0000000e-02   3.0000000e-02   1.0000000e-09
   5.0000000e+02   1.4000000e+02   7.1051200e-03   3.0000000e-02   1.0000000e-09
   5.0000000e+02   1.4000000e+02   4.0000000e-02   3.0000000e-02   1.0000000e-09
   5.0000000e+02   1.4000000e+02   4.0000000e-02   3.0000000e-02   1.0000000e-09
   5.0000000e+02   1.4000000e+02   4.0000000e-02   3.0000000e-02   1.0000000e-09
   5.0000000e+02   1.4000000e+02   4.0000000e-02   3.0000000e-02   1.0000000e-09
   5.0000000e+02   1.4000000e+02   4.0000000e-02   3.0000000e-02   1.0000000e-09
   5.0000000e+02   1.4000000e+02   4.0000000e-02   3.0000000e-02   1.0000000e-09
   5.0000000e+02   1.4000000e+02   4.0000000e-02   3.0000000e-02   1.0000000e-09
   5.0000000e+02   1.4000000e+02   4.0000000e-02   3.0000000e-02   1.0000000e-09
   5.0000000e+02   1.4000000e+02   4.0000000e-02   3.0000000e-02   1.0000000e-09
   5.0000000e+02   1.4000000e+02   4.0000000e-02   3.0000000e-02   1.0000000e-09
   5.0000000e+02   1.4000000e+02   4.0000000e-02   3.0000000e-02   1.0000000e-09
   5.0000000e+02   1.4000000e+02   4.0000000e-02   3.0000000e-02   1.0000000e-09
   5.0000000e+02   1.4000000e+02   4.0000000e-02   3.0000000e-02   1.0000000e-09
   5.0000000e+02   1.4000000e+02   4.0000000e-02   3.0000000e-02   1.0000000e-09
   5.0000000e+02   1.4000000e+02   4.0000000e-02   3.0000000e-02   1.0000000e-09
   5.0000000e+02   1.4000000e+02   4.0000000e-02   3.0000000e-02   1.0000000e-09
   5.0000000e+02   1.4000000e+02   4.0000000e-02   3.0000000e-02   1.0000000e-09
   5.0000000e+02   1.4000000e+02   4.0000000e-02   3.0000000e-02   1.0000000e-09
   5.0000000e+02   1.4000000e+02   4.0000000e-02   3.0000000e-02   1.0000000e-09
   5.0000000e+02   1.4000000e+02   4.0000000e-02   3.0000000e-02   1.0000000e-09
   5.0000000e+02   1.4000000e+02   4.0000000e-02   3.0000000e-02   1.0000000e-09
   5.0000000e+02   1.4000000e+02   4.0000000e-02   3.0000000e-02   1.0000000e-09
   5.0000000e+02   1.4000000e+02   4.0000000e-02   3.0000000e-02   1.0000000e-09
   5.0000000e+02   1.4000000e+02   4.0000000e-02   3.0000000e-02   1.0000000e-09
   5.0000000e+02   1.4000000e+02   4.0000000e-02   3.0000000e-02   1.0000000e-09
   5.0000000e+02   1.4000000e+02   4.0000000e-02   3.0000000e-02   1.0000000e-09
   5.0000000e+02   1.4000000e+02   4.0000000e-03   3.0000000e-02   1.0000000e-09
   5.0000000e+02   1.4000000e+02   4.0000000e-02   3.0000000e-02   1.0000000e-09
   5.0000000e+02   1.4000000e+02   4.0000000e-02   3.0000000e-02   1.0000000e-09
   5.0000000e+02   1.4000000e+02   4.0000000e-02   3.0000000e-02   1.0000000e-09
   5.0000000e+02   1.4000000e+02   4.0000000e-02   3.0000000e-02   1.0000000e-09
   5.0000000e+02   1.4000000e+02   4.0000000e-02   3.0000000e-02   1.0000000e-09
   5.0000000e+02   1.4000000e+02   4.0000000e-02   3.0000000e-02   1.0000000e-09
   5.0000000e+02   1.4000000e+02   4.0000000e-02   3.0000000e-02   1.0000000e-09
   5.0000000e+02   1.4000000e+02   4.0000000e-02   3.0000000e-02   1.0000000e-09
   5.0000000e+02   1.4000000e+02   3.9504880e-02   3.0000000e-02   1.0000000e-09
   5.0000000e+02   1.4000000e+02   4.0000000e-02   3.0000000e-02   1.0000000e-09
   5.0000000e+02   1.4000000e+02   4.0000000e-02   3.0000000e-02   1.0000000e-09
   5.0000000e+02   1.4000000e+02   4.0000000e-02   3.0000000e-02   1.0000000e-09
   5.0000000e+02   1.4000000e+02   3.0645760e-02   3.0000000e-02   1.0000000e-09
   5.0000000e+02   1.4000000e+02   3.9737320e-02   3.0000000e-02   1.0000000e-09
   5.0000000e+02   1.4000000e+02   1.2919120e-02   3.0000000e-02   1.0000000e-09
   5.0000000e+02   1.4000000e+02   2.2018480e-02   3.0000000e-02   1.0000000e-09
   5.0000000e+02   1.4000000e+02   4.0000000e-03   3.0000000e-02   1.0000000e-09
   5.0000000e+02   1.4000000e+02   4.0000000e-02   3.0000000e-02   1.0000000e-09
   5.0000000e+02   1.4000000e+02   4.0000000e-03   3.0000000e-02   1.0000000e-09
   5.0000000e+02   1.4000000e+02   4.0000000e-02   3.0000000e-02   1.0000000e-09
   5.0000000e+02   1.4000000e+02   4.0000000e-03   3.0000000e-02   1.0000000e-09
   5.0000000e+02   1.4000000e+02   4.0000000e-02   3.0000000e-02   1.0000000e-09
   5.0000000e+02   1.4000000e+02   4.0000000e-03   3.0000000e-02   1.0000000e-09
   5.0000000e+02   1.4000000e+02   4.0000000e-02   3.0000000e-02   1.0000000e-09
   5.0000000e+02   1.4000000e+02   4.0000000e-03   3.0000000e-02   1.0000000e-09
   5.0000000e+02   1.4000000e+02   4.0000000e-02   3.0000000e-02   1.0000000e-09
   5.0000000e+02   1.4000000e+02   4.0000000e-03   3.0000000e-02   1.0000000e-09
   5.0000000e+02   1.4000000e+02   4.0000000e-02   3.0000000e-02   1.0000000e-09
   5.0000000e+02   1.4000000e+02   4.0000000e-03   3.0000000e-02   1.0000000e-09
   5.0000000e+02   1.4000000e+02   4.0000000e-02   3.0000000e-02   1.0000000e-09
   5.0000000e+02   1.4000000e+02   4.0000000e-03   3.0000000e-02   1.0000000e-09
   5.0000000e+02   1.4000000e+02   4.0000000e-02   3.0000000e-02   1.0000000e-09
   5.0000000e+02   1.4000000e+02   4.0000000e-03   3.0000000e-02   1.0000000e-09
   5.0000000e+02   1.4000000e+02   4.0000000e-02   3.0000000e-02   1.0000000e-09
   5.0000000e+02   1.4000000e+02   4.0000000e-03   3.0000000e-02   1.0000000e-09
   5.0000000e+02   1.4000000e+02   4.0000000e-02   3.0000000e-02   1.0000000e-09
   5.0000000e+02   1.4000000e+02   4.0000000e-03   3.0000000e-02   1.0000000e-09
   5.0000000e+02   1.4000000e+02   4.0000000e-02   3.0000000e-02   1.0000000e-09
   5.0000000e+02   1.4000000e+02   4.0000000e-03   3.0000000e-02   1.0000000e-09
   5.0000000e+02   1.4000000e+02   4.0000000e-02   3.0000000e-02   1.0000000e-09
   5.0000000e+02   1.4000000e+02   4.0000000e-03   3.0000000e-02   1.0000000e-09
   5.0000000e+02   1.4000000e+02   4.0000000e-02   3.0000000e-02   1.0000000e-09
   5.0000000e+02   1.4000000e+02   4.0000000e-03   3.0000000e-02   1.0000000e-09
   5.0000000e+02   1.4000000e+02   4.0000000e-02   3.0000000e-02   1.0000000e-09
   5.0000000e+02   1.4000000e+02   4.0000000e-03   3.0000000e-02   1.0000000e-09
   5.0000000e+02   1.4000000e+02   4.0000000e-02   3.0000000e-02   1.0000000e-09
   5.0000000e+02   1.4000000e+02   4.0000000e-03   3.0000000e-02   1.0000000e-09
   5.0000000e+02   1.4000000e+02   4.0000000e-02   3.0000000e-02   1.0000000e-09
   5.0000000e+02   1.4000000e+02   4.0000000e-03   3.0000000e-02   1.0000000e-09
   5.0000000e+02   1.4000000e+02   4.0000000e-02   3.0000000e-02   1.0000000e-09
   5.0000000e+02   1.4000000e+02   4.0000000e-03   3.0000000e-02   1.0000000e-09
   5.0000000e+02   1.4000000e+02   4.0000000e-02   3.0000000e-02   1.0000000e-09
   5.0000000e+02   1.4000000e+02   4.0000000e-03   3.0000000e-02   1.0000000e-09
   5.0000000e+02   1.4000000e+02   4.0000000e-02   3.0000000e-02   1.0000000e-09
   5.0000000e+02   1.4000000e+02   4.0000000e-03   3.0000000e-02   1.0000000e-09
   5.0000000e+02   1.4000000e+02   4.0000000e-02   3.0000000e-02   1.0000000e-09
   5.0000000e+02   1.4000000e+02   4.0000000e-03   3.0000000e-02   1.0000000e-09
   5.0000000e+02   1.4000000e+02   4.0000000e-02   3.0000000e-02   1.0000000e-09
   5.0000000e+02   1.4000000e+02   4.0000000e-03   3.0000000e-02   1.0000000e-09
   5.0000000e+02   1.4000000e+02   4.0000000e-02   3.0000000e-02   1.0000000e-09
   5.0000000e+02   1.4000000e+02   4.0000000e-03   3.0000000e-02   1.0000000e-09
   5.0000000e+02   1.4000000e+02   4.0000000e-02   3.0000000e-02   1.0000000e-09
   5.0000000e+02   1.4000000e+02   4.0000000e-03   3.0000000e-02   1.0000000e-09
   5.0000000e+02   1.4000000e+02   4.0000000e-02   3.0000000e-02   1.0000000e-09
   5.0000000e+02   1.4000000e+02   4.0000000e-03   3.0000000e-02   1.0000000e-09
   5.0000000e+02   1.4000000e+02   4.0000000e-02   3.0000000e-02   1.0000000e-09
   5.0000000e+02   1.4000000e+02   4.0000000e-03   3.0000000e-02   1.0000000e-09
   5.0000000e+02   1.4000000e+02   4.0000000e-02   3.0000000e-02   1.0000000e-09
   5.0000000e+02   1.4000000e+02   4.0000000e-03   3.0000000e-02   1.0000000e-09
   5.0000000e+02   1.4000000e+02   4.0000000e-02   3.0000000e-02   1.0000000e-09
   5.0000000e+02   1.4000000e+02   4.0000000e-03   3.0000000e-02   1.0000000e-09
   5.0000000e+02   1.4000000e+02   4.0000000e-02   3.0000000e-02   1.0000000e-09
   5.0000000e+02   1.4000000e+02   4.0000000e-03   3.0000000e-02   1.0000000e-09
   5.0000000e+02   1.4000000e+02   4.0000000e-02   3.0000000e-02   1.0000000e-09
   5.0000000e+02   1.4000000e+02   4.0000000e-03   3.0000000e-02   1.0000000e-09
   5.0000000e+02   1.4000000e+02   4.0000000e-02   3.0000000e-02   1.0000000e-09
   5.0000000e+02   1.4000000e+02   4.0000000e-03   3.0000000e-02   1.0000000e-09
   5.0000000e+02   1.4000000e+02   4.0000000e-02   3.0000000e-02   1.0000000e-09
   5.0000000e+02   1.4000000e+02   4.0000000e-03   3.0000000e-02   1.0000000e-09
   5.0000000e+02   1.4000000e+02   4.0000000e-02   3.0000000e-02   1.0000000e-09
   5.0000000e+02   1.4000000e+02   4.0000000e-03   3.0000000e-02   1.0000000e-09
   5.0000000e+02   1.4000000e+02   4.0000000e-02   3.0000000e-02   1.0000000e-09
   5.0000000e+02   1.4000000e+02   4.0000000e-03   3.0000000e-02   1.0000000e-09
   5.0000000e+02   1.4000000e+02   4.0000000e-02   3.0000000e-02   1.0000000e-09
   5.0000000e+02   1.4000000e+02   4.0000000e-03   3.0000000e-02   1.0000000e-09
   5.0000000e+02   1.4000000e+02   4.0000000e-02   3.0000000e-02   1.0000000e-09
   5.0000000e+02   1.4000000e+02   4.0000000e-03   3.0000000e-02   1.0000000e-09
   5.0000000e+02   1.4000000e+02   4.0000000e-02   3.0000000e-02   1.0000000e-09
   5.0000000e+02   1.4000000e+02   4.0000000e-03   3.0000000e-02   1.0000000e-09
   5.0000000e+02   1.4000000e+02   4.0000000e-02   3.0000000e-02   1.0000000e-09
   5.0000000e+02   1.4000000e+02   4.0000000e-03   3.0000000e-02   1.0000000e-09
   5.0000000e+02   1.4000000e+02   4.0000000e-02   3.0000000e-02   1.0000000e-09
   5.0000000e+02   1.4000000e+02   4.0000000e-03   3.0000000e-02   1.0000000e-09
   5.0000000e+02   1.4000000e+02   4.0000000e-02   3.0000000e-02   1.0000000e-09
   5.0000000e+02   1.4000000e+02   4.0000000e-03   3.0000000e-02   1.0000000e-09
   5.0000000e+02   1.4000000e+02   4.0000000e-02   3.0000000e-02   1.0000000e-09
   5.0000000e+02   1.4000000e+02   4.0000000e-03   3.0000000e-02   1.0000000e-09
   5.0000000e+02   1.4000000e+02   4.0000000e-02   3.0000000e-02   1.0000000e-09
   5.0000000e+02   1.4000000e+02   4.0000000e-03   3.0000000e-02   1.0000000e-09
   5.0000000e+02   1.4000000e+02   4.0000000e-02   3.0000000e-02   1.0000000e-09
   5.0000000e+02   1.4000000e+02   4.0000000e-03   3.0000000e-02   1.0000000e-09
   5.0000000e+02   1.4000000e+02   4.0000000e-02   3.0000000e-02   1.0000000e-09
   5.0000000e+02   1.4000000e+02   4.0000000e-03   3.0000000e-02   1.0000000e-09
   5.0000000e+02   1.4000000e+02   4.0000000e-02   3.0000000e-02   1.0000000e-09
   5.0000000e+02   1.4000000e+02   4.0000000e-03   3.0000000e-02   1.0000000e-09
   5.0000000e+02   1.4000000e+02   4.0000000e-02   3.0000000e-02   1.0000000e-09
   5.0000000e+02   1.4000000e+02   4.0000000e-03   3.0000000e-02   1.0000000e-09
   5.0000000e+02   1.4000000e+02   4.0000000e-02   3.0000000e-02   1.0000000e-09
   5.0000000e+02   1.4000000e+02   4.0000000e-03   3.0000000e-02   1.0000000e-09
   5.0000000e+02   1.4000000e+02   4.0000000e-02   3.0000000e-02   1.0000000e-09
   5.0000000e+02   1.4000000e+02   4.0000000e-03   3.0000000e-02   1.0000000e-09
   5.0000000e+02   1.4000000e+02   4.0000000e-02   3.0000000e-02   1.0000000e-09
   5.0000000e+02   1.3000000e+02   4.0000000e-03   3.0000000e-02   3.0000000e-02
   5.0000000e+02   1.4000000e+02   4.0000000e-02   3.0000000e-02   1.0000000e-09
   5.0000000e+02   1.3000000e+02   4.0000000e-03   3.0000000e-02   3.0000000e-02
   5.0000000e+02   1.4000000e+02   4.0000000e-02   3.0000000e-02   1.0000000e-09
   5.0000000e+02   1.3000000e+02   4.0000000e-03   3.0000000e-02   3.0000000e-02
   5.0000000e+02   1.4000000e+02   4.0000000e-02   3.0000000e-02   1.0000000e-09
   5.0000000e+02   1.3000000e+02   4.0000000e-03   3.0000000e-02   3.0000000e-02
   5.0000000e+02   1.4000000e+02   4.0000000e-02   3.0000000e-02   1.0000000e-09
   5.0000000e+02   1.3000000e+02   4.0000000e-03   3.0000000e-02   3.0000000e-02
   5.0000000e+02   1.4000000e+02   4.0000000e-02   3.0000000e-02   1.0000000e-09
   5.0000000e+02   1.3000000e+02   4.0000000e-03   3.0000000e-02   3.0000000e-02
   5.0000000e+02   1.4000000e+02   4.0000000e-02   3.0000000e-02   1.0000000e-09
   5.0000000e+02   1.3000000e+02   4.0000000e-03   3.0000000e-02   3.0000000e-02
   5.0000000e+02   1.4000000e+02   4.0000000e-02   3.0000000e-02   1.0000000e-09
   5.0000000e+02   1.3000000e+02   4.0000000e-03   3.0000000e-02   3.0000000e-02
   5.0000000e+02   1.4000000e+02   4.0000000e-02   3.0000000e-02   1.0000000e-09
   5.0000000e+02   1.3000000e+02   4.0000000e-03   3.0000000e-02   3.0000000e-02
   5.0000000e+02   1.4000000e+02   2.2690060e-02   3.0000000e-02   1.0000000e-09
   5.0000000e+02   1.4000000e+02   4.0021600e-03   3.0000000e-02   1.0000000e-09
   5.0000000e+02   1.3000000e+02   4.0000000e-03   3.0000000e-02   3.0000000e-02
   5.0000000e+02   1.4000000e+02   7.0064200e-03   3.0000000e-02   1.0000000e-09
   5.0000000e+02   1.4000000e+02   2.1886540e-02   3.0000000e-02   1.0000000e-09
   5.0000000e+02   1.4000000e+02   3.9464260e-02   3.0000000e-02   1.0000000e-09
   5.0000000e+02   1.3000000e+02   4.0000000e-03   3.0000000e-02   3.0000000e-02
   5.0000000e+02   1.4000000e+02   1.2969220e-02   3.0000000e-02   1.0000000e-09
   5.0000000e+02   1.4000000e+02   4.0000000e-02   3.0000000e-02   1.0000000e-09
   5.0000000e+02   1.4000000e+02   4.0000000e-02   3.0000000e-02   1.0000000e-09
   5.0000000e+02   1.4000000e+02   4.0000000e-02   3.0000000e-02   1.0000000e-09
   5.0000000e+02   1.4000000e+02   4.0000000e-02   3.0000000e-02   1.0000000e-09
   5.0000000e+02   1.4000000e+02   4.0000000e-02   3.0000000e-02   1.0000000e-09
   5.0000000e+02   1.4000000e+02   4.0000000e-02   3.0000000e-02   1.0000000e-09
   5.0000000e+02   1.4000000e+02   4.0000000e-02   3.0000000e-02   1.0000000e-09
   5.0000000e+02   1.4000000e+02   4.0000000e-02   3.0000000e-02   1.0000000e-09
   5.0000000e+02   1.4000000e+02   4.0000000e-02   3.0000000e-02   1.0000000e-09
   5.0000000e+02   1.4000000e+02   4.0000000e-02   3.0000000e-02   1.0000000e-09
   5.0000000e+02   1.4000000e+02   4.0000000e-02   3.0000000e-02   1.0000000e-09
   5.0000000e+02   1.4000000e+02   4.0000000e-02   3.0000000e-02   1.0000000e-09
   5.0000000e+02   1.4000000e+02   4.0000000e-02   3.0000000e-02   1.0000000e-09
   5.0000000e+02   1.4000000e+02   4.0000000e-02   3.0000000e-02   1.0000000e-09
   5.0000000e+02   1.4000000e+02   4.0000000e-02   3.0000000e-02   1.0000000e-09
   5.0000000e+02   1.4000000e+02   4.0000000e-02   3.0000000e-02   1.0000000e-09
   5.0000000e+02   1.4000000e+02   4.0000000e-02   3.0000000e-02   1.0000000e-09
   5.0000000e+02   1.4000000e+02   4.0000000e-02   3.0000000e-02   1.0000000e-09
   5.0000000e+02   1.4000000e+02   4.0000000e-02   3.0000000e-02   1.0000000e-09
   5.0000000e+02   1.4000000e+02   4.0000000e-02   3.0000000e-02   1.0000000e-09
   5.0000000e+02   1.4000000e+02   4.0000000e-02   3.0000000e-02   1.0000000e-09
   5.0000000e+02   1.4000000e+02   4.0000000e-02   3.0000000e-02   1.0000000e-09
   5.0000000e+02   1.4000000e+02   4.0000000e-02   3.0000000e-02   1.0000000e-09
   5.0000000e+02   1.4000000e+02   4.0000000e-02   3.0000000e-02   1.0000000e-09
   5.0000000e+02   1.4000000e+02   4.0000000e-02   3.0000000e-02   1.0000000e-09
   5.0000000e+02   1.4000000e+02   4.0000000e-02   3.0000000e-02   1.0000000e-09
   5.0000000e+02   1.4000000e+02   4.0000000e-02   3.0000000e-02   1.0000000e-09
   5.0000000e+02   1.4000000e+02   4.0000000e-02   3.0000000e-02   1.0000000e-09
   5.0000000e+02   1.4000000e+02   4.0000000e-02   3.0000000e-02   1.0000000e-09
   5.0000000e+02   1.4000000e+02   4.0000000e-02   3.0000000e-02   1.0000000e-09
   5.0000000e+02   1.4000000e+02   4.0000000e-02   3.0000000e-02   1.0000000e-09
   5.0000000e+02   1.4000000e+02   2.2690720e-02   3.0000000e-02   1.0000000e-09
   5.0000000e+02   1.4000000e+02   4.0000000e-02   3.0000000e-02   1.0000000e-09
   5.0000000e+02   1.4000000e+02   2.2691080e-02   3.0000000e-02   1.0000000e-09
   5.0000000e+02   1.4000000e+02   4.0000000e-02   3.0000000e-02   1.0000000e-09
   5.0000000e+02   1.4000000e+02   2.2692040e-02   3.0000000e-02   1.0000000e-09
   5.0000000e+02   1.4000000e+02   4.0000000e-02   3.0000000e-02   1.0000000e-09
   5.0000000e+02   1.4000000e+02   4.0000000e-02   3.0000000e-02   1.0000000e-09
   5.0000000e+02   1.4000000e+02   4.0000000e-02   3.0000000e-02   1.0000000e-09
   5.0000000e+02   1.4000000e+02   4.0000000e-02   3.0000000e-02   1.0000000e-09
   5.0000000e+02   1.4000000e+02   4.0000000e-02   3.0000000e-02   1.0000000e-09
   5.0000000e+02   1.4000000e+02   4.0000000e-02   3.0000000e-02   1.0000000e-09
   5.0000000e+02   1.4000000e+02   4.0000000e-02   3.0000000e-02   1.0000000e-09
   5.0000000e+02   1.4000000e+02   4.0000000e-02   3.0000000e-02   1.0000000e-09
   5.0000000e+02   1.4000000e+02   4.0000000e-02   3.0000000e-02   1.0000000e-09
   5.0000000e+02   1.4000000e+02   4.0000000e-02   3.0000000e-02   1.0000000e-09
   5.0000000e+02   1.4000000e+02   4.0000000e-02   3.0000000e-02   1.0000000e-09
   5.0000000e+02   1.4000000e+02   4.0000000e-02   3.0000000e-02   1.0000000e-09
   5.0000000e+02   1.4000000e+02   4.0000000e-02   3.0000000e-02   1.0000000e-09
   5.0000000e+02   1.4000000e+02   4.0000000e-02   3.0000000e-02   1.0000000e-09
   5.0000000e+02   1.4000000e+02   4.0000000e-02   3.0000000e-02   1.0000000e-09
   5.0000000e+02   1.4000000e+02   4.0000000e-02   3.0000000e-02   1.0000000e-09
   5.0000000e+02   1.4000000e+02   4.0000000e-02   3.0000000e-02   1.0000000e-09
   5.0000000e+02   1.4000000e+02   4.0000000e-02   3.0000000e-02   1.0000000e-09
   5.0000000e+02   1.4000000e+02   4.0000000e-02   3.0000000e-02   1.0000000e-09
   5.0000000e+02   1.4000000e+02   4.0000000e-02   3.0000000e-02   1.0000000e-09
   5.0000000e+02   1.4000000e+02   4.0000000e-02   3.0000000e-02   1.0000000e-09
   5.0000000e+02   1.4000000e+02   4.0000000e-02   3.0000000e-02   1.0000000e-09
   5.0000000e+02   1.4000000e+02   4.0000000e-02   3.0000000e-02   1.0000000e-09
   5.0000000e+02   1.4000000e+02   4.0000000e-02   3.0000000e-02   1.0000000e-09
   5.0000000e+02   1.4000000e+02   4.0000000e-02   3.0000000e-02   1.0000000e-09
   5.0000000e+02   1.4000000e+02   4.0000000e-02   3.0000000e-02   1.0000000e-09
   5.0000000e+02   1.4000000e+02   4.0000000e-02   3.0000000e-02   1.0000000e-09
   5.0000000e+02   1.4000000e+02   4.0000000e-02   3.0000000e-02   1.0000000e-09
   5.0000000e+02   1.4000000e+02   4.0000000e-02   3.0000000e-02   1.0000000e-09
   5.0000000e+02   1.4000000e+02   4.0000000e-02   3.0000000e-02   1.0000000e-09
   5.0000000e+02   1.4000000e+02   4.0000000e-02   3.0000000e-02   1.0000000e-09
   5.0000000e+02   1.4000000e+02   4.0000000e-02   3.0000000e-02   1.0000000e-09
   5.0000000e+02   1.4000000e+02   4.0000000e-02   3.0000000e-02   1.0000000e-09
   5.0000000e+02   1.4000000e+02   4.0000000e-02   3.0000000e-02   1.0000000e-09
   5.0000000e+02   1.4000000e+02   4.0000000e-02   3.0000000e-02   1.0000000e-09
   5.0000000e+02   1.4000000e+02   4.0000000e-02   3.0000000e-02   1.0000000e-09
   5.0000000e+02   1.4000000e+02   4.0000000e-02   3.0000000e-02   1.0000000e-09
   5.0000000e+02   1.4000000e+02   4.0000000e-02   3.0000000e-02   1.0000000e-09
   5.0000000e+02   1.4000000e+02   4.0000000e-02   3.0000000e-02   1.0000000e-09
   5.0000000e+02   1.4000000e+02   4.0000000e-02   3.0000000e-02   1.0000000e-09
   5.0000000e+02   1.4000000e+02   4.0000000e-02   3.0000000e-02   1.0000000e-09
   5.0000000e+02   1.4000000e+02   4.0000000e-02   3.0000000e-02   1.0000000e-09
   5.0000000e+02   1.4000000e+02   4.0000000e-02   3.0000000e-02   1.0000000e-09
   5.0000000e+02   1.4000000e+02   4.0000000e-02   3.0000000e-02   1.0000000e-09
   5.0000000e+02   1.4000000e+02   4.0000000e-02   3.0000000e-02   1.0000000e-09
   5.0000000e+02   1.4000000e+02   4.0000000e-02   3.0000000e-02   1.0000000e-09
   5.0000000e+02   1.4000000e+02   4.0000000e-02   3.0000000e-02   1.0000000e-09
   5.0000000e+02   1.4000000e+02   4.0000000e-02   3.0000000e-02   1.0000000e-09
   5.0000000e+02   1.4000000e+02   4.0000000e-02   3.0000000e-02   1.0000000e-09
   5.0000000e+02   1.4000000e+02   4.0000000e-02   3.0000000e-02   1.0000000e-09
   5.0000000e+02   1.4000000e+02   4.0000000e-02   3.0000000e-02   1.0000000e-09
   5.0000000e+02   1.4000000e+02   4.0000000e-02   3.0000000e-02   1.0000000e-09
   5.0000000e+02   1.4000000e+02   4.0000000e-02   3.0000000e-02   1.0000000e-09
   5.0000000e+02   1.4000000e+02   4.0000000e-02   3.0000000e-02   1.0000000e-09
   5.0000000e+02   1.4000000e+02   4.0000000e-02   3.0000000e-02   1.0000000e-09
   5.0000000e+02   1.4000000e+02   4.0000000e-02   3.0000000e-02   1.0000000e-09
   5.0000000e+02   1.4000000e+02   4.0000000e-02   3.0000000e-02   1.0000000e-09
   5.0000000e+02   1.4000000e+02   4.0000000e-02   3.0000000e-02   1.0000000e-09
   5.0000000e+02   1.4000000e+02   4.0000000e-02   3.0000000e-02   1.0000000e-09
   5.0000000e+02   1.4000000e+02   4.0000000e-02   3.0000000e-02   1.0000000e-09
   5.0000000e+02   1.4000000e+02   4.0000000e-02   3.0000000e-02   1.0000000e-09
   5.0000000e+02   1.4000000e+02   4.0000000e-02   3.0000000e-02   1.0000000e-09
   5.0000000e+02   1.4000000e+02   4.0000000e-02   3.0000000e-02   1.0000000e-09
   5.0000000e+02   1.4000000e+02   4.0000000e-02   3.0000000e-02   1.0000000e-09
   5.0000000e+02   1.4000000e+02   4.0000000e-02   3.0000000e-02   1.0000000e-09
   5.0000000e+02   1.4000000e+02   4.0000000e-02   3.0000000e-02   1.0000000e-09
   5.0000000e+02   1.4000000e+02   4.0000000e-02   3.0000000e-02   1.0000000e-09
   5.0000000e+02   1.4000000e+02   4.0000000e-02   3.0000000e-02   1.0000000e-09
   5.0000000e+02   1.4000000e+02   4.0000000e-02   3.0000000e-02   1.0000000e-09
   5.0000000e+02   1.4000000e+02   4.0000000e-02   3.0000000e-02   1.0000000e-09
   5.0000000e+02   1.4000000e+02   4.0000000e-02   3.0000000e-02   1.0000000e-09
   5.0000000e+02   1.4000000e+02   4.0000000e-02   3.0000000e-02   1.0000000e-09
   5.0000000e+02   1.4000000e+02   4.0000000e-02   3.0000000e-02   1.0000000e-09
   5.0000000e+02   1.4000000e+02   4.0000000e-02   3.0000000e-02   1.0000000e-09
   5.0000000e+02   1.4000000e+02   4.0000000e-02   3.0000000e-02   1.0000000e-09
   5.0000000e+02   1.4000000e+02   4.0000000e-02   3.0000000e-02   1.0000000e-09
   5.0000000e+02   1.4000000e+02   4.0000000e-02   3.0000000e-02   1.0000000e-09
   5.0000000e+02   1.4000000e+02   4.0000000e-02   3.0000000e-02   1.0000000e-09
   5.0000000e+02   1.4000000e+02   4.0000000e-02   3.0000000e-02   1.0000000e-09
   5.0000000e+02   1.4000000e+02   4.0000000e-02   3.0000000e-02   1.0000000e-09
   5.0000000e+02   1.4000000e+02   4.0000000e-02   3.0000000e-02   1.0000000e-09
   5.0000000e+02   1.4000000e+02   4.0000000e-02   3.0000000e-02   1.0000000e-09
   5.0000000e+02   1.4000000e+02   4.0000000e-02   3.0000000e-02   1.0000000e-09
   5.0000000e+02   1.4000000e+02   4.0000000e-02   3.0000000e-02   1.0000000e-09
   5.0000000e+02   1.4000000e+02   4.0000000e-02   3.0000000e-02   1.0000000e-09
   5.0000000e+02   1.4000000e+02   4.0000000e-02   3.0000000e-02   1.0000000e-09
   5.0000000e+02   1.4000000e+02   4.0000000e-02   3.0000000e-02   1.0000000e-09
   5.0000000e+02   1.4000000e+02   4.0000000e-02   3.0000000e-02   1.0000000e-09
   5.0000000e+02   1.4000000e+02   4.0000000e-02   3.0000000e-02   1.0000000e-09
   5.0000000e+02   1.4000000e+02   4.0000000e-02   3.0000000e-02   1.0000000e-09
   5.0000000e+02   1.4000000e+02   4.0000000e-02   3.0000000e-02   1.0000000e-09
   5.0000000e+02   1.4000000e+02   4.0000000e-02   3.0000000e-02   1.0000000e-09
   5.0000000e+02   1.4000000e+02   4.0000000e-02   3.0000000e-02   1.0000000e-09
   5.0000000e+02   1.4000000e+02   4.0000000e-02   3.0000000e-02   1.0000000e-09
   5.0000000e+02   1.4000000e+02   4.0000000e-02   3.0000000e-02   1.0000000e-09
   5.0000000e+02   1.4000000e+02   4.0000000e-02   3.0000000e-02   1.0000000e-09
   5.0000000e+02   1.4000000e+02   4.0000000e-02   3.0000000e-02   1.0000000e-09
   5.0000000e+02   1.4000000e+02   4.0000000e-02   3.0000000e-02   1.0000000e-09
   5.0000000e+02   1.4000000e+02   4.0000000e-02   3.0000000e-02   1.0000000e-09
   5.0000000e+02   1.4000000e+02   4.0000000e-02   3.0000000e-02   1.0000000e-09
   5.0000000e+02   1.4000000e+02   4.0000000e-02   3.0000000e-02   1.0000000e-09
   5.0000000e+02   1.4000000e+02   2.2744960e-02   3.0000000e-02   1.0000000e-09
   5.0000000e+02   1.4000000e+02   4.0000000e-02   3.0000000e-02   1.0000000e-09
   5.0000000e+02   1.4000000e+02   2.2780240e-02   3.0000000e-02   1.0000000e-09
   5.0000000e+02   1.4000000e+02   4.0000000e-02   3.0000000e-02   1.0000000e-09
   5.0000000e+02   1.4000000e+02   4.0000000e-02   3.0000000e-02   1.0000000e-09
   5.0000000e+02   1.4000000e+02   4.0000000e-02   3.0000000e-02   1.0000000e-09
   5.0000000e+02   1.4000000e+02   4.0000000e-02   3.0000000e-02   1.0000000e-09
   5.0000000e+02   1.4000000e+02   4.0000000e-02   3.0000000e-02   1.0000000e-09
   5.0000000e+02   1.4000000e+02   4.0000000e-02   3.0000000e-02   1.0000000e-09
   5.0000000e+02   1.4000000e+02   4.0000000e-02   3.0000000e-02   1.0000000e-09
   5.0000000e+02   1.4000000e+02   4.0000000e-02   3.0000000e-02   1.0000000e-09
   5.0000000e+02   1.4000000e+02   4.0000000e-02   3.0000000e-02   1.0000000e-09
   5.0000000e+02   1.4000000e+02   4.0000000e-02   3.0000000e-02   1.0000000e-09
   5.0000000e+02   1.4000000e+02   4.0000000e-02   3.0000000e-02   1.0000000e-09
   5.0000000e+02   1.4000000e+02   4.0000000e-02   3.0000000e-02   1.0000000e-09
   5.0000000e+02   1.4000000e+02   4.0000000e-02   3.0000000e-02   1.0000000e-09
   5.0000000e+02   1.4000000e+02   4.0000000e-02   3.0000000e-02   1.0000000e-09
   5.0000000e+02   1.4000000e+02   4.0000000e-02   3.0000000e-02   1.0000000e-09
   5.0000000e+02   1.4000000e+02   4.0000000e-02   3.0000000e-02   1.0000000e-09
   5.0000000e+02   1.4000000e+02   4.0000000e-02   3.0000000e-02   1.0000000e-09
   5.0000000e+02   1.4000000e+02   4.0000000e-02   3.0000000e-02   1.0000000e-09
   5.0000000e+02   1.4000000e+02   4.0000000e-02   3.0000000e-02   1.0000000e-09
   5.0000000e+02   1.4000000e+02   4.0000000e-02   3.0000000e-02   1.0000000e-09
   5.0000000e+02   1.4000000e+02   4.0000000e-02   3.0000000e-02   1.0000000e-09
   5.0000000e+02   1.4000000e+02   4.0000000e-02   3.0000000e-02   1.0000000e-09
   5.0000000e+02   1.4000000e+02   4.0000000e-02   3.0000000e-02   1.0000000e-09
   5.0000000e+02   1.4000000e+02   4.0000000e-02   3.0000000e-02   1.0000000e-09
   5.0000000e+02   1.4000000e+02   4.0000000e-02   3.0000000e-02   1.0000000e-09
   5.0000000e+02   1.4000000e+02   4.0000000e-02   3.0000000e-02   1.0000000e-09
   5.0000000e+02   1.4000000e+02   4.0000000e-02   3.0000000e-02   1.0000000e-09
   5.0000000e+02   1.4000000e+02   4.0000000e-02   3.0000000e-02   1.0000000e-09
   5.0000000e+02   1.4000000e+02   4.0000000e-02   3.0000000e-02   1.0000000e-09
   5.0000000e+02   1.4000000e+02   4.0000000e-02   3.0000000e-02   1.0000000e-09
   5.0000000e+02   1.4000000e+02   4.0000000e-02   3.0000000e-02   1.0000000e-09
   5.0000000e+02   1.4000000e+02   4.0000000e-02   3.0000000e-02   1.0000000e-09
   5.0000000e+02   1.4000000e+02   1.3024480e-02   3.0000000e-02   1.0000000e-09
   5.0000000e+02   1.4000000e+02   2.2354120e-02   3.0000000e-02   1.0000000e-09
   5.0000000e+02   1.4000000e+02   4.0000000e-03   3.0000000e-02   1.0000000e-09
   5.0000000e+02   1.4000000e+02   2.3127700e-02   3.0000000e-02   1.0000000e-09
   5.0000000e+02   1.4000000e+02   4.0000000e-03   3.0000000e-02   1.0000000e-09
   5.0000000e+02   1.4000000e+02   2.2972300e-02   3.0000000e-02   1.0000000e-09
   5.0000000e+02   1.4000000e+02   4.0000000e-03   3.0000000e-02   1.0000000e-09
   5.0000000e+02   1.4000000e+02   2.2848940e-02   3.0000000e-02   1.0000000e-09
   5.0000000e+02   1.4000000e+02   4.0000000e-03   3.0000000e-02   1.0000000e-09
   5.0000000e+02   1.4000000e+02   4.0000000e-03   3.0000000e-02   1.0000000e-09
   5.0000000e+02   1.4000000e+02   7.0486600e-03   3.0000000e-02   1.0000000e-09
   5.0000000e+02   1.4000000e+02   4.0000000e-03   3.0000000e-02   1.0000000e-09
   5.0000000e+02   1.4000000e+02   7.0202800e-03   3.0000000e-02   1.0000000e-09
   5.0000000e+02   1.4000000e+02   4.0000000e-03   3.0000000e-02   1.0000000e-09
   5.0000000e+02   1.4000000e+02   7.0054000e-03   3.0000000e-02   1.0000000e-09
   5.0000000e+02   1.4000000e+02   2.2711060e-02   3.0000000e-02   1.0000000e-09
   5.0000000e+02   1.4000000e+02   4.0000000e-03   3.0000000e-02   1.0000000e-09
   5.0000000e+02   1.4000000e+02   2.2702000e-02   3.0000000e-02   1.0000000e-09
   5.0000000e+02   1.4000000e+02   4.0000000e-03   3.0000000e-02   1.0000000e-09
   5.0000000e+02   1.4000000e+02   2.2696720e-02   3.0000000e-02   1.0000000e-09
   5.0000000e+02   1.4000000e+02   4.0000000e-03   3.0000000e-02   1.0000000e-09
   5.0000000e+02   1.4000000e+02   2.2694200e-02   3.0000000e-02   1.0000000e-09
   5.0000000e+02   1.4000000e+02   4.0000000e-03   3.0000000e-02   1.0000000e-09
   5.0000000e+02   1.4000000e+02   2.2693480e-02   3.0000000e-02   1.0000000e-09
   5.0000000e+02   1.4000000e+02   4.0000000e-03   3.0000000e-02   1.0000000e-09
   5.0000000e+02   1.4000000e+02   2.2693540e-02   3.0000000e-02   1.0000000e-09
   5.0000000e+02   1.4000000e+02   4.0000000e-03   3.0000000e-02   1.0000000e-09
   5.0000000e+02   1.4000000e+02   2.2693720e-02   3.0000000e-02   1.0000000e-09
   5.0000000e+02   1.4000000e+02   4.0000000e-03   3.0000000e-02   1.0000000e-09
   5.0000000e+02   1.4000000e+02   2.2693900e-02   3.0000000e-02   1.0000000e-09
   5.0000000e+02   1.4000000e+02   4.0000000e-03   3.0000000e-02   1.0000000e-09
   5.0000000e+02   1.4000000e+02   2.2693960e-02   3.0000000e-02   1.0000000e-09
   5.0000000e+02   1.4000000e+02   4.0000000e-03   3.0000000e-02   1.0000000e-09
   5.0000000e+02   1.4000000e+02   2.2693960e-02   3.0000000e-02   1.0000000e-09
   5.0000000e+02   1.4000000e+02   4.0000000e-03   3.0000000e-02   1.0000000e-09
   5.0000000e+02   1.4000000e+02   2.2693960e-02   3.0000000e-02   1.0000000e-09
   5.0000000e+02   1.4000000e+02   4.0000000e-03   3.0000000e-02   1.0000000e-09
   5.0000000e+02   1.4000000e+02   2.2693960e-02   3.0000000e-02   1.0000000e-09
   5.0000000e+02   1.4000000e+02   4.0000000e-03   3.0000000e-02   1.0000000e-09
   5.0000000e+02   1.4000000e+02   2.2693960e-02   3.0000000e-02   1.0000000e-09
   5.0000000e+02   1.4000000e+02   4.0000000e-03   3.0000000e-02   1.0000000e-09
   5.0000000e+02   1.4000000e+02   2.2693960e-02   3.0000000e-02   1.0000000e-09
   5.0000000e+02   1.4000000e+02   4.0000000e-03   3.0000000e-02   1.0000000e-09
   5.0000000e+02   1.4000000e+02   2.2693960e-02   3.0000000e-02   1.0000000e-09
   5.0000000e+02   1.4000000e+02   4.0000000e-03   3.0000000e-02   1.0000000e-09
   5.0000000e+02   1.4000000e+02   2.2693960e-02   3.0000000e-02   1.0000000e-09
   5.0000000e+02   1.4000000e+02   4.0000000e-03   3.0000000e-02   1.0000000e-09
   5.0000000e+02   1.4000000e+02   2.2693960e-02   3.0000000e-02   1.0000000e-09
   5.0000000e+02   1.4000000e+02   4.0000000e-03   3.0000000e-02   1.0000000e-09
   5.0000000e+02   1.4000000e+02   2.2693960e-02   3.0000000e-02   1.0000000e-09
   5.0000000e+02   1.4000000e+02   4.0000000e-03   3.0000000e-02   1.0000000e-09
   5.0000000e+02   1.4000000e+02   2.2693960e-02   3.0000000e-02   1.0000000e-09
   5.0000000e+02   1.4000000e+02   4.0000000e-03   3.0000000e-02   1.0000000e-09
   5.0000000e+02   1.4000000e+02   2.2693960e-02   3.0000000e-02   1.0000000e-09
   5.0000000e+02   1.4000000e+02   4.0000000e-03   3.0000000e-02   1.0000000e-09
   5.0000000e+02   1.4000000e+02   2.2693960e-02   3.0000000e-02   1.0000000e-09
   5.0000000e+02   1.4000000e+02   4.0000000e-03   3.0000000e-02   1.0000000e-09
   5.0000000e+02   1.4000000e+02   2.2693960e-02   3.0000000e-02   1.0000000e-09
   5.0000000e+02   1.4000000e+02   4.0000000e-03   3.0000000e-02   1.0000000e-09
   5.0000000e+02   1.4000000e+02   2.2693960e-02   3.0000000e-02   1.0000000e-09
   5.0000000e+02   1.4000000e+02   4.0000000e-03   3.0000000e-02   1.0000000e-09
   5.0000000e+02   1.4000000e+02   2.2693960e-02   3.0000000e-02   1.0000000e-09
   5.0000000e+02   1.4000000e+02   4.0000000e-03   3.0000000e-02   1.0000000e-09
   5.0000000e+02   1.4000000e+02   2.2693960e-02   3.0000000e-02   1.0000000e-09
   5.0000000e+02   1.4000000e+02   4.0000000e-03   3.0000000e-02   1.0000000e-09
   5.0000000e+02   1.4000000e+02   2.2693960e-02   3.0000000e-02   1.0000000e-09
   5.0000000e+02   1.4000000e+02   4.0000000e-03   3.0000000e-02   1.0000000e-09
   5.0000000e+02   1.4000000e+02   2.2693960e-02   3.0000000e-02   1.0000000e-09
   5.0000000e+02   1.4000000e+02   4.0000000e-03   3.0000000e-02   1.0000000e-09
   5.0000000e+02   1.4000000e+02   2.2693960e-02   3.0000000e-02   1.0000000e-09
   5.0000000e+02   1.4000000e+02   4.0000000e-03   3.0000000e-02   1.0000000e-09
   5.0000000e+02   1.4000000e+02   2.2693960e-02   3.0000000e-02   1.0000000e-09
   5.0000000e+02   1.4000000e+02   4.0000000e-03   3.0000000e-02   1.0000000e-09
   5.0000000e+02   1.4000000e+02   2.2693960e-02   3.0000000e-02   1.0000000e-09
   5.0000000e+02   1.4000000e+02   4.0000000e-03   3.0000000e-02   1.0000000e-09
   5.0000000e+02   1.4000000e+02   2.2693960e-02   3.0000000e-02   1.0000000e-09
   5.0000000e+02   1.4000000e+02   4.0000000e-03   3.0000000e-02   1.0000000e-09
   5.0000000e+02   1.4000000e+02   2.2693960e-02   3.0000000e-02   1.0000000e-09
   5.0000000e+02   1.4000000e+02   4.0000000e-03   3.0000000e-02   1.0000000e-09
   5.0000000e+02   1.4000000e+02   2.2693960e-02   3.0000000e-02   1.0000000e-09
   5.0000000e+02   1.4000000e+02   4.0000000e-03   3.0000000e-02   1.0000000e-09
   5.0000000e+02   1.4000000e+02   2.2693960e-02   3.0000000e-02   1.0000000e-09
   5.0000000e+02   1.4000000e+02   4.0000000e-03   3.0000000e-02   1.0000000e-09
   5.0000000e+02   1.4000000e+02   2.2693960e-02   3.0000000e-02   1.0000000e-09
   5.0000000e+02   1.4000000e+02   4.0000000e-03   3.0000000e-02   1.0000000e-09
   5.0000000e+02   1.4000000e+02   2.2693960e-02   3.0000000e-02   1.0000000e-09
   5.0000000e+02   1.4000000e+02   4.0000000e-03   3.0000000e-02   1.0000000e-09
   5.0000000e+02   1.4000000e+02   2.2693960e-02   3.0000000e-02   1.0000000e-09
   5.0000000e+02   1.4000000e+02   4.0000000e-03   3.0000000e-02   1.0000000e-09
   5.0000000e+02   1.4000000e+02   2.2693960e-02   3.0000000e-02   1.0000000e-09
   5.0000000e+02   1.4000000e+02   4.0000000e-03   3.0000000e-02   1.0000000e-09
   5.0000000e+02   1.4000000e+02   2.2693960e-02   3.0000000e-02   1.0000000e-09
   5.0000000e+02   1.4000000e+02   4.0000000e-03   3.0000000e-02   1.0000000e-09
   5.0000000e+02   1.4000000e+02   2.2693960e-02   3.0000000e-02   1.0000000e-09
   5.0000000e+02   1.4000000e+02   4.0000000e-03   3.0000000e-02   1.0000000e-09
   5.0000000e+02   1.4000000e+02   2.2693960e-02   3.0000000e-02   1.0000000e-09
   5.0000000e+02   1.4000000e+02   4.0000000e-03   3.0000000e-02   1.0000000e-09
   5.0000000e+02   1.4000000e+02   2.2693960e-02   3.0000000e-02   1.0000000e-09
   5.0000000e+02   1.3000000e+02   4.0000000e-03   3.0000000e-02   3.0000000e-02
   5.0000000e+02   1.4000000e+02   2.2694020e-02   3.0000000e-02   1.0000000e-09
   5.0000000e+02   1.3000000e+02   4.0000000e-03   3.0000000e-02   3.0000000e-02
   5.0000000e+02   1.4000000e+02   2.2694080e-02   3.0000000e-02   1.0000000e-09
   5.0000000e+02   1.3000000e+02   4.0000000e-03   3.0000000e-02   3.0000000e-02
   5.0000000e+02   1.4000000e+02   2.2694140e-02   3.0000000e-02   1.0000000e-09
   5.0000000e+02   1.3000000e+02   4.0000000e-03   3.0000000e-02   3.0000000e-02
   5.0000000e+02   1.4000000e+02   2.2694200e-02   3.0000000e-02   1.0000000e-09
   5.0000000e+02   1.3000000e+02   4.0000000e-03   3.0000000e-02   3.0000000e-02
   5.0000000e+02   1.4000000e+02   2.2694140e-02   3.0000000e-02   1.0000000e-09
   5.0000000e+02   1.3000000e+02   4.0000000e-03   3.0000000e-02   3.0000000e-02
   5.0000000e+02   1.4000000e+02   2.2693840e-02   3.0000000e-02   1.0000000e-09
   5.0000000e+02   1.3000000e+02   4.0000000e-03   3.0000000e-02   3.0000000e-02
   5.0000000e+02   1.4000000e+02   2.2693120e-02   3.0000000e-02   1.0000000e-09
   5.0000000e+02   1.3000000e+02   4.0000000e-03   3.0000000e-02   3.0000000e-02
   5.0000000e+02   1.4000000e+02   4.0000000e-02   3.0000000e-02   1.0000000e-09
   5.0000000e+02   1.3000000e+02   4.0000000e-03   3.0000000e-02   3.0000000e-02
   5.0000000e+02   1.3000000e+02   4.0000000e-03   3.0000000e-02   3.0000000e-02
   5.0000000e+02   1.4000000e+02   6.9802600e-03   3.0000000e-02   1.0000000e-09
   5.0000000e+02   1.3000000e+02   4.0000000e-03   3.0000000e-02   3.0000000e-02
   5.0000000e+02   1.4000000e+02   6.9802600e-03   3.0000000e-02   1.0000000e-09
   5.0000000e+02   1.3000000e+02   4.0000000e-03   3.0000000e-02   3.0000000e-02
   5.0000000e+02   1.4000000e+02   6.9802600e-03   3.0000000e-02   1.0000000e-09
   5.0000000e+02   1.4000000e+02   6.9802600e-03   3.0000000e-02   1.0000000e-09
   5.0000000e+02   1.4000000e+02   4.0000000e-02   3.0000000e-02   1.0000000e-09
   5.0000000e+02   1.4000000e+02   4.0000000e-02   3.0000000e-02   1.0000000e-09
   5.0000000e+02   1.4000000e+02   4.0000000e-02   3.0000000e-02   1.0000000e-09
   5.0000000e+02   1.4000000e+02   3.0784180e-02   3.0000000e-02   1.0000000e-09
   5.0000000e+02   1.4000000e+02   7.1317600e-03   3.0000000e-02   1.0000000e-09
   5.0000000e+02   1.4000000e+02   4.0000000e-02   3.0000000e-02   1.0000000e-09
   5.0000000e+02   1.4000000e+02   2.2039960e-02   3.0000000e-02   1.0000000e-09
   5.0000000e+02   1.4000000e+02   4.0000000e-02   3.0000000e-02   1.0000000e-09
   5.0000000e+02   1.4000000e+02   3.9580180e-02   3.0000000e-02   1.0000000e-09
   5.0000000e+02   1.4000000e+02   4.0000000e-02   3.0000000e-02   1.0000000e-09
   5.0000000e+02   1.4000000e+02   4.0000000e-02   3.0000000e-02   1.0000000e-09
   5.0000000e+02   1.4000000e+02   4.0000000e-02   3.0000000e-02   1.0000000e-09
   5.0000000e+02   1.4000000e+02   4.0000000e-02   3.0000000e-02   1.0000000e-09
   5.0000000e+02   1.4000000e+02   4.0000000e-02   3.0000000e-02   1.0000000e-09
   5.0000000e+02   1.4000000e+02   4.0000000e-02   3.0000000e-02   1.0000000e-09
   5.0000000e+02   1.4000000e+02   4.0000000e-02   3.0000000e-02   1.0000000e-09
   5.0000000e+02   1.4000000e+02   4.0000000e-02   3.0000000e-02   1.0000000e-09
   5.0000000e+02   1.4000000e+02   4.0000000e-02   3.0000000e-02   1.0000000e-09
   5.0000000e+02   1.4000000e+02   4.0000000e-02   3.0000000e-02   1.0000000e-09
   5.0000000e+02   1.4000000e+02   4.0000000e-02   3.0000000e-02   1.0000000e-09
   5.0000000e+02   1.4000000e+02   4.0000000e-02   3.0000000e-02   1.0000000e-09
   5.0000000e+02   1.4000000e+02   4.0000000e-02   3.0000000e-02   1.0000000e-09
   5.0000000e+02   1.4000000e+02   4.0000000e-02   3.0000000e-02   1.0000000e-09
   5.0000000e+02   1.4000000e+02   4.0000000e-02   3.0000000e-02   1.0000000e-09
   5.0000000e+02   1.4000000e+02   4.0000000e-02   3.0000000e-02   1.0000000e-09
   5.0000000e+02   1.4000000e+02   4.0000000e-02   3.0000000e-02   1.0000000e-09
   5.0000000e+02   1.4000000e+02   4.0000000e-02   3.0000000e-02   1.0000000e-09
   5.0000000e+02   1.4000000e+02   4.0000000e-02   3.0000000e-02   1.0000000e-09
   5.0000000e+02   1.4000000e+02   4.0000000e-02   3.0000000e-02   1.0000000e-09
   5.0000000e+02   1.4000000e+02   3.3304240e-02   3.0000000e-02   1.0000000e-09
   5.0000000e+02   1.4000000e+02   4.0000000e-02   3.0000000e-02   1.0000000e-09
   5.0000000e+02   1.4000000e+02   3.3308560e-02   3.0000000e-02   1.0000000e-09
   5.0000000e+02   1.4000000e+02   4.0000000e-02   3.0000000e-02   1.0000000e-09
   5.0000000e+02   1.4000000e+02   4.0000000e-02   3.0000000e-02   1.0000000e-09
   5.0000000e+02   1.4000000e+02   4.0000000e-02   3.0000000e-02   1.0000000e-09
   5.0000000e+02   1.4000000e+02   4.0000000e-02   3.0000000e-02   1.0000000e-09
   5.0000000e+02   1.4000000e+02   4.0000000e-02   3.0000000e-02   1.0000000e-09
   5.0000000e+02   1.4000000e+02   4.0000000e-02   3.0000000e-02   1.0000000e-09
   5.0000000e+02   1.4000000e+02   4.0000000e-02   3.0000000e-02   1.0000000e-09
   5.0000000e+02   1.4000000e+02   4.0000000e-02   3.0000000e-02   1.0000000e-09
   5.0000000e+02   1.4000000e+02   4.0000000e-02   3.0000000e-02   1.0000000e-09
   5.0000000e+02   1.4000000e+02   4.0000000e-02   3.0000000e-02   1.0000000e-09
   5.0000000e+02   1.4000000e+02   4.0000000e-02   3.0000000e-02   1.0000000e-09
   5.0000000e+02   1.4000000e+02   4.0000000e-02   3.0000000e-02   1.0000000e-09
   5.0000000e+02   1.4000000e+02   4.0000000e-02   3.0000000e-02   1.0000000e-09
   5.0000000e+02   1.4000000e+02   4.0000000e-02   3.0000000e-02   1.0000000e-09
   5.0000000e+02   1.4000000e+02   4.0000000e-02   3.0000000e-02   1.0000000e-09
   5.0000000e+02   1.4000000e+02   4.0000000e-02   3.0000000e-02   1.0000000e-09
   5.0000000e+02   1.4000000e+02   4.0000000e-02   3.0000000e-02   1.0000000e-09
   5.0000000e+02   1.4000000e+02   4.0000000e-02   3.0000000e-02   1.0000000e-09
   5.0000000e+02   1.4000000e+02   4.0000000e-02   3.0000000e-02   1.0000000e-09
   5.0000000e+02   1.4000000e+02   4.0000000e-02   3.0000000e-02   1.0000000e-09
   5.0000000e+02   1.4000000e+02   4.0000000e-02   3.0000000e-02   1.0000000e-09
   5.0000000e+02   1.4000000e+02   4.0000000e-02   3.0000000e-02   1.0000000e-09
   5.0000000e+02   1.4000000e+02   4.0000000e-02   3.0000000e-02   1.0000000e-09
   5.0000000e+02   1.4000000e+02   4.0000000e-02   3.0000000e-02   1.0000000e-09
   5.0000000e+02   1.4000000e+02   4.0000000e-02   3.0000000e-02   1.0000000e-09
   5.0000000e+02   1.4000000e+02   4.0000000e-02   3.0000000e-02   1.0000000e-09
   5.0000000e+02   1.4000000e+02   4.0000000e-02   3.0000000e-02   1.0000000e-09
   5.0000000e+02   1.4000000e+02   4.0000000e-02   3.0000000e-02   1.0000000e-09
   5.0000000e+02   1.4000000e+02   4.0000000e-02   3.0000000e-02   1.0000000e-09
   5.0000000e+02   1.4000000e+02   4.0000000e-02   3.0000000e-02   1.0000000e-09
   5.0000000e+02   1.4000000e+02   4.0000000e-02   3.0000000e-02   1.0000000e-09
   5.0000000e+02   1.4000000e+02   4.0000000e-02   3.0000000e-02   1.0000000e-09
   5.0000000e+02   1.4000000e+02   4.0000000e-02   3.0000000e-02   1.0000000e-09
   5.0000000e+02   1.4000000e+02   4.0000000e-02   3.0000000e-02   1.0000000e-09
   5.0000000e+02   1.4000000e+02   4.0000000e-02   3.0000000e-02   1.0000000e-09
   5.0000000e+02   1.4000000e+02   4.0000000e-02   3.0000000e-02   1.0000000e-09
   5.0000000e+02   1.4000000e+02   4.0000000e-02   3.0000000e-02   1.0000000e-09
   5.0000000e+02   1.4000000e+02   4.0000000e-02   3.0000000e-02   1.0000000e-09
   5.0000000e+02   1.4000000e+02   4.0000000e-02   3.0000000e-02   1.0000000e-09
   5.0000000e+02   1.4000000e+02   4.0000000e-02   3.0000000e-02   1.0000000e-09
   5.0000000e+02   1.4000000e+02   4.0000000e-02   3.0000000e-02   1.0000000e-09
   5.0000000e+02   1.4000000e+02   4.0000000e-02   3.0000000e-02   1.0000000e-09
   5.0000000e+02   1.4000000e+02   4.0000000e-02   3.0000000e-02   1.0000000e-09
   5.0000000e+02   1.4000000e+02   4.0000000e-02   3.0000000e-02   1.0000000e-09
   5.0000000e+02   1.4000000e+02   4.0000000e-02   3.0000000e-02   1.0000000e-09
   5.0000000e+02   1.4000000e+02   4.0000000e-02   3.0000000e-02   1.0000000e-09
   5.0000000e+02   1.4000000e+02   4.0000000e-02   3.0000000e-02   1.0000000e-09
   5.0000000e+02   1.4000000e+02   4.0000000e-02   3.0000000e-02   1.0000000e-09
   5.0000000e+02   1.4000000e+02   4.0000000e-02   3.0000000e-02   1.0000000e-09
   5.0000000e+02   1.4000000e+02   4.0000000e-02   3.0000000e-02   1.0000000e-09
   5.0000000e+02   1.4000000e+02   4.0000000e-02   3.0000000e-02   1.0000000e-09
   5.0000000e+02   1.4000000e+02   4.0000000e-02   3.0000000e-02   1.0000000e-09
   5.0000000e+02   1.4000000e+02   4.0000000e-02   3.0000000e-02   1.0000000e-09
   5.0000000e+02   1.4000000e+02   4.0000000e-02   3.0000000e-02   1.0000000e-09
   5.0000000e+02   1.4000000e+02   4.0000000e-02   3.0000000e-02   1.0000000e-09
   5.0000000e+02   1.4000000e+02   4.0000000e-02   3.0000000e-02   1.0000000e-09
   5.0000000e+02   1.4000000e+02   4.0000000e-02   3.0000000e-02   1.0000000e-09
   5.0000000e+02   1.4000000e+02   4.0000000e-02   3.0000000e-02   1.0000000e-09
   5.0000000e+02   1.4000000e+02   4.0000000e-02   3.0000000e-02   1.0000000e-09
   5.0000000e+02   1.4000000e+02   4.0000000e-02   3.0000000e-02   1.0000000e-09
   5.0000000e+02   1.4000000e+02   4.0000000e-02   3.0000000e-02   1.0000000e-09
   5.0000000e+02   1.4000000e+02   4.0000000e-02   3.0000000e-02   1.0000000e-09
   5.0000000e+02   1.4000000e+02   4.0000000e-02   3.0000000e-02   1.0000000e-09
   5.0000000e+02   1.4000000e+02   4.0000000e-02   3.0000000e-02   1.0000000e-09
   5.0000000e+02   1.4000000e+02   4.0000000e-02   3.0000000e-02   1.0000000e-09
   5.0000000e+02   1.4000000e+02   4.0000000e-02   3.0000000e-02   1.0000000e-09
   5.0000000e+02   1.4000000e+02   4.0000000e-02   3.0000000e-02   1.0000000e-09
   5.0000000e+02   1.4000000e+02   4.0000000e-02   3.0000000e-02   1.0000000e-09
   5.0000000e+02   1.4000000e+02   4.0000000e-02   3.0000000e-02   1.0000000e-09
   5.0000000e+02   1.4000000e+02   4.0000000e-02   3.0000000e-02   1.0000000e-09
   5.0000000e+02   1.4000000e+02   4.0000000e-02   3.0000000e-02   1.0000000e-09
   5.0000000e+02   1.4000000e+02   4.0000000e-02   3.0000000e-02   1.0000000e-09
   5.0000000e+02   1.4000000e+02   4.0000000e-02   3.0000000e-02   1.0000000e-09
   5.0000000e+02   1.4000000e+02   4.0000000e-02   3.0000000e-02   1.0000000e-09
   5.0000000e+02   1.4000000e+02   4.0000000e-02   3.0000000e-02   1.0000000e-09
   5.0000000e+02   1.4000000e+02   4.0000000e-02   3.0000000e-02   1.0000000e-09
   5.0000000e+02   1.4000000e+02   4.0000000e-02   3.0000000e-02   1.0000000e-09
   5.0000000e+02   1.4000000e+02   4.0000000e-02   3.0000000e-02   1.0000000e-09
   5.0000000e+02   1.4000000e+02   4.0000000e-02   3.0000000e-02   1.0000000e-09
   5.0000000e+02   1.4000000e+02   4.0000000e-02   3.0000000e-02   1.0000000e-09
   5.0000000e+02   1.4000000e+02   4.0000000e-02   3.0000000e-02   1.0000000e-09
   5.0000000e+02   1.4000000e+02   4.0000000e-02   3.0000000e-02   1.0000000e-09
   5.0000000e+02   1.4000000e+02   4.0000000e-02   3.0000000e-02   1.0000000e-09
   5.0000000e+02   1.4000000e+02   4.0000000e-02   3.0000000e-02   1.0000000e-09
   5.0000000e+02   1.4000000e+02   4.0000000e-02   3.0000000e-02   1.0000000e-09
   5.0000000e+02   1.4000000e+02   4.0000000e-02   3.0000000e-02   1.0000000e-09
   5.0000000e+02   1.4000000e+02   4.0000000e-02   3.0000000e-02   1.0000000e-09
   5.0000000e+02   1.4000000e+02   4.0000000e-02   3.0000000e-02   1.0000000e-09
   5.0000000e+02   1.4000000e+02   4.0000000e-02   3.0000000e-02   1.0000000e-09
   5.0000000e+02   1.4000000e+02   4.0000000e-02   3.0000000e-02   1.0000000e-09
   5.0000000e+02   1.4000000e+02   4.0000000e-02   3.0000000e-02   1.0000000e-09
   5.0000000e+02   1.4000000e+02   4.0000000e-02   3.0000000e-02   1.0000000e-09
   5.0000000e+02   1.4000000e+02   4.0000000e-02   3.0000000e-02   1.0000000e-09
   5.0000000e+02   1.4000000e+02   4.0000000e-02   3.0000000e-02   1.0000000e-09
   5.0000000e+02   1.4000000e+02   4.0000000e-02   3.0000000e-02   1.0000000e-09
   5.0000000e+02   1.4000000e+02   4.0000000e-02   3.0000000e-02   1.0000000e-09
   5.0000000e+02   1.4000000e+02   4.0000000e-02   3.0000000e-02   1.0000000e-09
   5.0000000e+02   1.4000000e+02   4.0000000e-02   3.0000000e-02   1.0000000e-09
   5.0000000e+02   1.4000000e+02   4.0000000e-02   3.0000000e-02   1.0000000e-09
   5.0000000e+02   1.4000000e+02   3.3327280e-02   3.0000000e-02   1.0000000e-09
   5.0000000e+02   1.4000000e+02   4.0000000e-02   3.0000000e-02   1.0000000e-09
   5.0000000e+02   1.4000000e+02   3.3337120e-02   3.0000000e-02   1.0000000e-09
   5.0000000e+02   1.4000000e+02   4.0000000e-02   3.0000000e-02   1.0000000e-09
   5.0000000e+02   1.4000000e+02   4.0000000e-02   3.0000000e-02   1.0000000e-09
   5.0000000e+02   1.4000000e+02   4.0000000e-02   3.0000000e-02   1.0000000e-09
   5.0000000e+02   1.4000000e+02   4.0000000e-02   3.0000000e-02   1.0000000e-09
   5.0000000e+02   1.4000000e+02   4.0000000e-02   3.0000000e-02   1.0000000e-09
   5.0000000e+02   1.4000000e+02   4.0000000e-02   3.0000000e-02   1.0000000e-09
   5.0000000e+02   1.4000000e+02   4.0000000e-02   3.0000000e-02   1.0000000e-09
   5.0000000e+02   1.4000000e+02   4.0000000e-02   3.0000000e-02   1.0000000e-09
   5.0000000e+02   1.4000000e+02   4.0000000e-02   3.0000000e-02   1.0000000e-09
   5.0000000e+02   1.4000000e+02   4.0000000e-02   3.0000000e-02   1.0000000e-09
   5.0000000e+02   1.4000000e+02   4.0000000e-02   3.0000000e-02   1.0000000e-09
   5.0000000e+02   1.4000000e+02   4.0000000e-02   3.0000000e-02   1.0000000e-09
   5.0000000e+02   1.4000000e+02   4.0000000e-02   3.0000000e-02   1.0000000e-09
   5.0000000e+02   1.4000000e+02   4.0000000e-02   3.0000000e-02   1.0000000e-09
   5.0000000e+02   1.4000000e+02   4.0000000e-02   3.0000000e-02   1.0000000e-09
   5.0000000e+02   1.4000000e+02   4.0000000e-02   3.0000000e-02   1.0000000e-09
   5.0000000e+02   1.4000000e+02   4.0000000e-02   3.0000000e-02   1.0000000e-09
   5.0000000e+02   1.4000000e+02   4.0000000e-02   3.0000000e-02   1.0000000e-09
   5.0000000e+02   1.4000000e+02   4.0000000e-02   3.0000000e-02   1.0000000e-09
   5.0000000e+02   1.4000000e+02   4.0000000e-02   3.0000000e-02   1.0000000e-09
   5.0000000e+02   1.4000000e+02   3.3590980e-02   3.0000000e-02   1.0000000e-09
   5.0000000e+02   1.4000000e+02   4.0000000e-02   3.0000000e-02   1.0000000e-09
   5.0000000e+02   1.4000000e+02   4.0000000e-02   3.0000000e-02   1.0000000e-09
   5.0000000e+02   1.4000000e+02   3.9957220e-02   3.0000000e-02   1.0000000e-09
   5.0000000e+02   1.4000000e+02   4.0000000e-02   3.0000000e-02   1.0000000e-09
   5.0000000e+02   1.4000000e+02   4.0000000e-02   3.0000000e-02   1.0000000e-09
   5.0000000e+02   1.4000000e+02   1.7743120e-02   3.0000000e-02   1.0000000e-09
   5.0000000e+02   1.4000000e+02   1.7621560e-02   3.0000000e-02   1.0000000e-09
   5.0000000e+02   1.4000000e+02   3.1499920e-02   3.0000000e-02   1.0000000e-09
   5.0000000e+02   1.4000000e+02   4.0000000e-02   3.0000000e-02   1.0000000e-09
   5.0000000e+02   1.4000000e+02   1.7536660e-02   3.0000000e-02   1.0000000e-09
   5.0000000e+02   1.4000000e+02   4.0000000e-02   3.0000000e-02   1.0000000e-09
   5.0000000e+02   1.4000000e+02   1.7492740e-02   3.0000000e-02   1.0000000e-09
   5.0000000e+02   1.4000000e+02   3.3352240e-02   3.0000000e-02   1.0000000e-09
   5.0000000e+02   1.4000000e+02   1.7470120e-02   3.0000000e-02   1.0000000e-09
   5.0000000e+02   1.4000000e+02   4.0000000e-02   3.0000000e-02   1.0000000e-09
   5.0000000e+02   1.4000000e+02   1.7455780e-02   3.0000000e-02   1.0000000e-09
   5.0000000e+02   1.4000000e+02   4.0000000e-02   3.0000000e-02   1.0000000e-09
   5.0000000e+02   1.4000000e+02   1.7445820e-02   3.0000000e-02   1.0000000e-09
   5.0000000e+02   1.4000000e+02   1.7439460e-02   3.0000000e-02   1.0000000e-09
   5.0000000e+02   1.4000000e+02   2.2724680e-02   3.0000000e-02   1.0000000e-09
   5.0000000e+02   1.4000000e+02   4.0000000e-02   3.0000000e-02   1.0000000e-09
   5.0000000e+02   1.4000000e+02   1.7436100e-02   3.0000000e-02   1.0000000e-09
   5.0000000e+02   1.4000000e+02   4.0000000e-02   3.0000000e-02   1.0000000e-09
   5.0000000e+02   1.4000000e+02   1.7434780e-02   3.0000000e-02   1.0000000e-09
   5.0000000e+02   1.4000000e+02   4.0000000e-02   3.0000000e-02   1.0000000e-09
   5.0000000e+02   1.4000000e+02   1.7434660e-02   3.0000000e-02   1.0000000e-09
   5.0000000e+02   1.4000000e+02   4.0000000e-02   3.0000000e-02   1.0000000e-09
   5.0000000e+02   1.4000000e+02   1.7434840e-02   3.0000000e-02   1.0000000e-09
   5.0000000e+02   1.4000000e+02   4.0000000e-02   3.0000000e-02   1.0000000e-09
   5.0000000e+02   1.4000000e+02   1.7435020e-02   3.0000000e-02   1.0000000e-09
   5.0000000e+02   1.4000000e+02   4.0000000e-02   3.0000000e-02   1.0000000e-09
   5.0000000e+02   1.4000000e+02   1.7435140e-02   3.0000000e-02   1.0000000e-09
   5.0000000e+02   1.4000000e+02   4.0000000e-02   3.0000000e-02   1.0000000e-09
   5.0000000e+02   1.4000000e+02   1.7435140e-02   3.0000000e-02   1.0000000e-09
   5.0000000e+02   1.4000000e+02   4.0000000e-02   3.0000000e-02   1.0000000e-09
   5.0000000e+02   1.4000000e+02   1.7435140e-02   3.0000000e-02   1.0000000e-09
   5.0000000e+02   1.4000000e+02   4.0000000e-02   3.0000000e-02   1.0000000e-09
   5.0000000e+02   1.4000000e+02   1.7435140e-02   3.0000000e-02   1.0000000e-09
   5.0000000e+02   1.4000000e+02   4.0000000e-02   3.0000000e-02   1.0000000e-09
   5.0000000e+02   1.4000000e+02   1.7435140e-02   3.0000000e-02   1.0000000e-09
   5.0000000e+02   1.4000000e+02   4.0000000e-02   3.0000000e-02   1.0000000e-09
   5.0000000e+02   1.4000000e+02   1.7435140e-02   3.0000000e-02   1.0000000e-09
   5.0000000e+02   1.4000000e+02   4.0000000e-02   3.0000000e-02   1.0000000e-09
   5.0000000e+02   1.4000000e+02   1.7435140e-02   3.0000000e-02   1.0000000e-09
   5.0000000e+02   1.4000000e+02   4.0000000e-02   3.0000000e-02   1.0000000e-09
   5.0000000e+02   1.4000000e+02   1.7435140e-02   3.0000000e-02   1.0000000e-09
   5.0000000e+02   1.4000000e+02   4.0000000e-02   3.0000000e-02   1.0000000e-09
   5.0000000e+02   1.4000000e+02   1.7435140e-02   3.0000000e-02   1.0000000e-09
   5.0000000e+02   1.4000000e+02   4.0000000e-02   3.0000000e-02   1.0000000e-09
   5.0000000e+02   1.4000000e+02   1.7435140e-02   3.0000000e-02   1.0000000e-09
   5.0000000e+02   1.4000000e+02   4.0000000e-02   3.0000000e-02   1.0000000e-09
   5.0000000e+02   1.4000000e+02   1.7435140e-02   3.0000000e-02   1.0000000e-09
   5.0000000e+02   1.4000000e+02   4.0000000e-02   3.0000000e-02   1.0000000e-09
   5.0000000e+02   1.4000000e+02   1.7435140e-02   3.0000000e-02   1.0000000e-09
   5.0000000e+02   1.4000000e+02   4.0000000e-02   3.0000000e-02   1.0000000e-09
   5.0000000e+02   1.4000000e+02   1.7435140e-02   3.0000000e-02   1.0000000e-09
   5.0000000e+02   1.4000000e+02   4.0000000e-02   3.0000000e-02   1.0000000e-09
   5.0000000e+02   1.4000000e+02   1.7435140e-02   3.0000000e-02   1.0000000e-09
   5.0000000e+02   1.4000000e+02   4.0000000e-02   3.0000000e-02   1.0000000e-09
   5.0000000e+02   1.4000000e+02   1.7435140e-02   3.0000000e-02   1.0000000e-09
   5.0000000e+02   1.4000000e+02   4.0000000e-02   3.0000000e-02   1.0000000e-09
   5.0000000e+02   1.4000000e+02   1.7435140e-02   3.0000000e-02   1.0000000e-09
   5.0000000e+02   1.4000000e+02   4.0000000e-02   3.0000000e-02   1.0000000e-09
   5.0000000e+02   1.4000000e+02   1.7435140e-02   3.0000000e-02   1.0000000e-09
   5.0000000e+02   1.4000000e+02   4.0000000e-02   3.0000000e-02   1.0000000e-09
   5.0000000e+02   1.4000000e+02   1.7435140e-02   3.0000000e-02   1.0000000e-09
   5.0000000e+02   1.4000000e+02   4.0000000e-02   3.0000000e-02   1.0000000e-09
   5.0000000e+02   1.4000000e+02   1.7435140e-02   3.0000000e-02   1.0000000e-09
   5.0000000e+02   1.4000000e+02   4.0000000e-02   3.0000000e-02   1.0000000e-09
   5.0000000e+02   1.4000000e+02   1.7435140e-02   3.0000000e-02   1.0000000e-09
   5.0000000e+02   1.4000000e+02   4.0000000e-02   3.0000000e-02   1.0000000e-09
   5.0000000e+02   1.4000000e+02   1.7435140e-02   3.0000000e-02   1.0000000e-09
   5.0000000e+02   1.4000000e+02   4.0000000e-02   3.0000000e-02   1.0000000e-09
   5.0000000e+02   1.4000000e+02   1.7435140e-02   3.0000000e-02   1.0000000e-09
   5.0000000e+02   1.4000000e+02   4.0000000e-02   3.0000000e-02   1.0000000e-09
   5.0000000e+02   1.4000000e+02   1.7435140e-02   3.0000000e-02   1.0000000e-09
   5.0000000e+02   1.4000000e+02   4.0000000e-02   3.0000000e-02   1.0000000e-09
   5.0000000e+02   1.4000000e+02   1.7435140e-02   3.0000000e-02   1.0000000e-09
   5.0000000e+02   1.4000000e+02   4.0000000e-02   3.0000000e-02   1.0000000e-09
   5.0000000e+02   1.4000000e+02   1.7435140e-02   3.0000000e-02   1.0000000e-09
   5.0000000e+02   1.4000000e+02   4.0000000e-02   3.0000000e-02   1.0000000e-09
   5.0000000e+02   1.4000000e+02   1.7435140e-02   3.0000000e-02   1.0000000e-09
   5.0000000e+02   1.4000000e+02   4.0000000e-02   3.0000000e-02   1.0000000e-09
   5.0000000e+02   1.4000000e+02   1.7435140e-02   3.0000000e-02   1.0000000e-09
   5.0000000e+02   1.4000000e+02   4.0000000e-02   3.0000000e-02   1.0000000e-09
   5.0000000e+02   1.4000000e+02   1.7435140e-02   3.0000000e-02   1.0000000e-09
   5.0000000e+02   1.4000000e+02   4.0000000e-02   3.0000000e-02   1.0000000e-09
   5.0000000e+02   1.4000000e+02   1.7435140e-02   3.0000000e-02   1.0000000e-09
   5.0000000e+02   1.4000000e+02   4.0000000e-02   3.0000000e-02   1.0000000e-09
   5.0000000e+02   1.4000000e+02   1.7435140e-02   3.0000000e-02   1.0000000e-09
   5.0000000e+02   1.4000000e+02   4.0000000e-02   3.0000000e-02   1.0000000e-09
   5.0000000e+02   1.4000000e+02   1.7435140e-02   3.0000000e-02   1.0000000e-09
   5.0000000e+02   1.4000000e+02   4.0000000e-02   3.0000000e-02   1.0000000e-09
   5.0000000e+02   1.4000000e+02   1.7435140e-02   3.0000000e-02   1.0000000e-09
   5.0000000e+02   1.4000000e+02   4.0000000e-02   3.0000000e-02   1.0000000e-09
   5.0000000e+02   1.4000000e+02   1.7435140e-02   3.0000000e-02   1.0000000e-09
   5.0000000e+02   1.4000000e+02   4.0000000e-02   3.0000000e-02   1.0000000e-09
   5.0000000e+02   1.4000000e+02   1.7435140e-02   3.0000000e-02   1.0000000e-09
   5.0000000e+02   1.4000000e+02   4.0000000e-02   3.0000000e-02   1.0000000e-09
   5.0000000e+02   1.4000000e+02   1.7435140e-02   3.0000000e-02   1.0000000e-09
   5.0000000e+02   1.4000000e+02   4.0000000e-02   3.0000000e-02   1.0000000e-09
   5.0000000e+02   1.4000000e+02   1.7435200e-02   3.0000000e-02   1.0000000e-09
   5.0000000e+02   1.4000000e+02   4.0000000e-02   3.0000000e-02   1.0000000e-09
   5.0000000e+02   1.4000000e+02   1.7435200e-02   3.0000000e-02   1.0000000e-09
   5.0000000e+02   1.4000000e+02   4.0000000e-02   3.0000000e-02   1.0000000e-09
   5.0000000e+02   1.4000000e+02   1.7435260e-02   3.0000000e-02   1.0000000e-09
   5.0000000e+02   1.4000000e+02   4.0000000e-02   3.0000000e-02   1.0000000e-09
   5.0000000e+02   1.4000000e+02   1.7435260e-02   3.0000000e-02   1.0000000e-09
   5.0000000e+02   1.4000000e+02   4.0000000e-02   3.0000000e-02   1.0000000e-09
   5.0000000e+02   1.4000000e+02   1.7435200e-02   3.0000000e-02   1.0000000e-09
   5.0000000e+02   1.4000000e+02   4.0000000e-02   3.0000000e-02   1.0000000e-09
   5.0000000e+02   1.4000000e+02   1.7434960e-02   3.0000000e-02   1.0000000e-09
   5.0000000e+02   1.4000000e+02   4.0000000e-02   3.0000000e-02   1.0000000e-09
   5.0000000e+02   1.4000000e+02   1.7434480e-02   3.0000000e-02   1.0000000e-09
   5.0000000e+02   1.4000000e+02   3.3310000e-02   3.0000000e-02   1.0000000e-09
   5.0000000e+02   1.4000000e+02   1.7433880e-02   3.0000000e-02   1.0000000e-09
   5.0000000e+02   1.4000000e+02   4.0000000e-02   3.0000000e-02   1.0000000e-09
   5.0000000e+02   1.4000000e+02   1.7433520e-02   3.0000000e-02   1.0000000e-09
   5.0000000e+02   1.4000000e+02   4.0000000e-02   3.0000000e-02   1.0000000e-09
   5.0000000e+02   1.4000000e+02   1.7433520e-02   3.0000000e-02   1.0000000e-09
   5.0000000e+02   1.4000000e+02   4.0000000e-02   3.0000000e-02   1.0000000e-09
   5.0000000e+02   1.4000000e+02   1.7432860e-02   3.0000000e-02   1.0000000e-09
   5.0000000e+02   1.4000000e+02   4.0000000e-02   3.0000000e-02   1.0000000e-09
   5.0000000e+02   1.4000000e+02   1.7482420e-02   3.0000000e-02   1.0000000e-09
   5.0000000e+02   1.4000000e+02   3.3674140e-02   3.0000000e-02   1.0000000e-09
   5.0000000e+02   1.4000000e+02   1.7683240e-02   3.0000000e-02   1.0000000e-09
   5.0000000e+02   1.4000000e+02   4.0000000e-02   3.0000000e-02   1.0000000e-09
   5.0000000e+02   1.4000000e+02   2.2712800e-02   3.0000000e-02   1.0000000e-09
   5.0000000e+02   1.4000000e+02   2.2387660e-02   3.0000000e-02   1.0000000e-09
   5.0000000e+02   1.4000000e+02   2.2846840e-02   3.0000000e-02   1.0000000e-09
   5.0000000e+02   1.4000000e+02   4.0000000e-02   3.0000000e-02   1.0000000e-09
   5.0000000e+02   1.4000000e+02   2.3121220e-02   3.0000000e-02   1.0000000e-09
   5.0000000e+02   1.4000000e+02   4.0000000e-02   3.0000000e-02   1.0000000e-09
   5.0000000e+02   1.4000000e+02   3.1611460e-02   3.0000000e-02   1.0000000e-09
   5.0000000e+02   1.4000000e+02   4.0000000e-02   3.0000000e-02   1.0000000e-09
   5.0000000e+02   1.4000000e+02   4.0000000e-02   3.0000000e-02   1.0000000e-09
   5.0000000e+02   1.4000000e+02   4.0000000e-02   3.0000000e-02   1.0000000e-09
   5.0000000e+02   1.4000000e+02   3.3956140e-02   3.0000000e-02   1.0000000e-09
   5.0000000e+02   1.4000000e+02   4.0000000e-02   3.0000000e-02   1.0000000e-09
   5.0000000e+02   1.4000000e+02   4.0000000e-02   3.0000000e-02   1.0000000e-09
   5.0000000e+02   1.4000000e+02   4.0000000e-02   3.0000000e-02   1.0000000e-09
   5.0000000e+02   1.4000000e+02   4.0000000e-02   3.0000000e-02   1.0000000e-09
   5.0000000e+02   1.4000000e+02   4.0000000e-02   3.0000000e-02   1.0000000e-09
   5.0000000e+02   1.4000000e+02   4.0000000e-02   3.0000000e-02   1.0000000e-09
   5.0000000e+02   1.4000000e+02   4.0000000e-02   3.0000000e-02   1.0000000e-09
   5.0000000e+02   1.4000000e+02   4.0000000e-02   3.0000000e-02   1.0000000e-09
   5.0000000e+02   1.4000000e+02   4.0000000e-02   3.0000000e-02   1.0000000e-09
   5.0000000e+02   1.4000000e+02   4.0000000e-02   3.0000000e-02   1.0000000e-09
   5.0000000e+02   1.4000000e+02   4.0000000e-02   3.0000000e-02   1.0000000e-09
   5.0000000e+02   1.4000000e+02   4.0000000e-02   3.0000000e-02   1.0000000e-09
   5.0000000e+02   1.4000000e+02   4.0000000e-02   3.0000000e-02   1.0000000e-09
   5.0000000e+02   1.4000000e+02   4.0000000e-02   3.0000000e-02   1.0000000e-09
   5.0000000e+02   1.4000000e+02   4.0000000e-02   3.0000000e-02   1.0000000e-09
   5.0000000e+02   1.4000000e+02   4.0000000e-02   3.0000000e-02   1.0000000e-09
   5.0000000e+02   1.4000000e+02   4.0000000e-02   3.0000000e-02   1.0000000e-09
   5.0000000e+02   1.4000000e+02   4.0000000e-02   3.0000000e-02   1.0000000e-09
   5.0000000e+02   1.4000000e+02   4.0000000e-02   3.0000000e-02   1.0000000e-09
   5.0000000e+02   1.4000000e+02   4.0000000e-02   3.0000000e-02   1.0000000e-09
   5.0000000e+02   1.4000000e+02   4.0000000e-02   3.0000000e-02   1.0000000e-09
   5.0000000e+02   1.4000000e+02   4.0000000e-02   3.0000000e-02   1.0000000e-09
   5.0000000e+02   1.4000000e+02   4.0000000e-02   3.0000000e-02   1.0000000e-09
   5.0000000e+02   1.4000000e+02   4.0000000e-02   3.0000000e-02   1.0000000e-09
   5.0000000e+02   1.4000000e+02   4.0000000e-02   3.0000000e-02   1.0000000e-09
   5.0000000e+02   1.4000000e+02   4.0000000e-02   3.0000000e-02   1.0000000e-09
   5.0000000e+02   1.4000000e+02   4.0000000e-02   3.0000000e-02   1.0000000e-09
   5.0000000e+02   1.4000000e+02   4.0000000e-02   3.0000000e-02   1.0000000e-09
   5.0000000e+02   1.4000000e+02   4.0000000e-02   3.0000000e-02   1.0000000e-09
   5.0000000e+02   1.4000000e+02   4.0000000e-02   3.0000000e-02   1.0000000e-09
   5.0000000e+02   1.4000000e+02   4.0000000e-02   3.0000000e-02   1.0000000e-09
   5.0000000e+02   1.4000000e+02   4.0000000e-02   3.0000000e-02   1.0000000e-09
   5.0000000e+02   1.4000000e+02   4.0000000e-02   3.0000000e-02   1.0000000e-09
   5.0000000e+02   1.4000000e+02   4.0000000e-02   3.0000000e-02   1.0000000e-09
   5.0000000e+02   1.4000000e+02   4.0000000e-02   3.0000000e-02   1.0000000e-09
   5.0000000e+02   1.4000000e+02   4.0000000e-02   3.0000000e-02   1.0000000e-09
   5.0000000e+02   1.4000000e+02   4.0000000e-02   3.0000000e-02   1.0000000e-09
   5.0000000e+02   1.4000000e+02   4.0000000e-02   3.0000000e-02   1.0000000e-09
   5.0000000e+02   1.4000000e+02   4.0000000e-02   3.0000000e-02   1.0000000e-09
   5.0000000e+02   1.4000000e+02   4.0000000e-02   3.0000000e-02   1.0000000e-09
   5.0000000e+02   1.4000000e+02   4.0000000e-02   3.0000000e-02   1.0000000e-09
   5.0000000e+02   1.4000000e+02   4.0000000e-02   3.0000000e-02   1.0000000e-09
   5.0000000e+02   1.4000000e+02   4.0000000e-02   3.0000000e-02   1.0000000e-09
   5.0000000e+02   1.4000000e+02   4.0000000e-02   3.0000000e-02   1.0000000e-09
   5.0000000e+02   1.4000000e+02   4.0000000e-02   3.0000000e-02   1.0000000e-09
   5.0000000e+02   1.4000000e+02   4.0000000e-02   3.0000000e-02   1.0000000e-09
   5.0000000e+02   1.4000000e+02   4.0000000e-02   3.0000000e-02   1.0000000e-09
   5.0000000e+02   1.4000000e+02   4.0000000e-02   3.0000000e-02   1.0000000e-09
   5.0000000e+02   1.4000000e+02   4.0000000e-02   3.0000000e-02   1.0000000e-09
   5.0000000e+02   1.4000000e+02   4.0000000e-02   3.0000000e-02   1.0000000e-09
   5.0000000e+02   1.4000000e+02   4.0000000e-02   3.0000000e-02   1.0000000e-09
   5.0000000e+02   1.4000000e+02   4.0000000e-02   3.0000000e-02   1.0000000e-09
   5.0000000e+02   1.4000000e+02   4.0000000e-02   3.0000000e-02   1.0000000e-09
   5.0000000e+02   1.4000000e+02   4.0000000e-02   3.0000000e-02   1.0000000e-09
   5.0000000e+02   1.4000000e+02   4.0000000e-02   3.0000000e-02   1.0000000e-09
   5.0000000e+02   1.4000000e+02   4.0000000e-02   3.0000000e-02   1.0000000e-09
   5.0000000e+02   1.4000000e+02   4.0000000e-02   3.0000000e-02   1.0000000e-09
   5.0000000e+02   1.4000000e+02   4.0000000e-02   3.0000000e-02   1.0000000e-09
   5.0000000e+02   1.4000000e+02   4.0000000e-02   3.0000000e-02   1.0000000e-09
   5.0000000e+02   1.4000000e+02   4.0000000e-02   3.0000000e-02   1.0000000e-09
   5.0000000e+02   1.4000000e+02   4.0000000e-02   3.0000000e-02   1.0000000e-09
   5.0000000e+02   1.4000000e+02   4.0000000e-02   3.0000000e-02   1.0000000e-09
   5.0000000e+02   1.4000000e+02   4.0000000e-02   3.0000000e-02   1.0000000e-09
   5.0000000e+02   1.4000000e+02   4.0000000e-02   3.0000000e-02   1.0000000e-09
   5.0000000e+02   1.4000000e+02   4.0000000e-02   3.0000000e-02   1.0000000e-09
   5.0000000e+02   1.4000000e+02   4.0000000e-02   3.0000000e-02   1.0000000e-09
   5.0000000e+02   1.4000000e+02   4.0000000e-02   3.0000000e-02   1.0000000e-09
   5.0000000e+02   1.4000000e+02   4.0000000e-02   3.0000000e-02   1.0000000e-09
   5.0000000e+02   1.4000000e+02   4.0000000e-02   3.0000000e-02   1.0000000e-09
   5.0000000e+02   1.4000000e+02   4.0000000e-02   3.0000000e-02   1.0000000e-09
   5.0000000e+02   1.4000000e+02   4.0000000e-02   3.0000000e-02   1.0000000e-09
   5.0000000e+02   1.4000000e+02   4.0000000e-02   3.0000000e-02   1.0000000e-09
   5.0000000e+02   1.4000000e+02   4.0000000e-02   3.0000000e-02   1.0000000e-09
   5.0000000e+02   1.4000000e+02   4.0000000e-02   3.0000000e-02   1.0000000e-09
   5.0000000e+02   1.4000000e+02   4.0000000e-02   3.0000000e-02   1.0000000e-09
   5.0000000e+02   1.4000000e+02   4.0000000e-02   3.0000000e-02   1.0000000e-09
   5.0000000e+02   1.4000000e+02   4.0000000e-02   3.0000000e-02   1.0000000e-09
   5.0000000e+02   1.4000000e+02   4.0000000e-02   3.0000000e-02   1.0000000e-09
   5.0000000e+02   1.4000000e+02   4.0000000e-02   3.0000000e-02   1.0000000e-09
   5.0000000e+02   1.4000000e+02   4.0000000e-02   3.0000000e-02   1.0000000e-09
   5.0000000e+02   1.4000000e+02   4.0000000e-02   3.0000000e-02   1.0000000e-09
   5.0000000e+02   1.4000000e+02   4.0000000e-02   3.0000000e-02   1.0000000e-09
   5.0000000e+02   1.4000000e+02   4.0000000e-02   3.0000000e-02   1.0000000e-09
   5.0000000e+02   1.4000000e+02   4.0000000e-02   3.0000000e-02   1.0000000e-09
   5.0000000e+02   1.4000000e+02   4.0000000e-02   3.0000000e-02   1.0000000e-09
   5.0000000e+02   1.4000000e+02   4.0000000e-02   3.0000000e-02   1.0000000e-09
   5.0000000e+02   1.4000000e+02   4.0000000e-02   3.0000000e-02   1.0000000e-09
   5.0000000e+02   1.4000000e+02   4.0000000e-02   3.0000000e-02   1.0000000e-09
   5.0000000e+02   1.4000000e+02   4.0000000e-02   3.0000000e-02   1.0000000e-09
   5.0000000e+02   1.4000000e+02   4.0000000e-02   3.0000000e-02   1.0000000e-09
   5.0000000e+02   1.4000000e+02   4.0000000e-02   3.0000000e-02   1.0000000e-09
   5.0000000e+02   1.4000000e+02   4.0000000e-02   3.0000000e-02   1.0000000e-09
   5.0000000e+02   1.4000000e+02   4.0000000e-02   3.0000000e-02   1.0000000e-09
   5.0000000e+02   1.4000000e+02   4.0000000e-02   3.0000000e-02   1.0000000e-09
   5.0000000e+02   1.4000000e+02   4.0000000e-02   3.0000000e-02   1.0000000e-09
   5.0000000e+02   1.4000000e+02   4.0000000e-02   3.0000000e-02   1.0000000e-09
   5.0000000e+02   1.4000000e+02   4.0000000e-02   3.0000000e-02   1.0000000e-09
   5.0000000e+02   1.4000000e+02   4.0000000e-02   3.0000000e-02   1.0000000e-09
   5.0000000e+02   1.4000000e+02   4.0000000e-02   3.0000000e-02   1.0000000e-09
   5.0000000e+02   1.4000000e+02   4.0000000e-02   3.0000000e-02   1.0000000e-09
   5.0000000e+02   1.4000000e+02   4.0000000e-02   3.0000000e-02   1.0000000e-09
   5.0000000e+02   1.4000000e+02   4.0000000e-02   3.0000000e-02   1.0000000e-09
   5.0000000e+02   1.4000000e+02   4.0000000e-02   3.0000000e-02   1.0000000e-09
   5.0000000e+02   1.4000000e+02   4.0000000e-02   3.0000000e-02   1.0000000e-09
   5.0000000e+02   1.4000000e+02   4.0000000e-02   3.0000000e-02   1.0000000e-09
   5.0000000e+02   1.4000000e+02   4.0000000e-02   3.0000000e-02   1.0000000e-09
   5.0000000e+02   1.4000000e+02   4.0000000e-02   3.0000000e-02   1.0000000e-09
   5.0000000e+02   1.4000000e+02   4.0000000e-02   3.0000000e-02   1.0000000e-09
   5.0000000e+02   1.4000000e+02   4.0000000e-02   3.0000000e-02   1.0000000e-09
   5.0000000e+02   1.4000000e+02   4.0000000e-02   3.0000000e-02   1.0000000e-09
   5.0000000e+02   1.4000000e+02   4.0000000e-02   3.0000000e-02   1.0000000e-09
   5.0000000e+02   1.4000000e+02   4.0000000e-02   3.0000000e-02   1.0000000e-09
   5.0000000e+02   1.4000000e+02   4.0000000e-02   3.0000000e-02   1.0000000e-09
   5.0000000e+02   1.4000000e+02   4.0000000e-02   3.0000000e-02   1.0000000e-09
   5.0000000e+02   1.4000000e+02   4.0000000e-02   3.0000000e-02   1.0000000e-09
   5.0000000e+02   1.4000000e+02   4.0000000e-02   3.0000000e-02   1.0000000e-09
   5.0000000e+02   1.4000000e+02   4.0000000e-02   3.0000000e-02   1.0000000e-09
   5.0000000e+02   1.4000000e+02   4.0000000e-02   3.0000000e-02   1.0000000e-09
   5.0000000e+02   1.4000000e+02   4.0000000e-02   3.0000000e-02   1.0000000e-09
   5.0000000e+02   1.4000000e+02   4.0000000e-02   3.0000000e-02   1.0000000e-09
   5.0000000e+02   1.4000000e+02   4.0000000e-02   3.0000000e-02   1.0000000e-09
   5.0000000e+02   1.4000000e+02   4.0000000e-02   3.0000000e-02   1.0000000e-09
   5.0000000e+02   1.4000000e+02   4.0000000e-02   3.0000000e-02   1.0000000e-09
   5.0000000e+02   1.4000000e+02   4.0000000e-02   3.0000000e-02   1.0000000e-09
   5.0000000e+02   1.4000000e+02   4.0000000e-02   3.0000000e-02   1.0000000e-09
   5.0000000e+02   1.4000000e+02   4.0000000e-02   3.0000000e-02   1.0000000e-09
   5.0000000e+02   1.4000000e+02   4.0000000e-02   3.0000000e-02   1.0000000e-09
   5.0000000e+02   1.4000000e+02   4.0000000e-02   3.0000000e-02   1.0000000e-09
   5.0000000e+02   1.4000000e+02   4.0000000e-02   3.0000000e-02   1.0000000e-09
   5.0000000e+02   1.4000000e+02   4.0000000e-02   3.0000000e-02   1.0000000e-09
   5.0000000e+02   1.4000000e+02   4.0000000e-02   3.0000000e-02   1.0000000e-09
   5.0000000e+02   1.4000000e+02   4.0000000e-02   3.0000000e-02   1.0000000e-09
   5.0000000e+02   1.4000000e+02   4.0000000e-02   3.0000000e-02   1.0000000e-09
   5.0000000e+02   1.4000000e+02   4.0000000e-02   3.0000000e-02   1.0000000e-09
   5.0000000e+02   1.4000000e+02   4.0000000e-02   3.0000000e-02   1.0000000e-09
   5.0000000e+02   1.4000000e+02   4.0000000e-02   3.0000000e-02   1.0000000e-09
   5.0000000e+02   1.4000000e+02   4.0000000e-02   3.0000000e-02   1.0000000e-09
   5.0000000e+02   1.4000000e+02   4.0000000e-02   3.0000000e-02   1.0000000e-09
   5.0000000e+02   1.4000000e+02   4.0000000e-02   3.0000000e-02   1.0000000e-09
   5.0000000e+02   1.4000000e+02   4.0000000e-02   3.0000000e-02   1.0000000e-09
   5.0000000e+02   1.4000000e+02   3.3772060e-02   3.0000000e-02   1.0000000e-09
   5.0000000e+02   1.4000000e+02   3.4005280e-02   3.0000000e-02   1.0000000e-09
   5.0000000e+02   1.4000000e+02   4.0000000e-02   3.0000000e-02   1.0000000e-09
   5.0000000e+02   1.4000000e+02   4.0000000e-02   3.0000000e-02   1.0000000e-09
   5.0000000e+02   1.4000000e+02   4.0000000e-02   3.0000000e-02   1.0000000e-09
   5.0000000e+02   1.4000000e+02   4.0000000e-02   3.0000000e-02   1.0000000e-09
   5.0000000e+02   1.4000000e+02   3.3479680e-02   3.0000000e-02   1.0000000e-09
   5.0000000e+02   1.4000000e+02   3.9006160e-02   3.0000000e-02   1.0000000e-09
   5.0000000e+02   1.4000000e+02   3.3413080e-02   3.0000000e-02   1.0000000e-09
   5.0000000e+02   1.4000000e+02   3.8870980e-02   3.0000000e-02   1.0000000e-09
   5.0000000e+02   1.4000000e+02   3.3375100e-02   3.0000000e-02   1.0000000e-09
   5.0000000e+02   1.4000000e+02   3.8800240e-02   3.0000000e-02   1.0000000e-09
   5.0000000e+02   1.4000000e+02   3.8755720e-02   3.0000000e-02   1.0000000e-09
   5.0000000e+02   1.4000000e+02   4.0000000e-02   3.0000000e-02   1.0000000e-09
   5.0000000e+02   1.4000000e+02   3.8727820e-02   3.0000000e-02   1.0000000e-09
   5.0000000e+02   1.4000000e+02   4.0000000e-02   3.0000000e-02   1.0000000e-09
   5.0000000e+02   1.4000000e+02   3.8709400e-02   3.0000000e-02   1.0000000e-09
   5.0000000e+02   1.4000000e+02   4.0000000e-02   3.0000000e-02   1.0000000e-09
   5.0000000e+02   1.4000000e+02   3.3321520e-02   3.0000000e-02   1.0000000e-09
   5.0000000e+02   1.4000000e+02   3.8697160e-02   3.0000000e-02   1.0000000e-09
   5.0000000e+02   1.4000000e+02   3.3318760e-02   3.0000000e-02   1.0000000e-09
   5.0000000e+02   1.4000000e+02   3.8689540e-02   3.0000000e-02   1.0000000e-09
   5.0000000e+02   1.4000000e+02   3.3317860e-02   3.0000000e-02   1.0000000e-09
   5.0000000e+02   1.4000000e+02   3.8685460e-02   3.0000000e-02   1.0000000e-09
   5.0000000e+02   1.4000000e+02   3.3317860e-02   3.0000000e-02   1.0000000e-09
   5.0000000e+02   1.4000000e+02   3.8683720e-02   3.0000000e-02   1.0000000e-09
   5.0000000e+02   1.4000000e+02   3.3318040e-02   3.0000000e-02   1.0000000e-09
   5.0000000e+02   1.4000000e+02   3.8683360e-02   3.0000000e-02   1.0000000e-09
   5.0000000e+02   1.4000000e+02   3.3318220e-02   3.0000000e-02   1.0000000e-09
   5.0000000e+02   1.4000000e+02   3.8683480e-02   3.0000000e-02   1.0000000e-09
   5.0000000e+02   1.4000000e+02   3.3318280e-02   3.0000000e-02   1.0000000e-09
   5.0000000e+02   1.4000000e+02   3.8683660e-02   3.0000000e-02   1.0000000e-09
   5.0000000e+02   1.4000000e+02   3.3318280e-02   3.0000000e-02   1.0000000e-09
   5.0000000e+02   1.4000000e+02   3.8683780e-02   3.0000000e-02   1.0000000e-09
   5.0000000e+02   1.4000000e+02   3.3318280e-02   3.0000000e-02   1.0000000e-09
   5.0000000e+02   1.4000000e+02   3.8683780e-02   3.0000000e-02   1.0000000e-09
   5.0000000e+02   1.4000000e+02   3.3318280e-02   3.0000000e-02   1.0000000e-09
   5.0000000e+02   1.4000000e+02   3.8683780e-02   3.0000000e-02   1.0000000e-09
   5.0000000e+02   1.4000000e+02   3.3318280e-02   3.0000000e-02   1.0000000e-09
   5.0000000e+02   1.4000000e+02   3.8683780e-02   3.0000000e-02   1.0000000e-09
   5.0000000e+02   1.4000000e+02   3.3318280e-02   3.0000000e-02   1.0000000e-09
   5.0000000e+02   1.4000000e+02   3.8683780e-02   3.0000000e-02   1.0000000e-09
   5.0000000e+02   1.4000000e+02   3.3318280e-02   3.0000000e-02   1.0000000e-09
   5.0000000e+02   1.4000000e+02   3.8683780e-02   3.0000000e-02   1.0000000e-09
   5.0000000e+02   1.4000000e+02   3.3318280e-02   3.0000000e-02   1.0000000e-09
   5.0000000e+02   1.4000000e+02   3.8683780e-02   3.0000000e-02   1.0000000e-09
   5.0000000e+02   1.4000000e+02   3.3318280e-02   3.0000000e-02   1.0000000e-09
   5.0000000e+02   1.4000000e+02   3.8683780e-02   3.0000000e-02   1.0000000e-09
   5.0000000e+02   1.4000000e+02   3.3318280e-02   3.0000000e-02   1.0000000e-09
   5.0000000e+02   1.4000000e+02   3.8683780e-02   3.0000000e-02   1.0000000e-09
   5.0000000e+02   1.4000000e+02   3.3318280e-02   3.0000000e-02   1.0000000e-09
   5.0000000e+02   1.4000000e+02   3.8683780e-02   3.0000000e-02   1.0000000e-09
   5.0000000e+02   1.4000000e+02   3.3318280e-02   3.0000000e-02   1.0000000e-09
   5.0000000e+02   1.4000000e+02   3.8683780e-02   3.0000000e-02   1.0000000e-09
   5.0000000e+02   1.4000000e+02   3.3318280e-02   3.0000000e-02   1.0000000e-09
   5.0000000e+02   1.4000000e+02   3.8683780e-02   3.0000000e-02   1.0000000e-09
   5.0000000e+02   1.4000000e+02   3.3318280e-02   3.0000000e-02   1.0000000e-09
   5.0000000e+02   1.4000000e+02   3.8683780e-02   3.0000000e-02   1.0000000e-09
   5.0000000e+02   1.4000000e+02   3.3318280e-02   3.0000000e-02   1.0000000e-09
   5.0000000e+02   1.4000000e+02   3.8683780e-02   3.0000000e-02   1.0000000e-09
   5.0000000e+02   1.4000000e+02   3.3318280e-02   3.0000000e-02   1.0000000e-09
   5.0000000e+02   1.4000000e+02   3.8683780e-02   3.0000000e-02   1.0000000e-09
   5.0000000e+02   1.4000000e+02   3.3318280e-02   3.0000000e-02   1.0000000e-09
   5.0000000e+02   1.4000000e+02   3.8683780e-02   3.0000000e-02   1.0000000e-09
   5.0000000e+02   1.4000000e+02   3.3318280e-02   3.0000000e-02   1.0000000e-09
   5.0000000e+02   1.4000000e+02   3.8683780e-02   3.0000000e-02   1.0000000e-09
   5.0000000e+02   1.4000000e+02   3.3318280e-02   3.0000000e-02   1.0000000e-09
   5.0000000e+02   1.4000000e+02   3.8683780e-02   3.0000000e-02   1.0000000e-09
   5.0000000e+02   1.4000000e+02   3.3318280e-02   3.0000000e-02   1.0000000e-09
   5.0000000e+02   1.4000000e+02   3.8683780e-02   3.0000000e-02   1.0000000e-09
   5.0000000e+02   1.4000000e+02   3.3318280e-02   3.0000000e-02   1.0000000e-09
   5.0000000e+02   1.4000000e+02   3.8683780e-02   3.0000000e-02   1.0000000e-09
   5.0000000e+02   1.4000000e+02   3.3318280e-02   3.0000000e-02   1.0000000e-09
   5.0000000e+02   1.4000000e+02   3.8683780e-02   3.0000000e-02   1.0000000e-09
   5.0000000e+02   1.4000000e+02   3.3318280e-02   3.0000000e-02   1.0000000e-09
   5.0000000e+02   1.4000000e+02   3.8683780e-02   3.0000000e-02   1.0000000e-09
   5.0000000e+02   1.4000000e+02   3.3318280e-02   3.0000000e-02   1.0000000e-09
   5.0000000e+02   1.4000000e+02   3.8683780e-02   3.0000000e-02   1.0000000e-09
   5.0000000e+02   1.4000000e+02   3.3318280e-02   3.0000000e-02   1.0000000e-09
   5.0000000e+02   1.4000000e+02   3.8683780e-02   3.0000000e-02   1.0000000e-09
   5.0000000e+02   1.4000000e+02   3.3318280e-02   3.0000000e-02   1.0000000e-09
   5.0000000e+02   1.4000000e+02   3.8683780e-02   3.0000000e-02   1.0000000e-09
   5.0000000e+02   1.4000000e+02   3.3318280e-02   3.0000000e-02   1.0000000e-09
   5.0000000e+02   1.4000000e+02   3.8683780e-02   3.0000000e-02   1.0000000e-09
   5.0000000e+02   1.4000000e+02   3.3318280e-02   3.0000000e-02   1.0000000e-09
   5.0000000e+02   1.4000000e+02   3.8683780e-02   3.0000000e-02   1.0000000e-09
   5.0000000e+02   1.4000000e+02   3.3318280e-02   3.0000000e-02   1.0000000e-09
   5.0000000e+02   1.4000000e+02   3.8683780e-02   3.0000000e-02   1.0000000e-09
   5.0000000e+02   1.4000000e+02   3.3318280e-02   3.0000000e-02   1.0000000e-09
   5.0000000e+02   1.4000000e+02   3.8683780e-02   3.0000000e-02   1.0000000e-09
   5.0000000e+02   1.4000000e+02   3.3318280e-02   3.0000000e-02   1.0000000e-09
   5.0000000e+02   1.4000000e+02   3.8683780e-02   3.0000000e-02   1.0000000e-09
   5.0000000e+02   1.4000000e+02   3.3318280e-02   3.0000000e-02   1.0000000e-09
   5.0000000e+02   1.4000000e+02   3.8683780e-02   3.0000000e-02   1.0000000e-09
   5.0000000e+02   1.4000000e+02   3.3318280e-02   3.0000000e-02   1.0000000e-09
   5.0000000e+02   1.4000000e+02   3.8683780e-02   3.0000000e-02   1.0000000e-09
   5.0000000e+02   1.4000000e+02   3.3318280e-02   3.0000000e-02   1.0000000e-09
   5.0000000e+02   1.4000000e+02   3.8683780e-02   3.0000000e-02   1.0000000e-09
   5.0000000e+02   1.4000000e+02   3.3318400e-02   3.0000000e-02   1.0000000e-09
   5.0000000e+02   1.4000000e+02   3.8683780e-02   3.0000000e-02   1.0000000e-09
   5.0000000e+02   1.4000000e+02   3.3318580e-02   3.0000000e-02   1.0000000e-09
   5.0000000e+02   1.4000000e+02   3.8683840e-02   3.0000000e-02   1.0000000e-09
   5.0000000e+02   1.4000000e+02   3.3318760e-02   3.0000000e-02   1.0000000e-09
   5.0000000e+02   1.4000000e+02   3.8684080e-02   3.0000000e-02   1.0000000e-09
   5.0000000e+02   1.4000000e+02   3.3318880e-02   3.0000000e-02   1.0000000e-09
   5.0000000e+02   1.4000000e+02   3.8684320e-02   3.0000000e-02   1.0000000e-09
   5.0000000e+02   1.4000000e+02   3.3318640e-02   3.0000000e-02   1.0000000e-09
   5.0000000e+02   1.4000000e+02   3.8684560e-02   3.0000000e-02   1.0000000e-09
   5.0000000e+02   1.4000000e+02   3.3317620e-02   3.0000000e-02   1.0000000e-09
   5.0000000e+02   1.4000000e+02   3.8684440e-02   3.0000000e-02   1.0000000e-09
   5.0000000e+02   1.4000000e+02   3.3315460e-02   3.0000000e-02   1.0000000e-09
   5.0000000e+02   1.4000000e+02   3.8683480e-02   3.0000000e-02   1.0000000e-09
   5.0000000e+02   1.4000000e+02   3.3312520e-02   3.0000000e-02   1.0000000e-09
   5.0000000e+02   1.4000000e+02   3.8681080e-02   3.0000000e-02   1.0000000e-09
   5.0000000e+02   1.4000000e+02   3.8677300e-02   3.0000000e-02   1.0000000e-09
   5.0000000e+02   1.4000000e+02   4.0000000e-02   3.0000000e-02   1.0000000e-09
   5.0000000e+02   1.4000000e+02   3.8673280e-02   3.0000000e-02   1.0000000e-09
   5.0000000e+02   1.4000000e+02   4.0000000e-02   3.0000000e-02   1.0000000e-09
   5.0000000e+02   1.4000000e+02   3.8670280e-02   3.0000000e-02   1.0000000e-09
   5.0000000e+02   1.4000000e+02   4.0000000e-02   3.0000000e-02   1.0000000e-09
   5.0000000e+02   1.4000000e+02   3.3326380e-02   3.0000000e-02   1.0000000e-09
   5.0000000e+02   1.4000000e+02   3.8665540e-02   3.0000000e-02   1.0000000e-09
   5.0000000e+02   1.4000000e+02   3.3447280e-02   3.0000000e-02   1.0000000e-09
   5.0000000e+02   1.4000000e+02   3.8660620e-02   3.0000000e-02   1.0000000e-09
   5.0000000e+02   1.4000000e+02   3.8696440e-02   3.0000000e-02   1.0000000e-09
   5.0000000e+02   1.4000000e+02   4.0000000e-02   3.0000000e-02   1.0000000e-09
   5.0000000e+02   1.4000000e+02   3.9579700e-02   3.0000000e-02   1.0000000e-09
   5.0000000e+02   1.4000000e+02   3.8836600e-02   3.0000000e-02   1.0000000e-09
   5.0000000e+02   1.4000000e+02   4.0000000e-02   3.0000000e-02   1.0000000e-09
   5.0000000e+02   1.4000000e+02   4.0000000e-02   3.0000000e-02   1.0000000e-09
   5.0000000e+02   1.4000000e+02   4.0000000e-02   3.0000000e-02   1.0000000e-09
   5.0000000e+02   1.4000000e+02   4.0000000e-02   3.0000000e-02   1.0000000e-09
   5.0000000e+02   1.4000000e+02   4.0000000e-02   3.0000000e-02   1.0000000e-09
   5.0000000e+02   1.4000000e+02   4.0000000e-02   3.0000000e-02   1.0000000e-09
   5.0000000e+02   1.4000000e+02   4.0000000e-02   3.0000000e-02   1.0000000e-09
   5.0000000e+02   1.4000000e+02   4.0000000e-02   3.0000000e-02   1.0000000e-09
   5.0000000e+02   1.4000000e+02   4.0000000e-02   3.0000000e-02   1.0000000e-09
   5.0000000e+02   1.4000000e+02   4.0000000e-02   3.0000000e-02   1.0000000e-09
   5.0000000e+02   1.4000000e+02   4.0000000e-02   3.0000000e-02   1.0000000e-09
   5.0000000e+02   1.4000000e+02   4.0000000e-02   3.0000000e-02   1.0000000e-09
   5.0000000e+02   1.4000000e+02   4.0000000e-02   3.0000000e-02   1.0000000e-09
   5.0000000e+02   1.4000000e+02   4.0000000e-02   3.0000000e-02   1.0000000e-09
   5.0000000e+02   1.4000000e+02   4.0000000e-02   3.0000000e-02   1.0000000e-09
   5.0000000e+02   1.4000000e+02   4.0000000e-02   3.0000000e-02   1.0000000e-09
   5.0000000e+02   1.4000000e+02   4.0000000e-02   3.0000000e-02   1.0000000e-09
   5.0000000e+02   1.4000000e+02   4.0000000e-02   3.0000000e-02   1.0000000e-09
   5.0000000e+02   1.4000000e+02   4.0000000e-02   3.0000000e-02   1.0000000e-09
   5.0000000e+02   1.4000000e+02   4.0000000e-02   3.0000000e-02   1.0000000e-09
   5.0000000e+02   1.4000000e+02   4.0000000e-02   3.0000000e-02   1.0000000e-09
   5.0000000e+02   1.4000000e+02   4.0000000e-02   3.0000000e-02   1.0000000e-09
   5.0000000e+02   1.4000000e+02   4.0000000e-02   3.0000000e-02   1.0000000e-09
   5.0000000e+02   1.4000000e+02   4.0000000e-02   3.0000000e-02   1.0000000e-09
   5.0000000e+02   1.4000000e+02   4.0000000e-02   3.0000000e-02   1.0000000e-09
   5.0000000e+02   1.4000000e+02   4.0000000e-02   3.0000000e-02   1.0000000e-09
   5.0000000e+02   1.4000000e+02   4.0000000e-02   3.0000000e-02   1.0000000e-09
   5.0000000e+02   1.4000000e+02   4.0000000e-02   3.0000000e-02   1.0000000e-09
   5.0000000e+02   1.4000000e+02   4.0000000e-02   3.0000000e-02   1.0000000e-09
   5.0000000e+02   1.4000000e+02   4.0000000e-02   3.0000000e-02   1.0000000e-09
   5.0000000e+02   1.4000000e+02   4.0000000e-02   3.0000000e-02   1.0000000e-09
   5.0000000e+02   1.4000000e+02   4.0000000e-02   3.0000000e-02   1.0000000e-09
   5.0000000e+02   1.4000000e+02   4.0000000e-02   3.0000000e-02   1.0000000e-09
   5.0000000e+02   1.4000000e+02   4.0000000e-02   3.0000000e-02   1.0000000e-09
   5.0000000e+02   1.4000000e+02   4.0000000e-02   3.0000000e-02   1.0000000e-09
   5.0000000e+02   1.4000000e+02   4.0000000e-02   3.0000000e-02   1.0000000e-09
   5.0000000e+02   1.4000000e+02   4.0000000e-02   3.0000000e-02   1.0000000e-09
   5.0000000e+02   1.4000000e+02   4.0000000e-02   3.0000000e-02   1.0000000e-09
   5.0000000e+02   1.4000000e+02   4.0000000e-02   3.0000000e-02   1.0000000e-09
   5.0000000e+02   1.4000000e+02   4.0000000e-02   3.0000000e-02   1.0000000e-09
   5.0000000e+02   1.4000000e+02   4.0000000e-02   3.0000000e-02   1.0000000e-09
   5.0000000e+02   1.4000000e+02   4.0000000e-02   3.0000000e-02   1.0000000e-09
   5.0000000e+02   1.4000000e+02   4.0000000e-02   3.0000000e-02   1.0000000e-09
   5.0000000e+02   1.4000000e+02   4.0000000e-02   3.0000000e-02   1.0000000e-09
   5.0000000e+02   1.4000000e+02   4.0000000e-02   3.0000000e-02   1.0000000e-09
   5.0000000e+02   1.4000000e+02   4.0000000e-02   3.0000000e-02   1.0000000e-09
   5.0000000e+02   1.4000000e+02   4.0000000e-02   3.0000000e-02   1.0000000e-09
   5.0000000e+02   1.4000000e+02   4.0000000e-02   3.0000000e-02   1.0000000e-09
   5.0000000e+02   1.4000000e+02   4.0000000e-02   3.0000000e-02   1.0000000e-09
   5.0000000e+02   1.4000000e+02   4.0000000e-02   3.0000000e-02   1.0000000e-09
   5.0000000e+02   1.4000000e+02   4.0000000e-02   3.0000000e-02   1.0000000e-09
   5.0000000e+02   1.4000000e+02   4.0000000e-02   3.0000000e-02   1.0000000e-09
   5.0000000e+02   1.4000000e+02   4.0000000e-02   3.0000000e-02   1.0000000e-09
   5.0000000e+02   1.4000000e+02   4.0000000e-02   3.0000000e-02   1.0000000e-09
   5.0000000e+02   1.4000000e+02   4.0000000e-02   3.0000000e-02   1.0000000e-09
   5.0000000e+02   1.4000000e+02   4.0000000e-02   3.0000000e-02   1.0000000e-09
   5.0000000e+02   1.4000000e+02   4.0000000e-02   3.0000000e-02   1.0000000e-09
   5.0000000e+02   1.4000000e+02   4.0000000e-02   3.0000000e-02   1.0000000e-09
   5.0000000e+02   1.4000000e+02   4.0000000e-02   3.0000000e-02   1.0000000e-09
   5.0000000e+02   1.4000000e+02   4.0000000e-02   3.0000000e-02   1.0000000e-09
   5.0000000e+02   1.4000000e+02   4.0000000e-02   3.0000000e-02   1.0000000e-09
   5.0000000e+02   1.4000000e+02   4.0000000e-02   3.0000000e-02   1.0000000e-09
   5.0000000e+02   1.4000000e+02   4.0000000e-02   3.0000000e-02   1.0000000e-09
   5.0000000e+02   1.4000000e+02   4.0000000e-02   3.0000000e-02   1.0000000e-09
   5.0000000e+02   1.4000000e+02   4.0000000e-02   3.0000000e-02   1.0000000e-09
   5.0000000e+02   1.4000000e+02   4.0000000e-02   3.0000000e-02   1.0000000e-09
   5.0000000e+02   1.4000000e+02   4.0000000e-02   3.0000000e-02   1.0000000e-09
   5.0000000e+02   1.4000000e+02   4.0000000e-02   3.0000000e-02   1.0000000e-09
   5.0000000e+02   1.4000000e+02   4.0000000e-02   3.0000000e-02   1.0000000e-09
   5.0000000e+02   1.4000000e+02   4.0000000e-02   3.0000000e-02   1.0000000e-09
   5.0000000e+02   1.4000000e+02   4.0000000e-02   3.0000000e-02   1.0000000e-09
   5.0000000e+02   1.4000000e+02   4.0000000e-02   3.0000000e-02   1.0000000e-09
   5.0000000e+02   1.4000000e+02   4.0000000e-02   3.0000000e-02   1.0000000e-09
   5.0000000e+02   1.4000000e+02   4.0000000e-02   3.0000000e-02   1.0000000e-09
   5.0000000e+02   1.4000000e+02   4.0000000e-02   3.0000000e-02   1.0000000e-09
   5.0000000e+02   1.4000000e+02   4.0000000e-02   3.0000000e-02   1.0000000e-09
   5.0000000e+02   1.4000000e+02   4.0000000e-02   3.0000000e-02   1.0000000e-09
   5.0000000e+02   1.4000000e+02   4.0000000e-02   3.0000000e-02   1.0000000e-09
   5.0000000e+02   1.4000000e+02   4.0000000e-02   3.0000000e-02   1.0000000e-09
   5.0000000e+02   1.4000000e+02   4.0000000e-02   3.0000000e-02   1.0000000e-09
   5.0000000e+02   1.4000000e+02   4.0000000e-02   3.0000000e-02   1.0000000e-09
   5.0000000e+02   1.4000000e+02   4.0000000e-02   3.0000000e-02   1.0000000e-09
   5.0000000e+02   1.4000000e+02   4.0000000e-02   3.0000000e-02   1.0000000e-09
   5.0000000e+02   1.4000000e+02   4.0000000e-02   3.0000000e-02   1.0000000e-09
   5.0000000e+02   1.4000000e+02   4.0000000e-02   3.0000000e-02   1.0000000e-09
   5.0000000e+02   1.4000000e+02   4.0000000e-02   3.0000000e-02   1.0000000e-09
   5.0000000e+02   1.4000000e+02   4.0000000e-02   3.0000000e-02   1.0000000e-09
   5.0000000e+02   1.4000000e+02   4.0000000e-02   3.0000000e-02   1.0000000e-09
   5.0000000e+02   1.4000000e+02   4.0000000e-02   3.0000000e-02   1.0000000e-09
   5.0000000e+02   1.4000000e+02   4.0000000e-02   3.0000000e-02   1.0000000e-09
   5.0000000e+02   1.4000000e+02   4.0000000e-02   3.0000000e-02   1.0000000e-09
   5.0000000e+02   1.4000000e+02   4.0000000e-02   3.0000000e-02   1.0000000e-09
   5.0000000e+02   1.4000000e+02   4.0000000e-02   3.0000000e-02   1.0000000e-09
   5.0000000e+02   1.4000000e+02   4.0000000e-02   3.0000000e-02   1.0000000e-09
   5.0000000e+02   1.4000000e+02   4.0000000e-02   3.0000000e-02   1.0000000e-09
   5.0000000e+02   1.4000000e+02   4.0000000e-02   3.0000000e-02   1.0000000e-09
   5.0000000e+02   1.4000000e+02   4.0000000e-02   3.0000000e-02   1.0000000e-09
   5.0000000e+02   1.4000000e+02   4.0000000e-02   3.0000000e-02   1.0000000e-09
   5.0000000e+02   1.4000000e+02   4.0000000e-02   3.0000000e-02   1.0000000e-09
   5.0000000e+02   1.4000000e+02   4.0000000e-02   3.0000000e-02   1.0000000e-09
   5.0000000e+02   1.4000000e+02   4.0000000e-02   3.0000000e-02   1.0000000e-09
   5.0000000e+02   1.4000000e+02   4.0000000e-02   3.0000000e-02   1.0000000e-09
   5.0000000e+02   1.4000000e+02   4.0000000e-02   3.0000000e-02   1.0000000e-09
   5.0000000e+02   1.4000000e+02   4.0000000e-02   3.0000000e-02   1.0000000e-09
   5.0000000e+02   1.4000000e+02   4.0000000e-02   3.0000000e-02   1.0000000e-09
   5.0000000e+02   1.4000000e+02   4.0000000e-02   3.0000000e-02   1.0000000e-09
   5.0000000e+02   1.4000000e+02   4.0000000e-02   3.0000000e-02   1.0000000e-09
   5.0000000e+02   1.4000000e+02   4.0000000e-02   3.0000000e-02   1.0000000e-09
   5.0000000e+02   1.4000000e+02   4.0000000e-02   3.0000000e-02   1.0000000e-09
   5.0000000e+02   1.4000000e+02   4.0000000e-02   3.0000000e-02   1.0000000e-09
   5.0000000e+02   1.4000000e+02   4.0000000e-02   3.0000000e-02   1.0000000e-09
   5.0000000e+02   1.4000000e+02   4.0000000e-02   3.0000000e-02   1.0000000e-09
   5.0000000e+02   1.4000000e+02   4.0000000e-02   3.0000000e-02   1.0000000e-09
   5.0000000e+02   1.4000000e+02   4.0000000e-02   3.0000000e-02   1.0000000e-09
   5.0000000e+02   1.4000000e+02   4.0000000e-02   3.0000000e-02   1.0000000e-09
   5.0000000e+02   1.4000000e+02   4.0000000e-02   3.0000000e-02   1.0000000e-09
   5.0000000e+02   1.4000000e+02   4.0000000e-02   3.0000000e-02   1.0000000e-09
   5.0000000e+02   1.4000000e+02   4.0000000e-02   3.0000000e-02   1.0000000e-09
   5.0000000e+02   1.4000000e+02   4.0000000e-02   3.0000000e-02   1.0000000e-09
   5.0000000e+02   1.4000000e+02   4.0000000e-02   3.0000000e-02   1.0000000e-09
   5.0000000e+02   1.4000000e+02   4.0000000e-02   3.0000000e-02   1.0000000e-09
   5.0000000e+02   1.4000000e+02   4.0000000e-02   3.0000000e-02   1.0000000e-09
   5.0000000e+02   1.4000000e+02   4.0000000e-02   3.0000000e-02   1.0000000e-09
   5.0000000e+02   1.4000000e+02   4.0000000e-02   3.0000000e-02   1.0000000e-09
   5.0000000e+02   1.4000000e+02   4.0000000e-02   3.0000000e-02   1.0000000e-09
   5.0000000e+02   1.4000000e+02   4.0000000e-02   3.0000000e-02   1.0000000e-09
   5.0000000e+02   1.4000000e+02   4.0000000e-02   3.0000000e-02   1.0000000e-09
   5.0000000e+02   1.4000000e+02   4.0000000e-02   3.0000000e-02   1.0000000e-09
   5.0000000e+02   1.4000000e+02   4.0000000e-02   3.0000000e-02   1.0000000e-09
   5.0000000e+02   1.4000000e+02   4.0000000e-02   3.0000000e-02   1.0000000e-09
   5.0000000e+02   1.4000000e+02   4.0000000e-02   3.0000000e-02   1.0000000e-09
   5.0000000e+02   1.4000000e+02   4.0000000e-02   3.0000000e-02   1.0000000e-09
   5.0000000e+02   1.4000000e+02   4.0000000e-02   3.0000000e-02   1.0000000e-09
   5.0000000e+02   1.4000000e+02   4.0000000e-02   3.0000000e-02   1.0000000e-09
   5.0000000e+02   1.4000000e+02   4.0000000e-02   3.0000000e-02   1.0000000e-09
   5.0000000e+02   1.4000000e+02   4.0000000e-02   3.0000000e-02   1.0000000e-09
   5.0000000e+02   1.4000000e+02   4.0000000e-02   3.0000000e-02   1.0000000e-09
   5.0000000e+02   1.4000000e+02   4.0000000e-02   3.0000000e-02   1.0000000e-09
   5.0000000e+02   1.4000000e+02   4.0000000e-02   3.0000000e-02   1.0000000e-09
   5.0000000e+02   1.4000000e+02   4.0000000e-02   3.0000000e-02   1.0000000e-09
   5.0000000e+02   1.4000000e+02   4.0000000e-02   3.0000000e-02   1.0000000e-09
   5.0000000e+02   1.4000000e+02   4.0000000e-02   3.0000000e-02   1.0000000e-09
   5.0000000e+02   1.4000000e+02   4.0000000e-02   3.0000000e-02   1.0000000e-09
   5.0000000e+02   1.4000000e+02   4.0000000e-02   3.0000000e-02   1.0000000e-09
   5.0000000e+02   1.4000000e+02   4.0000000e-02   3.0000000e-02   1.0000000e-09
   5.0000000e+02   1.4000000e+02   4.0000000e-02   3.0000000e-02   1.0000000e-09
   5.0000000e+02   1.4000000e+02   4.0000000e-02   3.0000000e-02   1.0000000e-09
   5.0000000e+02   1.4000000e+02   4.0000000e-02   3.0000000e-02   1.0000000e-09
   5.0000000e+02   1.4000000e+02   4.0000000e-02   3.0000000e-02   1.0000000e-09
   5.0000000e+02   1.4000000e+02   4.0000000e-02   3.0000000e-02   1.0000000e-09
   5.0000000e+02   1.4000000e+02   4.0000000e-02   3.0000000e-02   1.0000000e-09
   5.0000000e+02   1.4000000e+02   4.0000000e-02   3.0000000e-02   1.0000000e-09
   5.0000000e+02   1.4000000e+02   4.0000000e-02   3.0000000e-02   1.0000000e-09
   5.0000000e+02   1.4000000e+02   4.0000000e-02   3.0000000e-02   1.0000000e-09
   5.0000000e+02   1.4000000e+02   4.0000000e-02   3.0000000e-02   1.0000000e-09
   5.0000000e+02   1.4000000e+02   4.0000000e-02   3.0000000e-02   1.0000000e-09
   5.0000000e+02   1.4000000e+02   4.0000000e-02   3.0000000e-02   1.0000000e-09
   5.0000000e+02   1.4000000e+02   4.0000000e-02   3.0000000e-02   1.0000000e-09
   5.0000000e+02   1.4000000e+02   4.0000000e-02   3.0000000e-02   1.0000000e-09
   5.0000000e+02   1.4000000e+02   4.0000000e-02   3.0000000e-02   1.0000000e-09
   5.0000000e+02   1.4000000e+02   4.0000000e-02   3.0000000e-02   1.0000000e-09
   5.0000000e+02   1.4000000e+02   4.0000000e-02   3.0000000e-02   1.0000000e-09
   5.0000000e+02   1.4000000e+02   4.0000000e-02   3.0000000e-02   1.0000000e-09
   5.0000000e+02   1.4000000e+02   4.0000000e-02   3.0000000e-02   1.0000000e-09
   5.0000000e+02   1.4000000e+02   4.0000000e-02   3.0000000e-02   1.0000000e-09
   5.0000000e+02   1.4000000e+02   4.0000000e-02   3.0000000e-02   1.0000000e-09
   5.0000000e+02   1.4000000e+02   4.0000000e-02   3.0000000e-02   1.0000000e-09
   5.0000000e+02   1.4000000e+02   4.0000000e-02   3.0000000e-02   1.0000000e-09
   5.0000000e+02   1.4000000e+02   4.0000000e-02   3.0000000e-02   1.0000000e-09
   5.0000000e+02   1.4000000e+02   4.0000000e-02   3.0000000e-02   1.0000000e-09
   5.0000000e+02   1.4000000e+02   4.0000000e-02   3.0000000e-02   1.0000000e-09
   5.0000000e+02   1.4000000e+02   4.0000000e-02   3.0000000e-02   1.0000000e-09
   5.0000000e+02   1.4000000e+02   4.0000000e-02   3.0000000e-02   1.0000000e-09
   5.0000000e+02   1.4000000e+02   4.0000000e-02   3.0000000e-02   1.0000000e-09
   5.0000000e+02   1.4000000e+02   4.0000000e-02   3.0000000e-02   1.0000000e-09
   5.0000000e+02   1.4000000e+02   4.0000000e-02   3.0000000e-02   1.0000000e-09
   5.0000000e+02   1.4000000e+02   4.0000000e-02   3.0000000e-02   1.0000000e-09
   5.0000000e+02   1.4000000e+02   4.0000000e-02   3.0000000e-02   1.0000000e-09
   5.0000000e+02   1.4000000e+02   4.0000000e-02   3.0000000e-02   1.0000000e-09
   5.0000000e+02   1.4000000e+02   4.0000000e-02   3.0000000e-02   1.0000000e-09
   5.0000000e+02   1.4000000e+02   4.0000000e-02   3.0000000e-02   1.0000000e-09
   5.0000000e+02   1.4000000e+02   4.0000000e-02   3.0000000e-02   1.0000000e-09
   5.0000000e+02   1.4000000e+02   4.0000000e-02   3.0000000e-02   1.0000000e-09
   5.0000000e+02   1.4000000e+02   4.0000000e-02   3.0000000e-02   1.0000000e-09
   5.0000000e+02   1.4000000e+02   4.0000000e-02   3.0000000e-02   1.0000000e-09
   5.0000000e+02   1.4000000e+02   4.0000000e-02   3.0000000e-02   1.0000000e-09
   5.0000000e+02   1.4000000e+02   4.0000000e-02   3.0000000e-02   1.0000000e-09
   5.0000000e+02   1.4000000e+02   4.0000000e-02   3.0000000e-02   1.0000000e-09
   5.0000000e+02   1.4000000e+02   4.0000000e-02   3.0000000e-02   1.0000000e-09
   5.0000000e+02   1.4000000e+02   4.0000000e-02   3.0000000e-02   1.0000000e-09
   5.0000000e+02   1.4000000e+02   4.0000000e-02   3.0000000e-02   1.0000000e-09
   5.0000000e+02   1.4000000e+02   4.0000000e-02   3.0000000e-02   1.0000000e-09
   5.0000000e+02   1.4000000e+02   4.0000000e-02   3.0000000e-02   1.0000000e-09
   5.0000000e+02   1.4000000e+02   4.0000000e-02   3.0000000e-02   1.0000000e-09
   5.0000000e+02   1.4000000e+02   4.0000000e-02   3.0000000e-02   1.0000000e-09
   5.0000000e+02   1.4000000e+02   4.0000000e-02   3.0000000e-02   1.0000000e-09
   5.0000000e+02   1.4000000e+02   4.0000000e-02   3.0000000e-02   1.0000000e-09
   5.0000000e+02   1.4000000e+02   4.0000000e-02   3.0000000e-02   1.0000000e-09
   5.0000000e+02   1.4000000e+02   4.0000000e-02   3.0000000e-02   1.0000000e-09
   5.0000000e+02   1.4000000e+02   4.0000000e-02   3.0000000e-02   1.0000000e-09
   5.0000000e+02   1.4000000e+02   4.0000000e-02   3.0000000e-02   1.0000000e-09
   5.0000000e+02   1.4000000e+02   4.0000000e-02   3.0000000e-02   1.0000000e-09
   5.0000000e+02   1.4000000e+02   4.0000000e-02   3.0000000e-02   1.0000000e-09
   5.0000000e+02   1.4000000e+02   4.0000000e-02   3.0000000e-02   1.0000000e-09
   5.0000000e+02   1.4000000e+02   4.0000000e-02   3.0000000e-02   1.0000000e-09
   5.0000000e+02   1.4000000e+02   4.0000000e-02   3.0000000e-02   1.0000000e-09
   5.0000000e+02   1.4000000e+02   4.0000000e-02   3.0000000e-02   1.0000000e-09
   5.0000000e+02   1.4000000e+02   4.0000000e-02   3.0000000e-02   1.0000000e-09
   5.0000000e+02   1.4000000e+02   4.0000000e-02   3.0000000e-02   1.0000000e-09
   5.0000000e+02   1.4000000e+02   4.0000000e-02   3.0000000e-02   1.0000000e-09
   5.0000000e+02   1.4000000e+02   4.0000000e-02   3.0000000e-02   1.0000000e-09
   5.0000000e+02   1.4000000e+02   4.0000000e-02   3.0000000e-02   1.0000000e-09
   5.0000000e+02   1.4000000e+02   4.0000000e-02   3.0000000e-02   1.0000000e-09
   5.0000000e+02   1.4000000e+02   4.0000000e-02   3.0000000e-02   1.0000000e-09
   5.0000000e+02   1.4000000e+02   4.0000000e-02   3.0000000e-02   1.0000000e-09
   5.0000000e+02   1.4000000e+02   4.0000000e-02   3.0000000e-02   1.0000000e-09
   5.0000000e+02   1.4000000e+02   4.0000000e-02   3.0000000e-02   1.0000000e-09
   5.0000000e+02   1.4000000e+02   4.0000000e-02   3.0000000e-02   1.0000000e-09
   5.0000000e+02   1.4000000e+02   4.0000000e-02   3.0000000e-02   1.0000000e-09
   5.0000000e+02   1.4000000e+02   4.0000000e-02   3.0000000e-02   1.0000000e-09
   5.0000000e+02   1.4000000e+02   4.0000000e-02   3.0000000e-02   1.0000000e-09
   5.0000000e+02   1.4000000e+02   4.0000000e-02   3.0000000e-02   1.0000000e-09
   5.0000000e+02   1.4000000e+02   4.0000000e-02   3.0000000e-02   1.0000000e-09
   5.0000000e+02   1.4000000e+02   4.0000000e-02   3.0000000e-02   1.0000000e-09
   5.0000000e+02   1.4000000e+02   4.0000000e-02   3.0000000e-02   1.0000000e-09
   5.0000000e+02   1.4000000e+02   4.0000000e-02   3.0000000e-02   1.0000000e-09
   5.0000000e+02   1.4000000e+02   4.0000000e-02   3.0000000e-02   1.0000000e-09
   5.0000000e+02   1.4000000e+02   4.0000000e-02   3.0000000e-02   1.0000000e-09
   5.0000000e+02   1.4000000e+02   4.0000000e-02   3.0000000e-02   1.0000000e-09
   5.0000000e+02   1.4000000e+02   4.0000000e-02   3.0000000e-02   1.0000000e-09
   5.0000000e+02   1.4000000e+02   4.0000000e-02   3.0000000e-02   1.0000000e-09
   5.0000000e+02   1.4000000e+02   4.0000000e-02   3.0000000e-02   1.0000000e-09
   5.0000000e+02   1.4000000e+02   4.0000000e-02   3.0000000e-02   1.0000000e-09
   5.0000000e+02   1.4000000e+02   4.0000000e-02   3.0000000e-02   1.0000000e-09
   5.0000000e+02   1.4000000e+02   4.0000000e-02   3.0000000e-02   1.0000000e-09
   5.0000000e+02   1.4000000e+02   4.0000000e-02   3.0000000e-02   1.0000000e-09
   5.0000000e+02   1.4000000e+02   4.0000000e-02   3.0000000e-02   1.0000000e-09
   5.0000000e+02   1.4000000e+02   4.0000000e-02   3.0000000e-02   1.0000000e-09
   5.0000000e+02   1.4000000e+02   4.0000000e-02   3.0000000e-02   1.0000000e-09
   5.0000000e+02   1.4000000e+02   4.0000000e-02   3.0000000e-02   1.0000000e-09
   5.0000000e+02   1.4000000e+02   4.0000000e-02   3.0000000e-02   1.0000000e-09
   5.0000000e+02   1.4000000e+02   4.0000000e-02   3.0000000e-02   1.0000000e-09
   5.0000000e+02   1.4000000e+02   4.0000000e-02   3.0000000e-02   1.0000000e-09
   5.0000000e+02   1.4000000e+02   4.0000000e-02   3.0000000e-02   1.0000000e-09
   5.0000000e+02   1.4000000e+02   4.0000000e-02   3.0000000e-02   1.0000000e-09
   5.0000000e+02   1.4000000e+02   4.0000000e-02   3.0000000e-02   1.0000000e-09
   5.0000000e+02   1.4000000e+02   4.0000000e-02   3.0000000e-02   1.0000000e-09
   5.0000000e+02   1.4000000e+02   4.0000000e-02   3.0000000e-02   1.0000000e-09
   5.0000000e+02   1.4000000e+02   4.0000000e-02   3.0000000e-02   1.0000000e-09
   5.0000000e+02   1.4000000e+02   4.0000000e-02   3.0000000e-02   1.0000000e-09
   5.0000000e+02   1.4000000e+02   4.0000000e-02   3.0000000e-02   1.0000000e-09
   5.0000000e+02   1.4000000e+02   4.0000000e-02   3.0000000e-02   1.0000000e-09
   5.0000000e+02   1.4000000e+02   4.0000000e-02   3.0000000e-02   1.0000000e-09
   5.0000000e+02   1.4000000e+02   4.0000000e-02   3.0000000e-02   1.0000000e-09
   5.0000000e+02   1.4000000e+02   4.0000000e-02   3.0000000e-02   1.0000000e-09
   5.0000000e+02   1.4000000e+02   4.0000000e-02   3.0000000e-02   1.0000000e-09
   5.0000000e+02   1.4000000e+02   4.0000000e-02   3.0000000e-02   1.0000000e-09
   5.0000000e+02   1.4000000e+02   4.0000000e-02   3.0000000e-02   1.0000000e-09
   5.0000000e+02   1.4000000e+02   4.0000000e-02   3.0000000e-02   1.0000000e-09
   5.0000000e+02   1.4000000e+02   4.0000000e-02   3.0000000e-02   1.0000000e-09
   5.0000000e+02   1.4000000e+02   4.0000000e-02   3.0000000e-02   1.0000000e-09
   5.0000000e+02   1.4000000e+02   4.0000000e-02   3.0000000e-02   1.0000000e-09
   5.0000000e+02   1.4000000e+02   4.0000000e-02   3.0000000e-02   1.0000000e-09
   5.0000000e+02   1.4000000e+02   4.0000000e-02   3.0000000e-02   1.0000000e-09
   5.0000000e+02   1.4000000e+02   4.0000000e-02   3.0000000e-02   1.0000000e-09
   5.0000000e+02   1.4000000e+02   4.0000000e-02   3.0000000e-02   1.0000000e-09
   5.0000000e+02   1.4000000e+02   4.0000000e-02   3.0000000e-02   1.0000000e-09
   5.0000000e+02   1.4000000e+02   4.0000000e-02   3.0000000e-02   1.0000000e-09
   5.0000000e+02   1.4000000e+02   4.0000000e-02   3.0000000e-02   1.0000000e-09
   5.0000000e+02   1.4000000e+02   4.0000000e-02   3.0000000e-02   1.0000000e-09
   5.0000000e+02   1.4000000e+02   4.0000000e-02   3.0000000e-02   1.0000000e-09
   5.0000000e+02   1.4000000e+02   4.0000000e-02   3.0000000e-02   1.0000000e-09
   5.0000000e+02   1.4000000e+02   4.0000000e-02   3.0000000e-02   1.0000000e-09
   5.0000000e+02   1.4000000e+02   4.0000000e-02   3.0000000e-02   1.0000000e-09
   5.0000000e+02   1.4000000e+02   4.0000000e-02   3.0000000e-02   1.0000000e-09
   5.0000000e+02   1.4000000e+02   4.0000000e-02   3.0000000e-02   1.0000000e-09
   5.0000000e+02   1.4000000e+02   4.0000000e-02   3.0000000e-02   1.0000000e-09
   5.0000000e+02   1.4000000e+02   4.0000000e-02   3.0000000e-02   1.0000000e-09
   5.0000000e+02   1.4000000e+02   4.0000000e-02   3.0000000e-02   1.0000000e-09
   5.0000000e+02   1.4000000e+02   4.0000000e-02   3.0000000e-02   1.0000000e-09
   5.0000000e+02   1.4000000e+02   4.0000000e-02   3.0000000e-02   1.0000000e-09
   5.0000000e+02   1.4000000e+02   4.0000000e-02   3.0000000e-02   1.0000000e-09
   5.0000000e+02   1.4000000e+02   4.0000000e-02   3.0000000e-02   1.0000000e-09
   5.0000000e+02   1.4000000e+02   4.0000000e-02   3.0000000e-02   1.0000000e-09
   5.0000000e+02   1.4000000e+02   4.0000000e-02   3.0000000e-02   1.0000000e-09
   5.0000000e+02   1.4000000e+02   4.0000000e-02   3.0000000e-02   1.0000000e-09
   5.0000000e+02   1.4000000e+02   4.0000000e-02   3.0000000e-02   1.0000000e-09
   5.0000000e+02   1.4000000e+02   4.0000000e-02   3.0000000e-02   1.0000000e-09
   5.0000000e+02   1.4000000e+02   4.0000000e-02   3.0000000e-02   1.0000000e-09
   5.0000000e+02   1.4000000e+02   4.0000000e-02   3.0000000e-02   1.0000000e-09
   5.0000000e+02   1.4000000e+02   4.0000000e-02   3.0000000e-02   1.0000000e-09
   5.0000000e+02   1.4000000e+02   4.0000000e-02   3.0000000e-02   1.0000000e-09
   5.0000000e+02   1.4000000e+02   4.0000000e-02   3.0000000e-02   1.0000000e-09
   5.0000000e+02   1.4000000e+02   4.0000000e-02   3.0000000e-02   1.0000000e-09
   5.0000000e+02   1.4000000e+02   4.0000000e-02   3.0000000e-02   1.0000000e-09
   5.0000000e+02   1.4000000e+02   4.0000000e-02   3.0000000e-02   1.0000000e-09
   5.0000000e+02   1.4000000e+02   4.0000000e-02   3.0000000e-02   1.0000000e-09
   5.0000000e+02   1.4000000e+02   4.0000000e-02   3.0000000e-02   1.0000000e-09
   5.0000000e+02   1.4000000e+02   4.0000000e-02   3.0000000e-02   1.0000000e-09
   5.0000000e+02   1.4000000e+02   4.0000000e-02   3.0000000e-02   1.0000000e-09
   5.0000000e+02   1.4000000e+02   4.0000000e-02   3.0000000e-02   1.0000000e-09
   5.0000000e+02   1.4000000e+02   4.0000000e-02   3.0000000e-02   1.0000000e-09
   5.0000000e+02   1.4000000e+02   4.0000000e-02   3.0000000e-02   1.0000000e-09
   5.0000000e+02   1.4000000e+02   4.0000000e-02   3.0000000e-02   1.0000000e-09
   5.0000000e+02   1.4000000e+02   4.0000000e-02   3.0000000e-02   1.0000000e-09
   5.0000000e+02   1.4000000e+02   4.0000000e-02   3.0000000e-02   1.0000000e-09
   5.0000000e+02   1.4000000e+02   4.0000000e-02   3.0000000e-02   1.0000000e-09
   5.0000000e+02   1.4000000e+02   4.0000000e-02   3.0000000e-02   1.0000000e-09
   5.0000000e+02   1.4000000e+02   4.0000000e-02   3.0000000e-02   1.0000000e-09
   5.0000000e+02   1.4000000e+02   4.0000000e-02   3.0000000e-02   1.0000000e-09
   5.0000000e+02   1.4000000e+02   4.0000000e-02   3.0000000e-02   1.0000000e-09
   5.0000000e+02   1.4000000e+02   4.0000000e-02   3.0000000e-02   1.0000000e-09
   5.0000000e+02   1.4000000e+02   4.0000000e-02   3.0000000e-02   1.0000000e-09
   5.0000000e+02   1.4000000e+02   4.0000000e-02   3.0000000e-02   1.0000000e-09
   5.0000000e+02   1.4000000e+02   4.0000000e-02   3.0000000e-02   1.0000000e-09
   5.0000000e+02   1.4000000e+02   4.0000000e-02   3.0000000e-02   1.0000000e-09
   5.0000000e+02   1.4000000e+02   4.0000000e-02   3.0000000e-02   1.0000000e-09
   5.0000000e+02   1.4000000e+02   4.0000000e-02   3.0000000e-02   1.0000000e-09
   5.0000000e+02   1.4000000e+02   4.0000000e-02   3.0000000e-02   1.0000000e-09
   5.0000000e+02   1.4000000e+02   4.0000000e-02   3.0000000e-02   1.0000000e-09
   5.0000000e+02   1.4000000e+02   4.0000000e-02   3.0000000e-02   1.0000000e-09
   5.0000000e+02   1.4000000e+02   4.0000000e-02   3.0000000e-02   1.0000000e-09
   5.0000000e+02   1.4000000e+02   4.0000000e-02   3.0000000e-02   1.0000000e-09
   5.0000000e+02   1.4000000e+02   4.0000000e-02   3.0000000e-02   1.0000000e-09
   5.0000000e+02   1.4000000e+02   4.0000000e-02   3.0000000e-02   1.0000000e-09
   5.0000000e+02   1.4000000e+02   4.0000000e-02   3.0000000e-02   1.0000000e-09
   5.0000000e+02   1.4000000e+02   4.0000000e-02   3.0000000e-02   1.0000000e-09
   5.0000000e+02   1.4000000e+02   4.0000000e-02   3.0000000e-02   1.0000000e-09
   5.0000000e+02   1.4000000e+02   4.0000000e-02   3.0000000e-02   1.0000000e-09
   5.0000000e+02   1.4000000e+02   4.0000000e-02   3.0000000e-02   1.0000000e-09
   5.0000000e+02   1.4000000e+02   4.0000000e-02   3.0000000e-02   1.0000000e-09
   5.0000000e+02   1.4000000e+02   4.0000000e-02   3.0000000e-02   1.0000000e-09
   5.0000000e+02   1.4000000e+02   4.0000000e-02   3.0000000e-02   1.0000000e-09
   5.0000000e+02   1.4000000e+02   4.0000000e-02   3.0000000e-02   1.0000000e-09
   5.0000000e+02   1.4000000e+02   4.0000000e-02   3.0000000e-02   1.0000000e-09
   5.0000000e+02   1.4000000e+02   4.0000000e-02   3.0000000e-02   1.0000000e-09
   5.0000000e+02   1.4000000e+02   4.0000000e-02   3.0000000e-02   1.0000000e-09
   5.0000000e+02   1.4000000e+02   4.0000000e-02   3.0000000e-02   1.0000000e-09
   5.0000000e+02   1.4000000e+02   4.0000000e-02   3.0000000e-02   1.0000000e-09
   5.0000000e+02   1.4000000e+02   4.0000000e-02   3.0000000e-02   1.0000000e-09
   5.0000000e+02   1.4000000e+02   4.0000000e-02   3.0000000e-02   1.0000000e-09
   5.0000000e+02   1.4000000e+02   4.0000000e-02   3.0000000e-02   1.0000000e-09
   5.0000000e+02   1.4000000e+02   4.0000000e-02   3.0000000e-02   1.0000000e-09
   5.0000000e+02   1.4000000e+02   4.0000000e-02   3.0000000e-02   1.0000000e-09
   5.0000000e+02   1.4000000e+02   4.0000000e-02   3.0000000e-02   1.0000000e-09
   5.0000000e+02   1.4000000e+02   4.0000000e-02   3.0000000e-02   1.0000000e-09
   5.0000000e+02   1.4000000e+02   4.0000000e-02   3.0000000e-02   1.0000000e-09
   5.0000000e+02   1.4000000e+02   4.0000000e-02   3.0000000e-02   1.0000000e-09
   5.0000000e+02   1.4000000e+02   4.0000000e-02   3.0000000e-02   1.0000000e-09
   5.0000000e+02   1.4000000e+02   4.0000000e-02   3.0000000e-02   1.0000000e-09
   5.0000000e+02   1.4000000e+02   4.0000000e-02   3.0000000e-02   1.0000000e-09
   5.0000000e+02   1.4000000e+02   4.0000000e-02   3.0000000e-02   1.0000000e-09
   5.0000000e+02   1.4000000e+02   4.0000000e-02   3.0000000e-02   1.0000000e-09
   5.0000000e+02   1.4000000e+02   4.0000000e-02   3.0000000e-02   1.0000000e-09
   5.0000000e+02   1.4000000e+02   4.0000000e-02   3.0000000e-02   1.0000000e-09
   5.0000000e+02   1.4000000e+02   4.0000000e-02   3.0000000e-02   1.0000000e-09
   5.0000000e+02   1.4000000e+02   4.0000000e-02   3.0000000e-02   1.0000000e-09
   5.0000000e+02   1.4000000e+02   4.0000000e-02   3.0000000e-02   1.0000000e-09
   5.0000000e+02   1.4000000e+02   4.0000000e-02   3.0000000e-02   1.0000000e-09
   5.0000000e+02   1.4000000e+02   4.0000000e-02   3.0000000e-02   1.0000000e-09
   5.0000000e+02   1.4000000e+02   4.0000000e-02   3.0000000e-02   1.0000000e-09
   5.0000000e+02   1.4000000e+02   4.0000000e-02   3.0000000e-02   1.0000000e-09
   5.0000000e+02   1.4000000e+02   4.0000000e-02   3.0000000e-02   1.0000000e-09
   5.0000000e+02   1.4000000e+02   4.0000000e-02   3.0000000e-02   1.0000000e-09
   5.0000000e+02   1.4000000e+02   4.0000000e-02   3.0000000e-02   1.0000000e-09
   5.0000000e+02   1.4000000e+02   4.0000000e-02   3.0000000e-02   1.0000000e-09
   5.0000000e+02   1.4000000e+02   4.0000000e-02   3.0000000e-02   1.0000000e-09
   5.0000000e+02   1.4000000e+02   4.0000000e-02   3.0000000e-02   1.0000000e-09
   5.0000000e+02   1.4000000e+02   4.0000000e-02   3.0000000e-02   1.0000000e-09
   5.0000000e+02   1.4000000e+02   4.0000000e-02   3.0000000e-02   1.0000000e-09
   5.0000000e+02   1.4000000e+02   4.0000000e-02   3.0000000e-02   1.0000000e-09
   5.0000000e+02   1.4000000e+02   4.0000000e-02   3.0000000e-02   1.0000000e-09
   5.0000000e+02   1.4000000e+02   4.0000000e-02   3.0000000e-02   1.0000000e-09
   5.0000000e+02   1.4000000e+02   4.0000000e-02   3.0000000e-02   1.0000000e-09
   5.0000000e+02   1.4000000e+02   4.0000000e-02   3.0000000e-02   1.0000000e-09
   5.0000000e+02   1.4000000e+02   4.0000000e-02   3.0000000e-02   1.0000000e-09
